topic,producer-hosts,producer-cn,consumer-hosts,consumer-cn,partitions,config,email,ms-id,compatibility
nice.prod.canonical.claims.claim-ambulance-encounter.v2,*,ebaas-mandr-nice-prod,*,beam-mandr,32,cleanup.policy=compact:delete.retention.ms=1209600000:max.compaction.lag.ms=86400000:compression.type=gzip,michael_cain@optum.com:steve.banks@optum.com,mcain13:sbanks34,FULL
nice.prod.canonical.claims.claim-ambulance-transactional.v2,*,ebaas-mandr-nice-prod,*:*,beam-mandr:ocg-covid-19,32,cleanup.policy=compact:delete.retention.ms=1209600000:max.compaction.lag.ms=86400000:compression.type=gzip,michael_cain@optum.com:steve.banks@optum.com,mcain13:sbanks34,FULL
nice.prod.canonical.claims.claim-other-payer-encounter.v2,*,ebaas-mandr-nice-prod,*,beam-mandr,64,cleanup.policy=compact:delete.retention.ms=1209600000:max.compaction.lag.ms=86400000:compression.type=gzip,michael_cain@optum.com:steve.banks@optum.com,mcain13:sbanks34,FULL
nice.prod.canonical.claims.claim-other-payer-transactional.v2,*,ebaas-mandr-nice-prod,*,beam-mandr,64,cleanup.policy=compact:delete.retention.ms=1209600000:max.compaction.lag.ms=86400000:compression.type=gzip,michael_cain@optum.com:steve.banks@optum.com,mcain13:sbanks34,FULL
nice.prod.canonical.claims.claim-pricing-encounter.v2,*,ebaas-mandr-nice-prod,*,beam-mandr,64,cleanup.policy=compact:delete.retention.ms=1209600000:max.compaction.lag.ms=86400000:compression.type=gzip,michael_cain@optum.com:steve.banks@optum.com,mcain13:sbanks34,FULL
nice.prod.canonical.claims.claim-service-line-encounter.v2,*,ebaas-mandr-nice-prod,*,beam-mandr,128,cleanup.policy=compact:delete.retention.ms=1209600000:max.compaction.lag.ms=86400000:compression.type=gzip,michael_cain@optum.com:steve.banks@optum.com,mcain13:sbanks34,FULL
nice.prod.canonical.claims.claim-service-line-transactional.v2,*,ebaas-mandr-nice-prod,*:*,beam-mandr:ocg-covid-19,128,cleanup.policy=compact:delete.retention.ms=1209600000:max.compaction.lag.ms=86400000:compression.type=gzip,michael_cain@optum.com:steve.banks@optum.com,mcain13:sbanks34,FULL
nice.prod.canonical.claims.claim-service-other-payer-encounter.v2,*,ebaas-mandr-nice-prod,*,beam-mandr,128,cleanup.policy=compact:delete.retention.ms=1209600000:max.compaction.lag.ms=86400000:compression.type=gzip,michael_cain@optum.com:steve.banks@optum.com,mcain13:sbanks34,FULL
nice.prod.canonical.claims.claim-service-other-payer-transactional.v2,*,ebaas-mandr-nice-prod,*,beam-mandr,128,cleanup.policy=compact:delete.retention.ms=1209600000:max.compaction.lag.ms=86400000:compression.type=gzip,michael_cain@optum.com:steve.banks@optum.com,mcain13:sbanks34,FULL
nice.prod.canonical.claims.claim-service-pricing-encounter.v2,*,ebaas-mandr-nice-prod,*,beam-mandr,128,cleanup.policy=compact:delete.retention.ms=1209600000:max.compaction.lag.ms=86400000:compression.type=gzip,michael_cain@optum.com:steve.banks@optum.com,mcain13:sbanks34,FULL
nice.prod.canonical.claims.claim-transaction-encounter.v2,*,ebaas-mandr-nice-prod,*,beam-mandr,128,cleanup.policy=compact:delete.retention.ms=1209600000:max.compaction.lag.ms=86400000:compression.type=gzip,michael_cain@optum.com:steve.banks@optum.com,mcain13:sbanks34,FULL
nice.prod.canonical.claims.claim-transaction-transactional.v2,*,ebaas-mandr-nice-prod,*:*,beam-mandr:ocg-covid-19,128,cleanup.policy=compact:delete.retention.ms=1209600000:max.compaction.lag.ms=86400000:compression.type=gzip,michael_cain@optum.com:steve.banks@optum.com,mcain13:sbanks34,FULL
nice.prod.canonical.claims.geocoded_address_key_combiner.v2,*,ebaas-mandr-nice-prod,*,beam-mandr,32,cleanup.policy=compact:delete.retention.ms=1209600000:max.compaction.lag.ms=86400000:compression.type=gzip,michael_cain@optum.com:steve.banks@optum.com,mcain13:sbanks34,FULL
nice.prod.canonical.claims.modified_provider_address.v2,*,ebaas-mandr-nice-prod,*:*,beam-mandr:ebaas-mandr-nice-prod,32,cleanup.policy=compact:delete.retention.ms=1209600000:max.compaction.lag.ms=86400000:compression.type=gzip,michael_cain@optum.com:steve.banks@optum.com,mcain13:sbanks34,FULL
nice.prod.canonical.claims.modified-provider-facility.v2,*,ebaas-mandr-nice-prod,*:*,beam-mandr:ebaas-mandr-nice-prod,32,cleanup.policy=compact:delete.retention.ms=1209600000::max.compaction.lag.ms=86400000:compression.type=gzip,michael_cain@optum.com:steve.banks@optum.com,mcain13:sbanks34,FULL
nice.prod.canonical.claims.modified_professional_service_header.v2,*,ebaas-mandr-nice-prod,*,beam-mandr,128,cleanup.policy=compact:delete.retention.ms=1209600000:max.compaction.lag.ms=86400000:compression.type=gzip,michael_cain@optum.com:steve.banks@optum.com,mcain13:sbanks34,FULL
nice.prod.canonical.claims.persist-only.v2,*,ebaas-mandr-nice-prod,*:*,beam-mandr:ebaas-mandr-nice-prod,1,cleanup.policy=compact:delete.retention.ms=1209600000:max.compaction.lag.ms=86400000:compression.type=gzip,michael_cain@optum.com:steve.banks@optum.com,mcain13:sbanks34,FULL
nice.prod.canonical.eligibility.provider-selection.v3,*,ebaas-mandr-nice-prod,*:*:*,beam-mandr:core-api-platform-loader-prod:ocg-covid-19,32,cleanup.policy=compact:delete.retention.ms=1209600000:max.compaction.lag.ms=86400000:compression.type=gzip,michael_cain@optum.com:steve.banks@optum.com:dave.reines@optum.com:kevin_schultz@optum.com:forrest.reinard@optum.com:pramod.putta@optum.com,mcain13:sbanks34:dreines:kschul16:freinard:pputta,FULL
nice.prod.canonical.eligibility.provider-selection.v3.topic3,*,ebaas-mandr-nice-prod,*:*:*,beam-mandr:core-api-platform-loader-prod:ocg-covid-19,32,cleanup.policy=compact:delete.retention.ms=1209600000:max.compaction.lag.ms=86400000:compression.type=gzip,michael_cain@optum.com:steve.banks@optum.com:dave.reines@optum.com:kevin_schultz@optum.com:forrest.reinard@optum.com:pramod.putta@optum.com,mcain13:sbanks34:dreines:kschul16:freinard:pputta,FULL
nice.prod.canonical.claims.service-adjudication-group-encounter.v2,*,ebaas-mandr-nice-prod,*,beam-mandr,64,cleanup.policy=compact:delete.retention.ms=1209600000:max.compaction.lag.ms=86400000:compression.type=gzip,michael_cain@optum.com:steve.banks@optum.com,mcain13:sbanks34,FULL
nice.prod.canonical.claims.service-ambulance-encounter.v2,*,ebaas-mandr-nice-prod,*,beam-mandr,32,cleanup.policy=compact:delete.retention.ms=1209600000:max.compaction.lag.ms=86400000:compression.type=gzip,michael_cain@optum.com:steve.banks@optum.com,mcain13:sbanks34,FULL
nice.prod.canonical.claims.service-ambulance-transactional.v2,*,ebaas-mandr-nice-prod,*:*,beam-mandr:ocg-covid-19,32,cleanup.policy=compact:delete.retention.ms=1209600000:max.compaction.lag.ms=86400000:compression.type=gzip,michael_cain@optum.com:steve.banks@optum.com,mcain13:sbanks34,FULL
nice.prod.canonical.claims.claim-ambulance-encounter.v2.topic2,*,ebaas-mandr-nice-prod,*:*,beam-mandr:core-api-platform-loader-prod,32,cleanup.policy=compact:delete.retention.ms=1209600000:max.compaction.lag.ms=86400000:compression.type=gzip,michael_cain@optum.com:steve.banks@optum.com,mcain13:sbanks34,FULL
nice.prod.canonical.claims.claim-ambulance-transactional.v2.topic2,*,ebaas-mandr-nice-prod,*:*:*,beam-mandr:ocg-covid-19:core-api-platform-loader-prod,32,cleanup.policy=compact:delete.retention.ms=1209600000:max.compaction.lag.ms=86400000:compression.type=gzip,michael_cain@optum.com:steve.banks@optum.com,mcain13:sbanks34,FULL
nice.prod.canonical.claims.claim-other-payer-encounter.v2.topic2,*,ebaas-mandr-nice-prod,*:*,beam-mandr:core-api-platform-loader-prod,64,cleanup.policy=compact:delete.retention.ms=1209600000:max.compaction.lag.ms=86400000:compression.type=gzip,michael_cain@optum.com:steve.banks@optum.com,mcain13:sbanks34,FULL
nice.prod.canonical.claims.claim-other-payer-transactional.v2.topic2,*,ebaas-mandr-nice-prod,*:*,beam-mandr:core-api-platform-loader-prod,64,cleanup.policy=compact:delete.retention.ms=1209600000:max.compaction.lag.ms=86400000:compression.type=gzip,michael_cain@optum.com:steve.banks@optum.com,mcain13:sbanks34,FULL
nice.prod.canonical.claims.claim-pricing-encounter.v2.topic2,*,ebaas-mandr-nice-prod,*:*,beam-mandr:core-api-platform-loader-prod,64,cleanup.policy=compact:delete.retention.ms=1209600000:max.compaction.lag.ms=86400000:compression.type=gzip,michael_cain@optum.com:steve.banks@optum.com,mcain13:sbanks34,FULL
nice.prod.canonical.claims.claim-service-line-encounter.v2.topic2,*,ebaas-mandr-nice-prod,*:*,beam-mandr:core-api-platform-loader-prod,128,cleanup.policy=compact:delete.retention.ms=1209600000:max.compaction.lag.ms=86400000:compression.type=gzip,michael_cain@optum.com:steve.banks@optum.com,mcain13:sbanks34,FULL
nice.prod.canonical.claims.claim-service-line-transactional.v2.topic2,*,ebaas-mandr-nice-prod,*:*:*,beam-mandr:ocg-covid-19:core-api-platform-loader-prod,128,cleanup.policy=compact:delete.retention.ms=1209600000:max.compaction.lag.ms=86400000:compression.type=gzip,michael_cain@optum.com:steve.banks@optum.com,mcain13:sbanks34,FULL
nice.prod.canonical.claims.claim-service-line-transactional.v2.topic2a,*,ebaas-mandr-nice-prod,*:*:*,beam-mandr:ocg-covid-19:core-api-platform-loader-prod,128,cleanup.policy=compact:delete.retention.ms=1209600000:max.compaction.lag.ms=86400000:compression.type=gzip,michael_cain@optum.com:steve.banks@optum.com,mcain13:sbanks34,FULL
nice.prod.canonical.claims.claim-service-other-payer-encounter.v2.topic2,*,ebaas-mandr-nice-prod,*:*,beam-mandr:core-api-platform-loader-prod,128,cleanup.policy=compact:delete.retention.ms=1209600000:max.compaction.lag.ms=86400000:compression.type=gzip,michael_cain@optum.com:steve.banks@optum.com,mcain13:sbanks34,FULL
nice.prod.canonical.claims.claim-service-other-payer-transactional.v2.topic2,*,ebaas-mandr-nice-prod,*:*,beam-mandr:core-api-platform-loader-prod,128,cleanup.policy=compact:delete.retention.ms=1209600000:max.compaction.lag.ms=86400000:compression.type=gzip,michael_cain@optum.com:steve.banks@optum.com,mcain13:sbanks34,FULL
nice.prod.canonical.claims.claim-service-pricing-encounter.v2.topic2,*,ebaas-mandr-nice-prod,*:*,beam-mandr:core-api-platform-loader-prod,128,cleanup.policy=compact:delete.retention.ms=1209600000:max.compaction.lag.ms=86400000:compression.type=gzip,michael_cain@optum.com:steve.banks@optum.com,mcain13:sbanks34,FULL
nice.prod.canonical.claims.claim-transaction-encounter.v2.topic2,*,ebaas-mandr-nice-prod,*:*,beam-mandr:core-api-platform-loader-prod,128,cleanup.policy=compact:delete.retention.ms=1209600000:max.compaction.lag.ms=86400000:compression.type=gzip,michael_cain@optum.com:steve.banks@optum.com,mcain13:sbanks34,FULL
nice.prod.canonical.claims.claim-transaction-transactional.v2.topic2,*,ebaas-mandr-nice-prod,*:*:*,beam-mandr:ocg-covid-19:core-api-platform-loader-prod,128,cleanup.policy=compact:delete.retention.ms=1209600000:max.compaction.lag.ms=86400000:compression.type=gzip,michael_cain@optum.com:steve.banks@optum.com,mcain13:sbanks34,FULL
nice.prod.canonical.claims.claim-transaction-standardized-attribute-encounter.v2.topic2,*,ebaas-mandr-nice-prod,*:*,beam-mandr:core-api-platform-loader-prod,32,cleanup.policy=compact:delete.retention.ms=1209600000:max.compaction.lag.ms=86400000:compression.type=gzip,michael_cain@optum.com:steve.banks@optum.com,mcain13:sbanks34,FULL
nice.prod.canonical.claims.claim-transaction-standardized-attribute-transactional.v2.topic2,*,ebaas-mandr-nice-prod,*:*,beam-mandr:core-api-platform-loader-prod,32,cleanup.policy=compact:delete.retention.ms=1209600000:max.compaction.lag.ms=86400000:compression.type=gzip,michael_cain@optum.com:steve.banks@optum.com,mcain13:sbanks34,FULL
nice.prod.canonical.claims.geocoded_address_key_combiner.v2.topic2,*,ebaas-mandr-nice-prod,*:*,beam-mandr:ebaas-mandr-nice-prod,32,cleanup.policy=compact:delete.retention.ms=1209600000:max.compaction.lag.ms=86400000:compression.type=gzip,michael_cain@optum.com:steve.banks@optum.com,mcain13:sbanks34,FULL
nice.prod.canonical.claims.modified_provider_address.v2.topic2,*,ebaas-mandr-nice-prod,*:*,beam-mandr:ebaas-mandr-nice-prod,32,cleanup.policy=compact:delete.retention.ms=1209600000:max.compaction.lag.ms=86400000:compression.type=gzip,michael_cain@optum.com:steve.banks@optum.com,mcain13:sbanks34,FULL
nice.prod.canonical.claims.modified-provider-facility.v2.topic2,*,ebaas-mandr-nice-prod,*:*,beam-mandr:ebaas-mandr-nice-prod,32,cleanup.policy=compact:delete.retention.ms=1209600000::max.compaction.lag.ms=86400000:compression.type=gzip,michael_cain@optum.com:steve.banks@optum.com,mcain13:sbanks34,FULL
nice.prod.canonical.claims.modified_professional_service_header.v2.topic2,*,ebaas-mandr-nice-prod,*:*,beam-mandr:ebaas-mandr-nice-prod,128,cleanup.policy=compact:delete.retention.ms=1209600000:max.compaction.lag.ms=86400000:compression.type=gzip,michael_cain@optum.com:steve.banks@optum.com,mcain13:sbanks34,FULL
nice.prod.canonical.claims.service-adjudication-group-encounter.v2.topic2,*,ebaas-mandr-nice-prod,*:*,beam-mandr:core-api-platform-loader-prod,64,cleanup.policy=compact:delete.retention.ms=1209600000:max.compaction.lag.ms=86400000:compression.type=gzip,michael_cain@optum.com:steve.banks@optum.com,mcain13:sbanks34,FULL
nice.prod.canonical.claims.service-ambulance-encounter.v2.topic2,*,ebaas-mandr-nice-prod,*:*,beam-mandr:core-api-platform-loader-prod,32,cleanup.policy=compact:delete.retention.ms=1209600000:max.compaction.lag.ms=86400000:compression.type=gzip,michael_cain@optum.com:steve.banks@optum.com,mcain13:sbanks34,FULL
nice.prod.canonical.claims.service-ambulance-transactional.v2.topic2,*,ebaas-mandr-nice-prod,*:*,beam-mandr:ocg-covid-19,32,cleanup.policy=compact:delete.retention.ms=1209600000:max.compaction.lag.ms=86400000:compression.type=gzip,michael_cain@optum.com:steve.banks@optum.com,mcain13:sbanks34,FULL
nice.prod.canonical.eligibility.provider-selection.v3.topic3a,*,ebaas-mandr-nice-prod,*:*:*:*,beam-mandr:core-api-platform-loader-prod:ocg-covid-19:ebaas-mandr-nice-prod,32,cleanup.policy=compact:delete.retention.ms=1209600000:max.compaction.lag.ms=86400000:compression.type=gzip,michael_cain@optum.com:steve.banks@optum.com:dave.reines@optum.com:kevin_schultz@optum.com:forrest.reinard@optum.com:pramod.putta@optum.com,mcain13:sbanks34:dreines:kschul16:freinard:pputta,FULL
nice.prod.canonical.claims.persist-only.v2.topic2,*,ebaas-mandr-nice-prod,*:*,beam-mandr:ebaas-mandr-nice-prod,1,cleanup.policy=compact:delete.retention.ms=1209600000:max.compaction.lag.ms=86400000:compression.type=gzip,michael_cain@optum.com:steve.banks@optum.com,mcain13:sbanks34,FULL
nice.prod.canonical.claims.consumer-role-permission,*,ebaas-mandr-nice-prod,*:*:*,beam-mandr:ebaas-mandr-nice-prod:core-api-platform-loader-prod,2,cleanup.policy=compact:delete.retention.ms=1209600000:max.compaction.lag.ms=86400000:compression.type=gzip,michael_cain@optum.com:steve.banks@optum.com,mcain13:sbanks34,FULL
nice.prod.canonical.claims.claim-transaction-standardized-attribute-encounter.v2.topic2b,*,ebaas-mandr-nice-prod,*:*,beam-mandr:core-api-platform-loader-prod,32,cleanup.policy=compact:delete.retention.ms=1209600000:max.compaction.lag.ms=86400000:compression.type=gzip,michael_cain@optum.com:steve.banks@optum.com:rakesh_patel@optum.com:ravi_perumalsamy@optum.com,mcain13:sbanks34:rpate14:rperum2,FULL
nice.prod.canonical.claims.claim-transaction-standardized-attribute-transactional.v2.topic2b,*,ebaas-mandr-nice-prod,*:*,beam-mandr:core-api-platform-loader-prod,32,cleanup.policy=compact:delete.retention.ms=1209600000:max.compaction.lag.ms=86400000:compression.type=gzip,michael_cain@optum.com:steve.banks@optum.com:rakesh_patel@optum.com:ravi_perumalsamy@optum.com,mcain13:sbanks34:rpate14:rperum2,FULL
