topic,producer-hosts,producer-cn,consumer-hosts,consumer-cn,partitions,config,email,ms-id,compatibility,aha-id
uhd-prod.canonical.claims.claim-other-payer.v2.03,*,ebaas-mandr-dentalfacets-prod,*,beam-mandr,100,cleanup.policy=compact:delete.retention.ms=1209600000:compression.type=gzip,steve.banks@optum.com:ketan_raghav@optum.com,sbanks34:kragha11,FULL,HCPFKAFKA-I-235
uhd-prod.canonical.claims.claim-transaction-status.v2.03,*,ebaas-mandr-dentalfacets-prod,*,beam-mandr,100,cleanup.policy=compact:delete.retention.ms=1209600000:compression.type=gzip,steve.banks@optum.com:ketan_raghav@optum.com,sbanks34:kragha11,FULL,HCPFKAFKA-I-235
uhd-prod.canonical.claims.claim-transaction.v2.03,*,ebaas-mandr-dentalfacets-prod,*,beam-mandr,100,cleanup.policy=compact:delete.retention.ms=1209600000:compression.type=gzip,steve.banks@optum.com:ketan_raghav@optum.com,sbanks34:kragha11,FULL,HCPFKAFKA-I-235
uhd-prod.canonical.eligibility.membership.v2,*,ebaas-mandr-dentalfacets-prod,*:*,beam-mandr:ebaas-mandr-dentalfacets-prod,100,cleanup.policy=compact:delete.retention.ms=1209600000:compression.type=gzip,steve.banks@optum.com:ketan_raghav@optum.com,sbanks34:kragha11,FULL,HCPFKAFKA-I-235
uhd-prod.canonical.claims.claim-accumulator.v2.03,*,ebaas-mandr-dentalfacets-prod,*,beam-mandr,100,cleanup.policy=compact:delete.retention.ms=1209600000:compression.type=gzip,steve.banks@optum.com:ketan_raghav@optum.com,sbanks34:kragha11,FULL,HCPFKAFKA-I-235
uhd-prod.canonical.claims.claim-service-line.v2.03,*,ebaas-mandr-dentalfacets-prod,*,beam-mandr,100,cleanup.policy=compact:delete.retention.ms=1209600000:compression.type=gzip,steve.banks@optum.com:ketan_raghav@optum.com,sbanks34:kragha11,FULL,HCPFKAFKA-I-235
uhd-prod.canonical.eligibility.source-individual.v2,*,ebaas-mandr-dentalfacets-prod,*:*,beam-mandr:ebaas-mandr-dentalfacets-prod,100,cleanup.policy=compact:delete.retention.ms=1209600000:compression.type=gzip,steve.banks@optum.com:ketan_raghav@optum.com,sbanks34:kragha11,FULL,HCPFKAFKA-I-235
uhd-prod.canonical.eligibility.eligibility.v3,*,ebaas-mandr-dentalfacets-prod,*,beam-mandr,100,cleanup.policy=compact:delete.retention.ms=1209600000:compression.type=gzip,steve.banks@optum.com:ketan_raghav@optum.com,sbanks34:kragha11,FULL,HCPFKAFKA-I-235
