topic,producer-hosts,producer-cn,consumer-hosts,consumer-cn,partitions,config,email,ms-id,compatibility,aha-id
kaas.prod.elr.obh-facets.pp.security.consumer-permission,*,beam-mandr,*:*,obh-facets-prod:core-api-platform-loader-prod,1,cleanup.policy=compact:delete.retention.ms=1209600000:compression.type=gzip,rajadurai.kaliyaperumal@optum.com:lakshya_manchanda@optum.com,rkaliy3:lmanchan,FULL,HCPFKAFKA-I-268
kaas.prod.elr.obh-facets.pp.canonical.claim-transaction-standard.v2.4,*,ebaas-mandr-ohbs-prod,*,beam-mandr,1,cleanup.policy=compact:delete.retention.ms=1209600000:compression.type=gzip,rajadurai.kaliyaperumal@optum.com:lakshya_manchanda@optum.com,rkaliy3:lmanchan,FULL,HCPFKAFKA-I-268
kaas.prod.elr.obh-facets.pp.canonical.claim-transaction.v2.03,*,ebaas-mandr-ohbs-prod,*:*,beam-mandr:core-api-platform-loader-prod,16,cleanup.policy=compact:delete.retention.ms=1209600000:compression.type=gzip,rajadurai.kaliyaperumal@optum.com:lakshya_manchanda@optum.com,rkaliy3:lmanchan,FULL,HCPFKAFKA-I-268
kaas.prod.elr.obh-facets.pp.canonical.claim-service-line.v2.03,*,ebaas-mandr-ohbs-prod,*:*,beam-mandr:core-api-platform-loader-prod,100,cleanup.policy=compact:delete.retention.ms=1209600000:compression.type=gzip,rajadurai.kaliyaperumal@optum.com:lakshya_manchanda@optum.com,rkaliy3:lmanchan,FULL,HCPFKAFKA-I-268
kaas.prod.elr.obh-facets.pp.canonical.claim-other-payer.v2.03,*,ebaas-mandr-ohbs-prod,*:*,beam-mandr:core-api-platform-loader-prod,1,cleanup.policy=compact:delete.retention.ms=1209600000:compression.type=gzip,rajadurai.kaliyaperumal@optum.com:lakshya_manchanda@optum.com,rkaliy3:lmanchan,FULL,HCPFKAFKA-I-268
kaas.prod.elr.obh-facets.pp.canonical.claim-service-other-payer.v2.03,*,ebaas-mandr-ohbs-prod,*:*,beam-mandr:core-api-platform-loader-prod,16,cleanup.policy=compact:delete.retention.ms=1209600000:compression.type=gzip,rajadurai.kaliyaperumal@optum.com:lakshya_manchanda@optum.com,rkaliy3:lmanchan,FULL,HCPFKAFKA-I-268
kaas.prod.elr.obh-facets.pp.canonical.claim-transaction-standardized-attribute.v2.04,*,ebaas-mandr-ohbs-prod,*:*,beam-mandr:core-api-platform-loader-prod,1,cleanup.policy=compact:delete.retention.ms=1209600000:compression.type=gzip,rajadurai.kaliyaperumal@optum.com:lakshya_manchanda@optum.com,rkaliy3:lmanchan,FULL,HCPFKAFKA-I-268