topic,producer_hosts,producer_cn,consumer_hosts,consumer_cn,partitions,config,email,ms-id,compatibility,aha-id
hcp.eyemanager.vts.member-eligblity,*:*,beam-vts:hcp-eyemanager-vts-prod-azure,*,hcp-eyemanager-vts-prod-azure,12,cleanup.policy=compact:delete.retention.ms=1209600000:max.compaction.lag.ms=86400000:compression.type=gzip,sathish.dhanasekar@uhc.com:adam.josephson@uhc.com,sdhanas2:ajosephs,FULL,HCPFKAFKA-I-235
hcp.eyemanager.vts.member-sourceindividual,*:*,beam-vts:hcp-eyemanager-vts-prod-azure,*,hcp-eyemanager-vts-prod-azure,12,cleanup.policy=compact:delete.retention.ms=1209600000:max.compaction.lag.ms=86400000:compression.type=gzip,sathish.dhanasekar@uhc.com:adam.josephson@uhc.com,sdhanas2:ajosephs,FULL,HCPFKAFKA-I-235
hcp.eyemanager.vts.member-enrollment,*:*,beam-vts:hcp-eyemanager-vts-prod-azure,*,hcp-eyemanager-vts-prod-azure,12,cleanup.policy=compact:delete.retention.ms=1209600000:max.compaction.lag.ms=86400000:compression.type=gzip,sathish.dhanasekar@uhc.com:adam.josephson@uhc.com,sdhanas2:ajosephs,FULL,HCPFKAFKA-I-235
hcp.eyemanager.vts.member-pcp,*:*,beam-vts:hcp-eyemanager-vts-prod-azure,*,hcp-eyemanager-vts-prod-azure,12,cleanup.policy=compact:delete.retention.ms=1209600000:max.compaction.lag.ms=86400000:compression.type=gzip,sathish.dhanasekar@uhc.com:adam.josephson@uhc.com,sdhanas2:ajosephs,FULL,HCPFKAFKA-I-235
hcp.eyemanager.vts.member-cob,*:*,beam-vts:hcp-eyemanager-vts-prod-azure,*,hcp-eyemanager-vts-prod-azure,12,cleanup.policy=compact:delete.retention.ms=1209600000:max.compaction.lag.ms=86400000:compression.type=gzip,sathish.dhanasekar@uhc.com:adam.josephson@uhc.com,sdhanas2:ajosephs,FULL,HCPFKAFKA-I-235
