topic,producer-hosts,producer-cn,consumer-hosts,consumer-cn,partitions,config,email,ms-id,compatibility
kaas.prod.ctc.kaasprod-ebass-cmc-topic,*,beam-mandr,*,core-api-platform-loader-prod,32,cleanup.policy=compact:delete.retention.ms=1209600000:compression.type=gzip,prashant_agarwal22@optum.com,pagarw33,FULL
kaas.prod.ctc.phaccent.canonical.claims.claim-other-payer,*,beam-mandr,*,core-api-platform-loader-prod,32,cleanup.policy=compact:delete.retention.ms=1209600000:compression.type=gzip,prashant_agarwal22@optum.com,pagarw33,FULL
kaas.prod.ctc.phaccent.canonical.claims.claim-transaction,*,beam-mandr,*,core-api-platform-loader-prod,32,cleanup.policy=compact:delete.retention.ms=1209600000:compression.type=gzip,prashant_agarwal22@optum.com,pagarw33,FULL
kaas.prod.ctc.phaccent.canonical.claims.claim-service-line,*,beam-mandr,*,core-api-platform-loader-prod,32,cleanup.policy=compact:delete.retention.ms=1209600000:compression.type=gzip,prashant_agarwal22@optum.com,pagarw33,FULL
kaas.prod.ctc.phaccent.canonical.claims.claim-service-other-payer,*,beam-mandr,*,core-api-platform-loader-prod,32,cleanup.policy=compact:delete.retention.ms=1209600000:compression.type=gzip,prashant_agarwal22@optum.com,pagarw33,FULL
kaas.prod.ctc.phaccent.canonical.claims.security.consumer-role-permission,*,beam-mandr,*,core-api-platform-loader-prod,32,cleanup.policy=compact:delete.retention.ms=1209600000:compression.type=gzip,prashant_agarwal22@optum.com,pagarw33,FULL
kaas.prod.ctc.phaccent.canonical.claims.claim-transaction-standardized-attribute,*,beam-mandr,*,core-api-platform-loader-prod,32,cleanup.policy=compact:delete.retention.ms=1209600000:compression.type=gzip,prashant_agarwal22@optum.com,pagarw33,FULL
