topic,producer-hosts,producer-cn,consumer-hosts,consumer-cn,partitions,config,email,ms-id,compatibility,aha-id
kaas.prod.elr.ATTPROD.OHB.FAUBH.CMC_BPID_INDIC,*,beam-mandr,*,ebaas-mandr-ohbs-prod,50,cleanup.policy=compact:delete.retention.ms=2592000000:max.compaction.lag.ms=86400000:compression.type=gzip,rajadurai.kaliyaperumal@optum.com:lakshya_manchanda@optum.com,rkaliy3:lmanchan,,HCPFKAFKA-I-268
kaas.prod.elr.ATTPROD.OHB.FAUBH.CMC_CDML_CL_LINE,*,beam-mandr,*,ebaas-mandr-ohbs-prod,100,cleanup.policy=compact:delete.retention.ms=2592000000:max.compaction.lag.ms=86400000:compression.type=gzip,rajadurai.kaliyaperumal@optum.com:lakshya_manchanda@optum.com,rkaliy3:lmanchan,,HCPFKAFKA-I-268
kaas.prod.elr.ATTPROD.OHB.FAUBH.CMC_CKCK_CHECK,*,beam-mandr,*,ebaas-mandr-ohbs-prod,16,cleanup.policy=compact:delete.retention.ms=2592000000:max.compaction.lag.ms=86400000:compression.type=gzip,rajadurai.kaliyaperumal@optum.com:lakshya_manchanda@optum.com,rkaliy3:lmanchan,,HCPFKAFKA-I-268
kaas.prod.elr.ATTPROD.OHB.FAUBH.CMC_CLED_EDI_DATA,*,beam-mandr,*,ebaas-mandr-ohbs-prod,100,cleanup.policy=compact:delete.retention.ms=2592000000:max.compaction.lag.ms=86400000:compression.type=gzip,rajadurai.kaliyaperumal@optum.com:lakshya_manchanda@optum.com,rkaliy3:lmanchan,,HCPFKAFKA-I-268
kaas.prod.elr.ATTPROD.OHB.FAUBH.CMC_CLCL_CLAIM,*,beam-mandr,*,ebaas-mandr-ohbs-prod,100,cleanup.policy=compact:delete.retention.ms=2592000000:max.compaction.lag.ms=86400000:compression.type=gzip,rajadurai.kaliyaperumal@optum.com:lakshya_manchanda@optum.com,rkaliy3:lmanchan,,HCPFKAFKA-I-268
kaas.prod.elr.ATTPROD.OHB.FAUBH.CMC_CLHP_HOSP,*,beam-mandr,*,ebaas-mandr-ohbs-prod,8,cleanup.policy=compact:delete.retention.ms=2592000000:max.compaction.lag.ms=86400000:compression.type=gzip,rajadurai.kaliyaperumal@optum.com:lakshya_manchanda@optum.com,rkaliy3:lmanchan,,HCPFKAFKA-I-268
kaas.prod.elr.ATTPROD.OHB.FAUBH.CMC_EXCD_EXPL_CD,*,beam-mandr,*,ebaas-mandr-ohbs-prod,1,cleanup.policy=compact:delete.retention.ms=2592000000:max.compaction.lag.ms=86400000:compression.type=gzip,rajadurai.kaliyaperumal@optum.com:lakshya_manchanda@optum.com,rkaliy3:lmanchan,,HCPFKAFKA-I-268
kaas.prod.elr.ATTPROD.OHB.FAUBH.CMC_GRGR_GROUP,*,beam-mandr,*,ebaas-mandr-ohbs-prod,8,cleanup.policy=compact:delete.retention.ms=2592000000:max.compaction.lag.ms=86400000:compression.type=gzip,rajadurai.kaliyaperumal@optum.com:lakshya_manchanda@optum.com,rkaliy3:lmanchan,,HCPFKAFKA-I-268
kaas.prod.elr.ATTPROD.OHB.FAUBH.CMC_MEME_MEMBER,*,beam-mandr,*,ebaas-mandr-ohbs-prod,100,cleanup.policy=compact:delete.retention.ms=2592000000:max.compaction.lag.ms=86400000:compression.type=gzip,rajadurai.kaliyaperumal@optum.com:lakshya_manchanda@optum.com,rkaliy3:lmanchan,,HCPFKAFKA-I-268
kaas.prod.elr.ATTPROD.OHB.FAUBH.CMC_PRPR_PROV,*,beam-mandr,*,ebaas-mandr-ohbs-prod,8,cleanup.policy=compact:delete.retention.ms=2592000000:max.compaction.lag.ms=86400000:compression.type=gzip,rajadurai.kaliyaperumal@optum.com:lakshya_manchanda@optum.com,rkaliy3:lmanchan,,HCPFKAFKA-I-268
kaas.prod.elr.ATTPROD.OHB.FAUBH.CMC_PRRG_REG,*,beam-mandr,*,ebaas-mandr-ohbs-prod,8,cleanup.policy=compact:delete.retention.ms=2592000000:max.compaction.lag.ms=86400000:compression.type=gzip,rajadurai.kaliyaperumal@optum.com:lakshya_manchanda@optum.com,rkaliy3:lmanchan,,HCPFKAFKA-I-268
kaas.prod.elr.ATTPROD.OHB.FAUBH.CMC_SBSB_SUBSC,*,beam-mandr,*,ebaas-mandr-ohbs-prod,50,cleanup.policy=compact:delete.retention.ms=2592000000:max.compaction.lag.ms=86400000:compression.type=gzip,rajadurai.kaliyaperumal@optum.com:lakshya_manchanda@optum.com,rkaliy3:lmanchan,,HCPFKAFKA-I-268
kaas.prod.elr.ATTPROD.OHB.FAUBH.CMC_MEPE_PRCS_ELIG,*,beam-mandr,*,ebaas-mandr-ohbs-prod,100,cleanup.policy=compact:delete.retention.ms=2592000000:max.compaction.lag.ms=86400000:compression.type=gzip,rajadurai.kaliyaperumal@optum.com:lakshya_manchanda@optum.com,rkaliy3:lmanchan,,HCPFKAFKA-I-268
kaas.prod.elr.ATTPROD.OHB.FAUBH.CMC_SBAD_ADDR,*,beam-mandr,*,ebaas-mandr-ohbs-prod,32,cleanup.policy=compact:delete.retention.ms=2592000000:max.compaction.lag.ms=86400000:compression.type=gzip,rajadurai.kaliyaperumal@optum.com:lakshya_manchanda@optum.com,rkaliy3:lmanchan,,HCPFKAFKA-I-268
kaas.prod.elr.ATTPROD.OHB.FAUBHI.IDS_ENTX_ENTITY_XREF,*,beam-mandr,*,ebaas-mandr-ohbs-prod,1,cleanup.policy=compact:delete.retention.ms=2592000000:max.compaction.lag.ms=86400000:compression.type=gzip,rajadurai.kaliyaperumal@optum.com:lakshya_manchanda@optum.com,rkaliy3:lmanchan,,HCPFKAFKA-I-268
kaas.prod.elr.ATTPROD.OHB.FAUBHX.EDS_PRPR_ALTID,*,beam-mandr,*,ebaas-mandr-ohbs-prod,8,cleanup.policy=compact:delete.retention.ms=2592000000:max.compaction.lag.ms=86400000:compression.type=gzip,rajadurai.kaliyaperumal@optum.com:lakshya_manchanda@optum.com,rkaliy3:lmanchan,,HCPFKAFKA-I-268
kaas.prod.elr.ATTPROD.OHB.FAUBHX.EDS_CLCL_CHWY_DTL,*,beam-mandr,*,ebaas-mandr-ohbs-prod,8,cleanup.policy=compact:delete.retention.ms=2592000000:max.compaction.lag.ms=86400000:compression.type=gzip,rajadurai.kaliyaperumal@optum.com:lakshya_manchanda@optum.com,rkaliy3:lmanchan,,HCPFKAFKA-I-268
kaas.prod.elr.ATTPROD.OHB.FAUBHX.EDS_CLCL_KILL_REROUTE,*,beam-mandr,*,ebaas-mandr-ohbs-prod,1,cleanup.policy=compact:delete.retention.ms=2592000000:max.compaction.lag.ms=86400000:compression.type=gzip,rajadurai.kaliyaperumal@optum.com:lakshya_manchanda@optum.com,rkaliy3:lmanchan,,HCPFKAFKA-I-268
kaas.prod.elr.ATTPROD.OHB.FAUBH.CMC_CLCK_CLM_CHECK,*,beam-mandr,*,ebaas-mandr-ohbs-prod,32,cleanup.policy=compact:delete.retention.ms=2592000000:max.compaction.lag.ms=86400000:compression.type=gzip,rajadurai.kaliyaperumal@optum.com:lakshya_manchanda@optum.com,rkaliy3:lmanchan,,HCPFKAFKA-I-268
kaas.prod.elr.ATTPROD.OHB.FAUBH.CMC_CLHI_PROC,*,beam-mandr,*,ebaas-mandr-ohbs-prod,1,cleanup.policy=compact:delete.retention.ms=2592000000:max.compaction.lag.ms=86400000:compression.type=gzip,rajadurai.kaliyaperumal@optum.com:lakshya_manchanda@optum.com,rkaliy3:lmanchan,,HCPFKAFKA-I-268
kaas.prod.elr.ATTPROD.OHB.FAUBH.CMC_CLMD_DIAG,*,beam-mandr,*,ebaas-mandr-ohbs-prod,50,cleanup.policy=compact:delete.retention.ms=2592000000:max.compaction.lag.ms=86400000:compression.type=gzip,rajadurai.kaliyaperumal@optum.com:lakshya_manchanda@optum.com,rkaliy3:lmanchan,,HCPFKAFKA-I-268
kaas.prod.elr.ATTPROD.OHB.FAUBH.CMC_CLMF_MULT_FUNC,*,beam-mandr,*,ebaas-mandr-ohbs-prod,100,cleanup.policy=compact:delete.retention.ms=2592000000:max.compaction.lag.ms=86400000:compression.type=gzip,rajadurai.kaliyaperumal@optum.com:lakshya_manchanda@optum.com,rkaliy3:lmanchan,,HCPFKAFKA-I-268
kaas.prod.elr.ATTPROD.OHB.FAUBH.CMC_PRAD_ADDRESS,*,beam-mandr,*,ebaas-mandr-ohbs-prod,16,cleanup.policy=compact:delete.retention.ms=2592000000:max.compaction.lag.ms=86400000:compression.type=gzip,rajadurai.kaliyaperumal@optum.com:lakshya_manchanda@optum.com,rkaliy3:lmanchan,,HCPFKAFKA-I-268
kaas.prod.elr.ATTPROD.OHB.FAUBH.CMC_PRCF_CERT,*,beam-mandr,*,ebaas-mandr-ohbs-prod,1,cleanup.policy=compact:delete.retention.ms=2592000000:max.compaction.lag.ms=86400000:compression.type=gzip,rajadurai.kaliyaperumal@optum.com:lakshya_manchanda@optum.com,rkaliy3:lmanchan,,HCPFKAFKA-I-268
kaas.prod.elr.ATTPROD.OHB.FAUBH.CMC_PRCP_COMM_PRAC,*,beam-mandr,*,ebaas-mandr-ohbs-prod,1,cleanup.policy=compact:delete.retention.ms=2592000000:max.compaction.lag.ms=86400000:compression.type=gzip,rajadurai.kaliyaperumal@optum.com:lakshya_manchanda@optum.com,rkaliy3:lmanchan,,HCPFKAFKA-I-268
kaas.prod.elr.ATTPROD.OHB.FAUBHI.IDS_CLCL_CLAIM_ODS,*,beam-mandr,*,ebaas-mandr-ohbs-prod,50,cleanup.policy=compact:delete.retention.ms=2592000000:max.compaction.lag.ms=86400000:compression.type=gzip,rajadurai.kaliyaperumal@optum.com:lakshya_manchanda@optum.com,rkaliy3:lmanchan,,HCPFKAFKA-I-268
kaas.prod.elr.ATTPROD.OHB.FAUBH.CER_ATND_NOTE_C,*,beam-mandr,*,ebaas-mandr-ohbs-prod,50,cleanup.policy=compact:delete.retention.ms=2592000000:max.compaction.lag.ms=86400000:compression.type=gzip,rajadurai.kaliyaperumal@optum.com:lakshya_manchanda@optum.com,rkaliy3:lmanchan,,HCPFKAFKA-I-268
kaas.prod.elr.ATTPROD.OHB.FAUBH.CER_ATNT_NOTE_D,*,beam-mandr,*,ebaas-mandr-ohbs-prod,32,cleanup.policy=compact:delete.retention.ms=2592000000:max.compaction.lag.ms=86400000:compression.type=gzip,rajadurai.kaliyaperumal@optum.com:lakshya_manchanda@optum.com,rkaliy3:lmanchan,,HCPFKAFKA-I-268
kaas.prod.elr.ATTPROD.OHB.FAUBH.CER_ATUF_USERFLD_D,*,beam-mandr,*,ebaas-mandr-ohbs-prod,1,cleanup.policy=compact:delete.retention.ms=2592000000:max.compaction.lag.ms=86400000:compression.type=gzip,rajadurai.kaliyaperumal@optum.com:lakshya_manchanda@optum.com,rkaliy3:lmanchan,,HCPFKAFKA-I-268
kaas.prod.elr.ATTPROD.OHB.FAUBH.CER_ATXR_ATTACH_U,*,beam-mandr,*,ebaas-mandr-ohbs-prod,100,cleanup.policy=compact:delete.retention.ms=2592000000:max.compaction.lag.ms=86400000:compression.type=gzip,rajadurai.kaliyaperumal@optum.com:lakshya_manchanda@optum.com,rkaliy3:lmanchan,,HCPFKAFKA-I-268
kaas.prod.elr.ATTPROD.OHB.FAUBH.CER_MCCY_CTRY_TRAN,*,beam-mandr,*,ebaas-mandr-ohbs-prod,1,cleanup.policy=compact:delete.retention.ms=2592000000:max.compaction.lag.ms=86400000:compression.type=gzip,rajadurai.kaliyaperumal@optum.com:lakshya_manchanda@optum.com,rkaliy3:lmanchan,,HCPFKAFKA-I-268
kaas.prod.elr.ATTPROD.OHB.FAUBH.CER_SYML_MSG_LOG,*,beam-mandr,*,ebaas-mandr-ohbs-prod,32,cleanup.policy=compact:delete.retention.ms=2592000000:max.compaction.lag.ms=86400000:compression.type=gzip,rajadurai.kaliyaperumal@optum.com:lakshya_manchanda@optum.com,rkaliy3:lmanchan,,HCPFKAFKA-I-268
kaas.prod.elr.ATTPROD.OHB.FAUBH.CMC_ACDE_ACCUM_DESC,*,beam-mandr,*,ebaas-mandr-ohbs-prod,1,cleanup.policy=compact:delete.retention.ms=2592000000:max.compaction.lag.ms=86400000:compression.type=gzip,rajadurai.kaliyaperumal@optum.com:lakshya_manchanda@optum.com,rkaliy3:lmanchan,,HCPFKAFKA-I-268
kaas.prod.elr.ATTPROD.OHB.FAUBH.CMC_APCD_DESC,*,beam-mandr,*,ebaas-mandr-ohbs-prod,1,cleanup.policy=compact:delete.retention.ms=2592000000:max.compaction.lag.ms=86400000:compression.type=gzip,rajadurai.kaliyaperumal@optum.com:lakshya_manchanda@optum.com,rkaliy3:lmanchan,,HCPFKAFKA-I-268
kaas.prod.elr.ATTPROD.OHB.FAUBH.CMC_BLBL_BILL_SUMM,*,beam-mandr,*,ebaas-mandr-ohbs-prod,1,cleanup.policy=compact:delete.retention.ms=2592000000:max.compaction.lag.ms=86400000:compression.type=gzip,rajadurai.kaliyaperumal@optum.com:lakshya_manchanda@optum.com,rkaliy3:lmanchan,,HCPFKAFKA-I-268
kaas.prod.elr.ATTPROD.OHB.FAUBH.CMC_BPCD_CLM_DTL,*,beam-mandr,*,ebaas-mandr-ohbs-prod,50,cleanup.policy=compact:delete.retention.ms=2592000000:max.compaction.lag.ms=86400000:compression.type=gzip,rajadurai.kaliyaperumal@optum.com:lakshya_manchanda@optum.com,rkaliy3:lmanchan,,HCPFKAFKA-I-268
kaas.prod.elr.ATTPROD.OHB.FAUBH.CMC_BPCI_CLM,*,beam-mandr,*,ebaas-mandr-ohbs-prod,32,cleanup.policy=compact:delete.retention.ms=2592000000:max.compaction.lag.ms=86400000:compression.type=gzip,rajadurai.kaliyaperumal@optum.com:lakshya_manchanda@optum.com,rkaliy3:lmanchan,,HCPFKAFKA-I-268
kaas.prod.elr.ATTPROD.OHB.FAUBH.CMC_BPEX_EXPL,*,beam-mandr,*,ebaas-mandr-ohbs-prod,32,cleanup.policy=compact:delete.retention.ms=2592000000:max.compaction.lag.ms=86400000:compression.type=gzip,rajadurai.kaliyaperumal@optum.com:lakshya_manchanda@optum.com,rkaliy3:lmanchan,,HCPFKAFKA-I-268
kaas.prod.elr.ATTPROD.OHB.FAUBH.CMC_BPHM_CLM_DTL,*,beam-mandr,*,ebaas-mandr-ohbs-prod,32,cleanup.policy=compact:delete.retention.ms=2592000000:max.compaction.lag.ms=86400000:compression.type=gzip,rajadurai.kaliyaperumal@optum.com:lakshya_manchanda@optum.com,rkaliy3:lmanchan,,HCPFKAFKA-I-268
kaas.prod.elr.ATTPROD.OHB.FAUBH.CMC_CDCB_LI_COB,*,beam-mandr,*,ebaas-mandr-ohbs-prod,8,cleanup.policy=compact:delete.retention.ms=2592000000:max.compaction.lag.ms=86400000:compression.type=gzip,rajadurai.kaliyaperumal@optum.com:lakshya_manchanda@optum.com,rkaliy3:lmanchan,,HCPFKAFKA-I-268
kaas.prod.elr.ATTPROD.OHB.FAUBH.CMC_CDID_DATA,*,beam-mandr,*,ebaas-mandr-ohbs-prod,1,cleanup.policy=compact:delete.retention.ms=2592000000:max.compaction.lag.ms=86400000:compression.type=gzip,rajadurai.kaliyaperumal@optum.com:lakshya_manchanda@optum.com,rkaliy3:lmanchan,,HCPFKAFKA-I-268
kaas.prod.elr.ATTPROD.OHB.FAUBH.CMC_CDPE_PROV_DATA,*,beam-mandr,*,ebaas-mandr-ohbs-prod,32,cleanup.policy=compact:delete.retention.ms=2592000000:max.compaction.lag.ms=86400000:compression.type=gzip,rajadurai.kaliyaperumal@optum.com:lakshya_manchanda@optum.com,rkaliy3:lmanchan,,HCPFKAFKA-I-268
kaas.prod.elr.ATTPROD.OHB.FAUBH.CMC_CDSD_SUPP_DATA,*,beam-mandr,*,ebaas-mandr-ohbs-prod,32,cleanup.policy=compact:delete.retention.ms=2592000000:max.compaction.lag.ms=86400000:compression.type=gzip,rajadurai.kaliyaperumal@optum.com:lakshya_manchanda@optum.com,rkaliy3:lmanchan,,HCPFKAFKA-I-268
kaas.prod.elr.ATTPROD.OHB.FAUBH.CMC_CLHC_COND_CODE,*,beam-mandr,*,ebaas-mandr-ohbs-prod,8,cleanup.policy=compact:delete.retention.ms=2592000000:max.compaction.lag.ms=86400000:compression.type=gzip,rajadurai.kaliyaperumal@optum.com:lakshya_manchanda@optum.com,rkaliy3:lmanchan,,HCPFKAFKA-I-268
kaas.prod.elr.ATTPROD.OHB.FAUBH.CMC_CLHO_OCC_CODE,*,beam-mandr,*,ebaas-mandr-ohbs-prod,1,cleanup.policy=compact:delete.retention.ms=2592000000:max.compaction.lag.ms=86400000:compression.type=gzip,rajadurai.kaliyaperumal@optum.com:lakshya_manchanda@optum.com,rkaliy3:lmanchan,,HCPFKAFKA-I-268
kaas.prod.elr.ATTPROD.OHB.FAUBH.CMC_CLMI_MISC,*,beam-mandr,*,ebaas-mandr-ohbs-prod,16,cleanup.policy=compact:delete.retention.ms=2592000000:max.compaction.lag.ms=86400000:compression.type=gzip,rajadurai.kaliyaperumal@optum.com:lakshya_manchanda@optum.com,rkaliy3:lmanchan,,HCPFKAFKA-I-268
kaas.prod.elr.ATTPROD.OHB.FAUBH.CMC_CLOR_CL_OVR,*,beam-mandr,*,ebaas-mandr-ohbs-prod,8,cleanup.policy=compact:delete.retention.ms=2592000000:max.compaction.lag.ms=86400000:compression.type=gzip,rajadurai.kaliyaperumal@optum.com:lakshya_manchanda@optum.com,rkaliy3:lmanchan,,HCPFKAFKA-I-268
kaas.prod.elr.ATTPROD.OHB.FAUBH.CMC_CLPE_PROV_DATA,*,beam-mandr,*,ebaas-mandr-ohbs-prod,100,cleanup.policy=compact:delete.retention.ms=2592000000:max.compaction.lag.ms=86400000:compression.type=gzip,rajadurai.kaliyaperumal@optum.com:lakshya_manchanda@optum.com,rkaliy3:lmanchan,,HCPFKAFKA-I-268
kaas.prod.elr.ATTPROD.OHB.FAUBH.CMC_CLRN_REF_NO,*,beam-mandr,*,ebaas-mandr-ohbs-prod,16,cleanup.policy=compact:delete.retention.ms=2592000000:max.compaction.lag.ms=86400000:compression.type=gzip,rajadurai.kaliyaperumal@optum.com:lakshya_manchanda@optum.com,rkaliy3:lmanchan,,HCPFKAFKA-I-268
kaas.prod.elr.ATTPROD.OHB.FAUBH.CMC_CLVC_VAL_CODE,*,beam-mandr,*,ebaas-mandr-ohbs-prod,8,cleanup.policy=compact:delete.retention.ms=2592000000:max.compaction.lag.ms=86400000:compression.type=gzip,rajadurai.kaliyaperumal@optum.com:lakshya_manchanda@optum.com,rkaliy3:lmanchan,,HCPFKAFKA-I-268
kaas.prod.elr.ATTPROD.OHB.FAUBH.CMC_CSPD_DESC,*,beam-mandr,*,ebaas-mandr-ohbs-prod,1,cleanup.policy=compact:delete.retention.ms=2592000000:max.compaction.lag.ms=86400000:compression.type=gzip,rajadurai.kaliyaperumal@optum.com:lakshya_manchanda@optum.com,rkaliy3:lmanchan,,HCPFKAFKA-I-268
kaas.prod.elr.ATTPROD.OHB.FAUBH.CMC_CSPI_CS_PLAN,*,beam-mandr,*,ebaas-mandr-ohbs-prod,8,cleanup.policy=compact:delete.retention.ms=2592000000:max.compaction.lag.ms=86400000:compression.type=gzip,rajadurai.kaliyaperumal@optum.com:lakshya_manchanda@optum.com,rkaliy3:lmanchan,,HCPFKAFKA-I-268
kaas.prod.elr.ATTPROD.OHB.FAUBH.CMC_DEDE_DEDUCT,*,beam-mandr,*,ebaas-mandr-ohbs-prod,1,cleanup.policy=compact:delete.retention.ms=2592000000:max.compaction.lag.ms=86400000:compression.type=gzip,rajadurai.kaliyaperumal@optum.com:lakshya_manchanda@optum.com,rkaliy3:lmanchan,,HCPFKAFKA-I-268
kaas.prod.elr.ATTPROD.OHB.FAUBH.CMC_FATX_ACCUM_TXN,*,beam-mandr,*,ebaas-mandr-ohbs-prod,32,cleanup.policy=compact:delete.retention.ms=2592000000:max.compaction.lag.ms=86400000:compression.type=gzip,rajadurai.kaliyaperumal@optum.com:lakshya_manchanda@optum.com,rkaliy3:lmanchan,,HCPFKAFKA-I-268
kaas.prod.elr.ATTPROD.OHB.FAUBH.CMC_GRRE_RELATION,*,beam-mandr,*,ebaas-mandr-ohbs-prod,8,cleanup.policy=compact:delete.retention.ms=2592000000:max.compaction.lag.ms=86400000:compression.type=gzip,rajadurai.kaliyaperumal@optum.com:lakshya_manchanda@optum.com,rkaliy3:lmanchan,,HCPFKAFKA-I-268
kaas.prod.elr.ATTPROD.OHB.FAUBH.CMC_IPCD_PROC_CD,*,beam-mandr,*,ebaas-mandr-ohbs-prod,1,cleanup.policy=compact:delete.retention.ms=2592000000:max.compaction.lag.ms=86400000:compression.type=gzip,rajadurai.kaliyaperumal@optum.com:lakshya_manchanda@optum.com,rkaliy3:lmanchan,,HCPFKAFKA-I-268
kaas.prod.elr.ATTPROD.OHB.FAUBH.CMC_IPRS_PRICE,*,beam-mandr,*,ebaas-mandr-ohbs-prod,100,cleanup.policy=compact:delete.retention.ms=2592000000:max.compaction.lag.ms=86400000:compression.type=gzip,rajadurai.kaliyaperumal@optum.com:lakshya_manchanda@optum.com,rkaliy3:lmanchan,,HCPFKAFKA-I-268
kaas.prod.elr.ATTPROD.OHB.FAUBH.CMC_LOBD_LINE_BUS,*,beam-mandr,*,ebaas-mandr-ohbs-prod,1,cleanup.policy=compact:delete.retention.ms=2592000000:max.compaction.lag.ms=86400000:compression.type=gzip,rajadurai.kaliyaperumal@optum.com:lakshya_manchanda@optum.com,rkaliy3:lmanchan,,HCPFKAFKA-I-268
kaas.prod.elr.ATTPROD.OHB.FAUBH.CMC_LTLT_LIMIT,*,beam-mandr,*,ebaas-mandr-ohbs-prod,1,cleanup.policy=compact:delete.retention.ms=2592000000:max.compaction.lag.ms=86400000:compression.type=gzip,rajadurai.kaliyaperumal@optum.com:lakshya_manchanda@optum.com,rkaliy3:lmanchan,,HCPFKAFKA-I-268
kaas.prod.elr.ATTPROD.OHB.FAUBH.CMC_MAME_MASTER,*,beam-mandr,*,ebaas-mandr-ohbs-prod,1,cleanup.policy=compact:delete.retention.ms=2592000000:max.compaction.lag.ms=86400000:compression.type=gzip,rajadurai.kaliyaperumal@optum.com:lakshya_manchanda@optum.com,rkaliy3:lmanchan,,HCPFKAFKA-I-268
kaas.prod.elr.ATTPROD.OHB.FAUBH.CMC_MATX_ACCUM_TXN,*,beam-mandr,*,ebaas-mandr-ohbs-prod,50,cleanup.policy=compact:delete.retention.ms=2592000000:max.compaction.lag.ms=86400000:compression.type=gzip,rajadurai.kaliyaperumal@optum.com:lakshya_manchanda@optum.com,rkaliy3:lmanchan,,HCPFKAFKA-I-268
kaas.prod.elr.ATTPROD.OHB.FAUBH.CMC_MDCD_DIAG_CAT,*,beam-mandr,*,ebaas-mandr-ohbs-prod,1,cleanup.policy=compact:delete.retention.ms=2592000000:max.compaction.lag.ms=86400000:compression.type=gzip,rajadurai.kaliyaperumal@optum.com:lakshya_manchanda@optum.com,rkaliy3:lmanchan,,HCPFKAFKA-I-268
kaas.prod.elr.ATTPROD.OHB.FAUBH.CMC_MEDX_COND_ELIG,*,beam-mandr,*,ebaas-mandr-ohbs-prod,1,cleanup.policy=compact:delete.retention.ms=2592000000:max.compaction.lag.ms=86400000:compression.type=gzip,rajadurai.kaliyaperumal@optum.com:lakshya_manchanda@optum.com,rkaliy3:lmanchan,,HCPFKAFKA-I-268
kaas.prod.elr.ATTPROD.OHB.FAUBH.CMC_MEMD_MECR_DETL,*,beam-mandr,*,ebaas-mandr-ohbs-prod,1,cleanup.policy=compact:delete.retention.ms=2592000000:max.compaction.lag.ms=86400000:compression.type=gzip,rajadurai.kaliyaperumal@optum.com:lakshya_manchanda@optum.com,rkaliy3:lmanchan,,HCPFKAFKA-I-268
kaas.prod.elr.ATTPROD.OHB.FAUBH.CMC_MEMI_MECR_INTF,*,beam-mandr,*,ebaas-mandr-ohbs-prod,1,cleanup.policy=compact:delete.retention.ms=2592000000:max.compaction.lag.ms=86400000:compression.type=gzip,rajadurai.kaliyaperumal@optum.com:lakshya_manchanda@optum.com,rkaliy3:lmanchan,,HCPFKAFKA-I-268
kaas.prod.elr.ATTPROD.OHB.FAUBH.CMC_PAGR_PARENT_GR,*,beam-mandr,*,ebaas-mandr-ohbs-prod,1,cleanup.policy=compact:delete.retention.ms=2592000000:max.compaction.lag.ms=86400000:compression.type=gzip,rajadurai.kaliyaperumal@optum.com:lakshya_manchanda@optum.com,rkaliy3:lmanchan,,HCPFKAFKA-I-268
kaas.prod.elr.ATTPROD.OHB.FAUBH.CMC_PDDS_PROD_DESC,*,beam-mandr,*,ebaas-mandr-ohbs-prod,1,cleanup.policy=compact:delete.retention.ms=2592000000:max.compaction.lag.ms=86400000:compression.type=gzip,rajadurai.kaliyaperumal@optum.com:lakshya_manchanda@optum.com,rkaliy3:lmanchan,,HCPFKAFKA-I-268
kaas.prod.elr.ATTPROD.OHB.FAUBH.CMC_PDPD_PRODUCT,*,beam-mandr,*,ebaas-mandr-ohbs-prod,1,cleanup.policy=compact:delete.retention.ms=2592000000:max.compaction.lag.ms=86400000:compression.type=gzip,rajadurai.kaliyaperumal@optum.com:lakshya_manchanda@optum.com,rkaliy3:lmanchan,,HCPFKAFKA-I-268
kaas.prod.elr.ATTPROD.OHB.FAUBH.CMC_PSCD_POS_DESC,*,beam-mandr,*,ebaas-mandr-ohbs-prod,1,cleanup.policy=compact:delete.retention.ms=2592000000:max.compaction.lag.ms=86400000:compression.type=gzip,rajadurai.kaliyaperumal@optum.com:lakshya_manchanda@optum.com,rkaliy3:lmanchan,,HCPFKAFKA-I-268
kaas.prod.elr.ATTPROD.OHB.FAUBH.CMC_PYPY_PAYOR,*,beam-mandr,*,ebaas-mandr-ohbs-prod,1,cleanup.policy=compact:delete.retention.ms=2592000000:max.compaction.lag.ms=86400000:compression.type=gzip,rajadurai.kaliyaperumal@optum.com:lakshya_manchanda@optum.com,rkaliy3:lmanchan,,HCPFKAFKA-I-268
kaas.prod.elr.ATTPROD.OHB.FAUBH.CMC_RCRC_RC_DESC,*,beam-mandr,*,ebaas-mandr-ohbs-prod,1,cleanup.policy=compact:delete.retention.ms=2592000000:max.compaction.lag.ms=86400000:compression.type=gzip,rajadurai.kaliyaperumal@optum.com:lakshya_manchanda@optum.com,rkaliy3:lmanchan,,HCPFKAFKA-I-268
kaas.prod.elr.ATTPROD.OHB.FAUBH.CMC_SBEM_EMPLOY,*,beam-mandr,*,ebaas-mandr-ohbs-prod,1,cleanup.policy=compact:delete.retention.ms=2592000000:max.compaction.lag.ms=86400000:compression.type=gzip,rajadurai.kaliyaperumal@optum.com:lakshya_manchanda@optum.com,rkaliy3:lmanchan,,HCPFKAFKA-I-268
kaas.prod.elr.ATTPROD.OHB.FAUBH.CMC_SBHR_HSA_REL,*,beam-mandr,*,ebaas-mandr-ohbs-prod,1,cleanup.policy=compact:delete.retention.ms=2592000000:max.compaction.lag.ms=86400000:compression.type=gzip,rajadurai.kaliyaperumal@optum.com:lakshya_manchanda@optum.com,rkaliy3:lmanchan,,HCPFKAFKA-I-268
kaas.prod.elr.ATTPROD.OHB.FAUBH.CMC_SBIH_ID_HIST,*,beam-mandr,*,ebaas-mandr-ohbs-prod,8,cleanup.policy=compact:delete.retention.ms=2592000000:max.compaction.lag.ms=86400000:compression.type=gzip,rajadurai.kaliyaperumal@optum.com:lakshya_manchanda@optum.com,rkaliy3:lmanchan,,HCPFKAFKA-I-268
kaas.prod.elr.ATTPROD.OHB.FAUBH.CMC_SBWM_SB_MSG,*,beam-mandr,*,ebaas-mandr-ohbs-prod,1,cleanup.policy=compact:delete.retention.ms=2592000000:max.compaction.lag.ms=86400000:compression.type=gzip,rajadurai.kaliyaperumal@optum.com:lakshya_manchanda@optum.com,rkaliy3:lmanchan,,HCPFKAFKA-I-268
kaas.prod.elr.ATTPROD.OHB.FAUBH.CMC_SEGS_SERVICES,*,beam-mandr,*,ebaas-mandr-ohbs-prod,1,cleanup.policy=compact:delete.retention.ms=2592000000:max.compaction.lag.ms=86400000:compression.type=gzip,rajadurai.kaliyaperumal@optum.com:lakshya_manchanda@optum.com,rkaliy3:lmanchan,,HCPFKAFKA-I-268
kaas.prod.elr.ATTPROD.OHB.FAUBH.CMC_SEPC_PRICE,*,beam-mandr,*,ebaas-mandr-ohbs-prod,1,cleanup.policy=compact:delete.retention.ms=2592000000:max.compaction.lag.ms=86400000:compression.type=gzip,rajadurai.kaliyaperumal@optum.com:lakshya_manchanda@optum.com,rkaliy3:lmanchan,,HCPFKAFKA-I-268
kaas.prod.elr.ATTPROD.OHB.FAUBH.CMC_SGSG_SUB_GROUP,*,beam-mandr,*,ebaas-mandr-ohbs-prod,1,cleanup.policy=compact:delete.retention.ms=2592000000:max.compaction.lag.ms=86400000:compression.type=gzip,rajadurai.kaliyaperumal@optum.com:lakshya_manchanda@optum.com,rkaliy3:lmanchan,,HCPFKAFKA-I-268
kaas.prod.elr.ATTPROD.OHB.FAUBHX.EDS_MEME_MEMB_ATTR,*,beam-mandr,*,ebaas-mandr-ohbs-prod,100,cleanup.policy=compact:delete.retention.ms=2592000000:max.compaction.lag.ms=86400000:compression.type=gzip,rajadurai.kaliyaperumal@optum.com:lakshya_manchanda@optum.com,rkaliy3:lmanchan,,HCPFKAFKA-I-268
kaas.prod.elr.ATTPROD.OHB.FAUBH.FHD_ENCR_CLSTYPE_R,*,beam-mandr,*,ebaas-mandr-ohbs-prod,1,cleanup.policy=compact:delete.retention.ms=2592000000:max.compaction.lag.ms=86400000:compression.type=gzip,rajadurai.kaliyaperumal@optum.com:lakshya_manchanda@optum.com,rkaliy3:lmanchan,,HCPFKAFKA-I-268
kaas.prod.elr.ATTPROD.OHB.FAUBH.CMC_CDOR_LI_OVR,*,beam-mandr,*,ebaas-mandr-ohbs-prod,32,cleanup.policy=compact:delete.retention.ms=2592000000:max.compaction.lag.ms=86400000:compression.type=gzip,rajadurai.kaliyaperumal@optum.com:lakshya_manchanda@optum.com,rkaliy3:lmanchan,,HCPFKAFKA-I-268
kaas.prod.elr.ATTPROD.OHB.FAUBH.CMC_CLCB_CL_COB,*,beam-mandr,*,ebaas-mandr-ohbs-prod,8,cleanup.policy=compact:delete.retention.ms=2592000000:max.compaction.lag.ms=86400000:compression.type=gzip,rajadurai.kaliyaperumal@optum.com:lakshya_manchanda@optum.com,rkaliy3:lmanchan,,HCPFKAFKA-I-268
kaas.prod.elr.ATTPROD.OHB.FAUBH.CMC_CLST_STATUS,*,beam-mandr,*,ebaas-mandr-ohbs-prod,100,cleanup.policy=compact:delete.retention.ms=2592000000:max.compaction.lag.ms=86400000:compression.type=gzip,rajadurai.kaliyaperumal@optum.com:lakshya_manchanda@optum.com,rkaliy3:lmanchan,,HCPFKAFKA-I-268
kaas.prod.elr.ATTPROD.OHB.FAUBH.CMC_IDCD_DIAG_CD,*,beam-mandr,*,ebaas-mandr-ohbs-prod,1,cleanup.policy=compact:delete.retention.ms=2592000000:max.compaction.lag.ms=86400000:compression.type=gzip,rajadurai.kaliyaperumal@optum.com:lakshya_manchanda@optum.com,rkaliy3:lmanchan,,HCPFKAFKA-I-268
kaas.prod.elr.ATTPROD.OHB.FAUBH.CMC_MCTR_CD_TRANS,*,beam-mandr,*,ebaas-mandr-ohbs-prod,1,cleanup.policy=compact:delete.retention.ms=2592000000:max.compaction.lag.ms=86400000:compression.type=gzip,rajadurai.kaliyaperumal@optum.com:lakshya_manchanda@optum.com,rkaliy3:lmanchan,,HCPFKAFKA-I-268
kaas.prod.elr.ATTPROD.OHB.FAUBH.CMC_MECB_COB,*,beam-mandr,*,ebaas-mandr-ohbs-prod,16,cleanup.policy=compact:delete.retention.ms=2592000000:max.compaction.lag.ms=86400000:compression.type=gzip,rajadurai.kaliyaperumal@optum.com:lakshya_manchanda@optum.com,rkaliy3:lmanchan,,HCPFKAFKA-I-268
kaas.prod.elr.ATTPROD.OHB.FAUBH.CMC_PLDS_PLAN_DESC,*,beam-mandr,*,ebaas-mandr-ohbs-prod,1,cleanup.policy=compact:delete.retention.ms=2592000000:max.compaction.lag.ms=86400000:compression.type=gzip,rajadurai.kaliyaperumal@optum.com:lakshya_manchanda@optum.com,rkaliy3:lmanchan,,HCPFKAFKA-I-268
kaas.prod.elr.ATTPROD.OHB.FAUBH.CMC_SEDS_SE_DESC,*,beam-mandr,*,ebaas-mandr-ohbs-prod,1,cleanup.policy=compact:delete.retention.ms=2592000000:max.compaction.lag.ms=86400000:compression.type=gzip,rajadurai.kaliyaperumal@optum.com:lakshya_manchanda@optum.com,rkaliy3:lmanchan,,HCPFKAFKA-I-268
kaas.prod.elr.ATTPROD.OHB.FAUBH.CMC_UMSV_SERVICES,*,beam-mandr,*,ebaas-mandr-ohbs-prod,16,cleanup.policy=compact:delete.retention.ms=2592000000:max.compaction.lag.ms=86400000:compression.type=gzip,rajadurai.kaliyaperumal@optum.com:lakshya_manchanda@optum.com,rkaliy3:lmanchan,,HCPFKAFKA-I-268
kaas.prod.elr.ATTPROD.OHB.FAUBH.CMC_AGRG_DRG,*,beam-mandr,*,ebaas-mandr-ohbs-prod,1,cleanup.policy=compact:delete.retention.ms=2592000000:max.compaction.lag.ms=86400000:compression.type=gzip,rajadurai.kaliyaperumal@optum.com:lakshya_manchanda@optum.com,rkaliy3:lmanchan,,HCPFKAFKA-I-268
kaas.prod.elr.ATTPROD.OHB.FAUBH_XC.CMC_CLPR_PROVIDER,*,beam-mandr,*,ebaas-mandr-ohbs-prod,32,cleanup.policy=compact:delete.retention.ms=2592000000:max.compaction.lag.ms=86400000:compression.type=gzip,rajadurai.kaliyaperumal@optum.com:lakshya_manchanda@optum.com,rkaliy3:lmanchan,,HCPFKAFKA-I-268
kaas.prod.elr.ATTPROD.OHB.FAUBH.CMC_CMMD_MEDS,*,beam-mandr,*,ebaas-mandr-ohbs-prod,1,cleanup.policy=compact:delete.retention.ms=2592000000:max.compaction.lag.ms=86400000:compression.type=gzip,rajadurai.kaliyaperumal@optum.com:lakshya_manchanda@optum.com,rkaliy3:lmanchan,,HCPFKAFKA-I-268
kaas.prod.elr.ATTPROD.OHB.FAUBH.CMC_DIMC_HEADER,*,beam-mandr,*,ebaas-mandr-ohbs-prod,1,cleanup.policy=compact:delete.retention.ms=2592000000:max.compaction.lag.ms=86400000:compression.type=gzip,rajadurai.kaliyaperumal@optum.com:lakshya_manchanda@optum.com,rkaliy3:lmanchan,,HCPFKAFKA-I-268
kaas.prod.elr.ATTPROD.OHB.FAUBH.CMC_NWPR_RELATION,*,beam-mandr,*,ebaas-mandr-ohbs-prod,8,cleanup.policy=compact:delete.retention.ms=2592000000:max.compaction.lag.ms=86400000:compression.type=gzip,rajadurai.kaliyaperumal@optum.com:lakshya_manchanda@optum.com,rkaliy3:lmanchan,,HCPFKAFKA-I-268
kaas.prod.elr.ATTPROD.OHB.FAUBHI.IDS_CLCL_IB_PROV_ADDR,*,beam-mandr,*,ebaas-mandr-ohbs-prod,16,cleanup.policy=compact:delete.retention.ms=2592000000:max.compaction.lag.ms=86400000:compression.type=gzip,rajadurai.kaliyaperumal@optum.com:lakshya_manchanda@optum.com,rkaliy3:lmanchan,,HCPFKAFKA-I-268
kaas.prod.elr.ATTPROD.OHB.FAUBHX.SDS_PRAD_ADDRESS,*,beam-mandr,*,ebaas-mandr-ohbs-prod,8,cleanup.policy=compact:delete.retention.ms=2592000000:max.compaction.lag.ms=86400000:compression.type=gzip,rajadurai.kaliyaperumal@optum.com:lakshya_manchanda@optum.com,rkaliy3:lmanchan,,HCPFKAFKA-I-268
kaas.prod.elr.ATTPROD.OHB.FAUBH_XC.CMC_CLNT_NOTES,*,beam-mandr,*,ebaas-mandr-ohbs-prod,16,cleanup.policy=compact:delete.retention.ms=2592000000:max.compaction.lag.ms=86400000:compression.type=gzip,rajadurai.kaliyaperumal@optum.com:lakshya_manchanda@optum.com,rkaliy3:lmanchan,,HCPFKAFKA-I-268
kaas.prod.elr.ATTPROD.OHB.FAUBH_XC.CMC_CLME_MEMBER,*,beam-mandr,*,ebaas-mandr-ohbs-prod,16,cleanup.policy=compact:delete.retention.ms=2592000000:max.compaction.lag.ms=86400000:compression.type=gzip,rajadurai.kaliyaperumal@optum.com:lakshya_manchanda@optum.com,rkaliy3:lmanchan,,HCPFKAFKA-I-268
kaas.prod.elr.ATTPROD.OHB.FAUBH.CMC_CRFD_FUND_DEFN,*,beam-mandr,*,ebaas-mandr-ohbs-prod,1,cleanup.policy=compact:delete.retention.ms=2592000000:max.compaction.lag.ms=86400000:compression.type=gzip,rajadurai.kaliyaperumal@optum.com:lakshya_manchanda@optum.com,rkaliy3:lmanchan,,HCPFKAFKA-I-268
kaas.prod.elr.ATTPROD.OHB.FAUBH.CER_SYMD_MSG_DEF,*,beam-mandr,*,ebaas-mandr-ohbs-prod,1,cleanup.policy=compact:delete.retention.ms=2592000000:max.compaction.lag.ms=86400000:compression.type=gzip,rajadurai.kaliyaperumal@optum.com:lakshya_manchanda@optum.com,rkaliy3:lmanchan,,HCPFKAFKA-I-268
kaas.prod.elr.ATTPROD.OHB.FAUBHX.EDS_CLCL_LEVEL_ATTR,*,beam-mandr,*,ebaas-mandr-ohbs-prod,32,cleanup.policy=compact:delete.retention.ms=2592000000:max.compaction.lag.ms=86400000:compression.type=gzip,rajadurai.kaliyaperumal@optum.com:lakshya_manchanda@optum.com,rkaliy3:lmanchan,,HCPFKAFKA-I-268
kaas.prod.elr.ATTPROD.OHB.FAUBHI.IDS_CLCL_IB_COB_837I,*,beam-mandr,*,ebaas-mandr-ohbs-prod,1,cleanup.policy=compact:delete.retention.ms=2592000000:max.compaction.lag.ms=86400000:compression.type=gzip,rajadurai.kaliyaperumal@optum.com:lakshya_manchanda@optum.com,rkaliy3:lmanchan,,HCPFKAFKA-I-268
kaas.prod.elr.ATTPROD.OHB.FAUBHI.IDS_CLCL_IB_COB_837P,*,beam-mandr,*,ebaas-mandr-ohbs-prod,1,cleanup.policy=compact:delete.retention.ms=2592000000:max.compaction.lag.ms=86400000:compression.type=gzip,rajadurai.kaliyaperumal@optum.com:lakshya_manchanda@optum.com,rkaliy3:lmanchan,,HCPFKAFKA-I-268
kaas.prod.elr.ATTPROD.OHB.FAUBH.CMC_MCRE_RELAT_ENT,*,beam-mandr,*,ebaas-mandr-ohbs-prod,1,cleanup.policy=compact:delete.retention.ms=2592000000:max.compaction.lag.ms=86400000:compression.type=gzip,rajadurai.kaliyaperumal@optum.com:lakshya_manchanda@optum.com,rkaliy3:lmanchan,,HCPFKAFKA-I-268
