topic,producer-hosts,producer-cn,consumer-hosts,consumer-cn,partitions,config,email,ms-id,compatibility
prod.enc.amb_dropoff_pckup_dtl,*,beam-mandr,*,ebaas-mandr-nice-prod,2,cleanup.policy=compact:delete.retention.ms=1209600000:max.compaction.lag.ms=86400000:compression.type=gzip,steve.banks@optum.com,sbanks34,FULL
prod.enc.amb_dropoff_pckup_head,*,beam-mandr,*,ebaas-mandr-nice-prod,8,cleanup.policy=compact:delete.retention.ms=1209600000:max.compaction.lag.ms=86400000:compression.type=gzip,steve.banks@optum.com,sbanks34,FULL
prod.enc.bil_prov_info,*,beam-mandr,*,ebaas-mandr-nice-prod,128,cleanup.policy=compact:delete.retention.ms=1209600000:max.compaction.lag.ms=86400000:compression.type=gzip,steve.banks@optum.com,sbanks34,FULL
prod.enc.cob_othr_sbscr_adj_info,*,beam-mandr,*,ebaas-mandr-nice-prod,32,cleanup.policy=compact:delete.retention.ms=1209600000:max.compaction.lag.ms=86400000:compression.type=gzip,steve.banks@optum.com,sbanks34,FULL
prod.enc.cob_othr_sbscr_info,*,beam-mandr,*,ebaas-mandr-nice-prod,200,cleanup.policy=compact:delete.retention.ms=1209600000:max.compaction.lag.ms=86400000:compression.type=gzip,steve.banks@optum.com,sbanks34,FULL
prod.enc.cond_cd_info,*,beam-mandr,*,ebaas-mandr-nice-prod,2,cleanup.policy=compact:delete.retention.ms=1209600000:max.compaction.lag.ms=86400000:compression.type=gzip,steve.banks@optum.com,sbanks34,FULL
prod.enc.diagnosis_code_table,*,beam-mandr,*,ebaas-mandr-nice-prod,200,cleanup.policy=compact:delete.retention.ms=1209600000:max.compaction.lag.ms=86400000:compression.type=gzip,steve.banks@optum.com,sbanks34,FULL
prod.enc.dtl_srvc_ln_info,*,beam-mandr,*,ebaas-mandr-nice-prod,200,cleanup.policy=compact:delete.retention.ms=1209600000:max.compaction.lag.ms=86400000:compression.type=gzip,steve.banks@optum.com,sbanks34,FULL
prod.enc.dtl_srvc_ln_info_oth,*,beam-mandr,*,ebaas-mandr-nice-prod,128,cleanup.policy=compact:delete.retention.ms=1209600000:max.compaction.lag.ms=86400000:compression.type=gzip,steve.banks@optum.com,sbanks34,FULL
prod.enc.encounter_submission,*,beam-mandr,*,ebaas-mandr-nice-prod,1,cleanup.policy=compact:delete.retention.ms=1209600000:max.compaction.lag.ms=86400000:compression.type=gzip,steve.banks@optum.com,sbanks34,FULL
prod.enc.enctr_dup_ref,*,beam-mandr,*,ebaas-mandr-nice-prod,32,cleanup.policy=compact:delete.retention.ms=1209600000:max.compaction.lag.ms=86400000:compression.type=gzip,steve.banks@optum.com,sbanks34,FULL
prod.enc.misc_clm_head_info,*,beam-mandr,*,ebaas-mandr-nice-prod,128,cleanup.policy=compact:delete.retention.ms=1209600000:max.compaction.lag.ms=86400000:compression.type=gzip,steve.banks@optum.com,sbanks34,FULL
prod.enc.payto_prov_info,*,beam-mandr,*,ebaas-mandr-nice-prod,128,cleanup.policy=compact:delete.retention.ms=1209600000:max.compaction.lag.ms=86400000:compression.type=gzip,steve.banks@optum.com,sbanks34,FULL
prod.enc.physician_info,*,beam-mandr,*,ebaas-mandr-nice-prod,128,cleanup.policy=compact:delete.retention.ms=1209600000:max.compaction.lag.ms=86400000:compression.type=gzip,steve.banks@optum.com,sbanks34,FULL
prod.enc.professional_line_hold,*,beam-mandr,*,ebaas-mandr-nice-prod,2,cleanup.policy=compact:delete.retention.ms=1209600000:max.compaction.lag.ms=86400000:compression.type=gzip,steve.banks@optum.com,sbanks34,FULL
prod.enc.professional_prescription,*,beam-mandr,*,ebaas-mandr-nice-prod,4,cleanup.policy=compact:delete.retention.ms=1209600000:max.compaction.lag.ms=86400000:compression.type=gzip,steve.banks@optum.com,sbanks34,FULL
prod.enc.professional_service,*,beam-mandr,*,ebaas-mandr-nice-prod,200,cleanup.policy=compact:delete.retention.ms=1209600000:max.compaction.lag.ms=86400000:compression.type=gzip,steve.banks@optum.com,sbanks34,FULL
prod.enc.professional_service_header,*,beam-mandr,*,ebaas-mandr-nice-prod,128,cleanup.policy=compact:delete.retention.ms=1209600000:max.compaction.lag.ms=86400000:compression.type=gzip,steve.banks@optum.com,sbanks34,FULL
prod.enc.provider,*,beam-mandr,*,ebaas-mandr-nice-prod,100,cleanup.policy=compact:delete.retention.ms=1209600000:max.compaction.lag.ms=86400000:compression.type=gzip,steve.banks@optum.com,sbanks34,FULL
prod.enc.ptnt_info,*,beam-mandr,*,ebaas-mandr-nice-prod,128,cleanup.policy=compact:delete.retention.ms=1209600000:max.compaction.lag.ms=86400000:compression.type=gzip,steve.banks@optum.com,sbanks34,FULL
prod.enc.sbscr_info,*,beam-mandr,*,ebaas-mandr-nice-prod,128,cleanup.policy=compact:delete.retention.ms=1209600000:max.compaction.lag.ms=86400000:compression.type=gzip,steve.banks@optum.com,sbanks34,FULL
prod.enc.srvc_ln_auth_ref_info,*,beam-mandr,*,ebaas-mandr-nice-prod,64,cleanup.policy=compact:delete.retention.ms=1209600000:max.compaction.lag.ms=86400000:compression.type=gzip,steve.banks@optum.com,sbanks34,FULL
prod.vms.acp_adj_reason_cde_eop_mapping,*,beam-mandr,*,ebaas-mandr-nice-prod,1,cleanup.policy=compact:delete.retention.ms=1209600000:max.compaction.lag.ms=86400000:compression.type=gzip,steve.banks@optum.com,sbanks34,FULL	
prod.vms.benefit_accums_table,*,beam-mandr,*,ebaas-mandr-nice-prod,1,cleanup.policy=compact:delete.retention.ms=1209600000:max.compaction.lag.ms=86400000:compression.type=gzip,steve.banks@optum.com,sbanks34,FULL	
prod.vms.business_plan_type,*,beam-mandr,*,ebaas-mandr-nice-prod,1,cleanup.policy=compact:delete.retention.ms=1209600000:max.compaction.lag.ms=86400000:compression.type=gzip,steve.banks@optum.com,sbanks34,FULL
prod.vms.claim,*,beam-mandr,*,ebaas-mandr-nice-prod,128,cleanup.policy=compact:delete.retention.ms=1209600000:max.compaction.lag.ms=86400000:compression.type=gzip,steve.banks@optum.com,sbanks34,FULL
prod.vms.claim_auth_xref,*,beam-mandr,*,ebaas-mandr-nice-prod,16,cleanup.policy=compact:delete.retention.ms=1209600000:max.compaction.lag.ms=86400000:compression.type=gzip,steve.banks@optum.com,sbanks34,FULL
prod.vms.claim_comments,*,beam-mandr,*,ebaas-mandr-nice-prod,128,cleanup.policy=compact:delete.retention.ms=1209600000:max.compaction.lag.ms=86400000:compression.type=gzip,steve.banks@optum.com,sbanks34,FULL
prod.vms.claim_condition_code,*,beam-mandr,*,ebaas-mandr-nice-prod,16,cleanup.policy=compact:delete.retention.ms=1209600000:max.compaction.lag.ms=86400000:compression.type=gzip,steve.banks@optum.com,sbanks34,FULL
prod.vms.claim_detail,*,beam-mandr,*,ebaas-mandr-nice-prod,200,cleanup.policy=compact:delete.retention.ms=1209600000:max.compaction.lag.ms=86400000:compression.type=gzip,steve.banks@optum.com,sbanks34,FULL
prod.vms.claim_detail_adjustment,*,beam-mandr,*,ebaas-mandr-nice-prod,200,cleanup.policy=compact:delete.retention.ms=1209600000:max.compaction.lag.ms=86400000:compression.type=gzip,steve.banks@optum.com,sbanks34,FULL
prod.vms.claim_detail_adjustment_history,*,beam-mandr,*,ebaas-mandr-nice-prod,16,cleanup.policy=compact:delete.retention.ms=1209600000:max.compaction.lag.ms=86400000:compression.type=gzip,steve.banks@optum.com,sbanks34,FULL	
prod.vms.claim_detail_history,*,beam-mandr,*,ebaas-mandr-nice-prod,16,cleanup.policy=compact:delete.retention.ms=1209600000:max.compaction.lag.ms=86400000:compression.type=gzip,steve.banks@optum.com,sbanks34,FULL	
prod.vms.claim_diagnosis_procedure,*,beam-mandr,*,ebaas-mandr-nice-prod,100,cleanup.policy=compact:delete.retention.ms=1209600000:max.compaction.lag.ms=86400000:compression.type=gzip,steve.banks@optum.com,sbanks34,FULL
prod.vms.claim_hcfa,*,beam-mandr,*,ebaas-mandr-nice-prod,128,cleanup.policy=compact:delete.retention.ms=1209600000:max.compaction.lag.ms=86400000:compression.type=gzip,steve.banks@optum.com,sbanks34,FULL
prod.vms.claim_payment,*,beam-mandr,*,ebaas-mandr-nice-prod,128,cleanup.policy=compact:delete.retention.ms=1209600000:max.compaction.lag.ms=86400000:compression.type=gzip,steve.banks@optum.com,sbanks34,FULL
prod.vms.claim_provider,*,beam-mandr,*,ebaas-mandr-nice-prod,100,cleanup.policy=compact:delete.retention.ms=1209600000:max.compaction.lag.ms=86400000:compression.type=gzip,steve.banks@optum.com,sbanks34,FULL	
prod.vms.claim_recovery,*,beam-mandr,*,ebaas-mandr-nice-prod,8,cleanup.policy=compact:delete.retention.ms=1209600000:max.compaction.lag.ms=86400000:compression.type=gzip,steve.banks@optum.com,sbanks34,FULL
prod.vms.claim_status,*,beam-mandr,*,ebaas-mandr-nice-prod,128,cleanup.policy=compact:delete.retention.ms=1209600000:max.compaction.lag.ms=86400000:compression.type=gzip,steve.banks@optum.com,sbanks34,FULL
prod.vms.claim_status_history,*,beam-mandr,*,ebaas-mandr-nice-prod,200,cleanup.policy=compact:delete.retention.ms=1209600000:max.compaction.lag.ms=86400000:compression.type=gzip,steve.banks@optum.com,sbanks34,FULL
prod.vms.claims_check_input,*,beam-mandr,*,ebaas-mandr-nice-prod,1,cleanup.policy=compact:delete.retention.ms=1209600000:max.compaction.lag.ms=86400000:compression.type=gzip,steve.banks@optum.com,sbanks34,FULL
prod.vms.claims_cost_share_history,*,beam-mandr,*,ebaas-mandr-nice-prod,1,cleanup.policy=compact:delete.retention.ms=1209600000:max.compaction.lag.ms=86400000:compression.type=gzip,steve.banks@optum.com,sbanks34,FULL
prod.vms.claims_highway_info,*,beam-mandr,*,ebaas-mandr-nice-prod,128,cleanup.policy=compact:delete.retention.ms=1209600000:max.compaction.lag.ms=86400000:compression.type=gzip,steve.banks@optum.com,sbanks34,FULL
prod.vms.clm_amb_drop_pckup_head,*,beam-mandr,*,ebaas-mandr-nice-prod,4,cleanup.policy=compact:delete.retention.ms=1209600000:max.compaction.lag.ms=86400000:compression.type=gzip,steve.banks@optum.com,sbanks34,FULL
prod.vms.clm_amb_drop_pckup_dtl,*,beam-mandr,*,ebaas-mandr-nice-prod,2,cleanup.policy=compact:delete.retention.ms=1209600000:max.compaction.lag.ms=86400000:compression.type=gzip,steve.banks@optum.com,sbanks34,FULL
prod.vms.clm_auth_ref_info,*,beam-mandr,*,ebaas-mandr-nice-prod,2,cleanup.policy=compact:delete.retention.ms=1209600000:max.compaction.lag.ms=86400000:compression.type=gzip,steve.banks@optum.com,sbanks34,FULL
prod.vms.clm_bil_prov_info,*,beam-mandr,*,ebaas-mandr-nice-prod,100,cleanup.policy=compact:delete.retention.ms=1209600000:max.compaction.lag.ms=86400000:compression.type=gzip,steve.banks@optum.com,sbanks34,FULL
prod.vms.clm_carc_rarc_cagc_mapping,*,beam-mandr,*,ebaas-mandr-nice-prod,1,cleanup.policy=compact:delete.retention.ms=1209600000:max.compaction.lag.ms=86400000:compression.type=gzip,steve.banks@optum.com,sbanks34,FULL
prod.vms.clm_cob_othr_payr_info,*,beam-mandr,*,ebaas-mandr-nice-prod,32,cleanup.policy=compact:delete.retention.ms=1209600000:max.compaction.lag.ms=86400000:compression.type=gzip,steve.banks@optum.com,sbanks34,FULL
prod.vms.clm_cob_othr_sbscr_info,*,beam-mandr,*,ebaas-mandr-nice-prod,128,cleanup.policy=compact:delete.retention.ms=1209600000:max.compaction.lag.ms=86400000:compression.type=gzip,steve.banks@optum.com,sbanks34,FULL
prod.vms.clm_cob_sbscr_adj_info,*,beam-mandr,*,ebaas-mandr-nice-prod,4,cleanup.policy=compact:delete.retention.ms=1209600000:max.compaction.lag.ms=86400000:compression.type=gzip,steve.banks@optum.com,sbanks34,FULL
prod.vms.clm_cst_shr_dtl,*,beam-mandr,*,ebaas-mandr-nice-prod,128,cleanup.policy=compact:delete.retention.ms=1209600000:max.compaction.lag.ms=86400000:compression.type=gzip,steve.banks@optum.com,sbanks34,FULL
prod.vms.clm_cst_shr_sum,*,beam-mandr,*,ebaas-mandr-nice-prod,16,cleanup.policy=compact:delete.retention.ms=1209600000:max.compaction.lag.ms=86400000:compression.type=gzip,steve.banks@optum.com,sbanks34,FULL
prod.vms.clm_dtl_all_prov_info,*,beam-mandr,*,ebaas-mandr-nice-prod,2,cleanup.policy=compact:delete.retention.ms=1209600000:max.compaction.lag.ms=86400000:compression.type=gzip,steve.banks@optum.com,sbanks34,FULL
prod.vms.clm_dtl_srvc_ln_info,*,beam-mandr,*,ebaas-mandr-nice-prod,200,cleanup.policy=compact:delete.retention.ms=1209600000:max.compaction.lag.ms=86400000:compression.type=gzip,steve.banks@optum.com,sbanks34,FULL
prod.vms.clm_dtl_srvc_ln_info_oth,*,beam-mandr,*,ebaas-mandr-nice-prod,50,cleanup.policy=compact:delete.retention.ms=1209600000:max.compaction.lag.ms=86400000:compression.type=gzip,steve.banks@optum.com,sbanks34,FULL
prod.vms.clm_drg_tbl,*,beam-mandr,*,ebaas-mandr-nice-prod,4,cleanup.policy=compact:delete.retention.ms=1209600000:max.compaction.lag.ms=86400000:compression.type=gzip,steve.banks@optum.com,sbanks34,FULL
prod.vms.clm_head_info,*,beam-mandr,*,ebaas-mandr-nice-prod,128,cleanup.policy=compact:delete.retention.ms=1209600000:max.compaction.lag.ms=86400000:compression.type=gzip,steve.banks@optum.com,sbanks34,FULL
prod.vms.clm_ptnt_info,*,beam-mandr,*,ebaas-mandr-nice-prod,64,cleanup.policy=compact:delete.retention.ms=1209600000:max.compaction.lag.ms=86400000:compression.type=gzip,steve.banks@optum.com,sbanks34,FULL
prod.vms.clm_ref_prov_info,*,beam-mandr,*,ebaas-mandr-nice-prod,50,cleanup.policy=compact:delete.retention.ms=1209600000:max.compaction.lag.ms=86400000:compression.type=gzip,steve.banks@optum.com,sbanks34,FULL
prod.vms.clm_rndr_prov_info,*,beam-mandr,*,ebaas-mandr-nice-prod,100,cleanup.policy=compact:delete.retention.ms=1209600000:max.compaction.lag.ms=86400000:compression.type=gzip,steve.banks@optum.com,sbanks34,FULL
prod.vms.clm_sbscr_info,*,beam-mandr,*,ebaas-mandr-nice-prod,128,cleanup.policy=compact:delete.retention.ms=1209600000:max.compaction.lag.ms=86400000:compression.type=gzip,steve.banks@optum.com,sbanks34,FULL
prod.vms.clm_sbscr_iptnt_optnt,*,beam-mandr,*,ebaas-mandr-nice-prod,2,cleanup.policy=compact:delete.retention.ms=1209600000:max.compaction.lag.ms=86400000:compression.type=gzip,steve.banks@optum.com,sbanks34,FULL
prod.vms.code_description_table,*,beam-mandr,*,ebaas-mandr-nice-prod,2,cleanup.policy=compact:delete.retention.ms=1209600000:max.compaction.lag.ms=86400000:compression.type=gzip,steve.banks@optum.com,sbanks34,FULL
prod.vms.consol_eob_rules,*,beam-mandr,*,ebaas-mandr-nice-prod,1,cleanup.policy=compact:delete.retention.ms=1209600000:max.compaction.lag.ms=86400000:compression.type=gzip,steve.banks@optum.com,sbanks34,FULL
prod.vms.copay_usage_detail,*,beam-mandr,*,ebaas-mandr-nice-prod,128,cleanup.policy=compact:delete.retention.ms=1209600000:max.compaction.lag.ms=86400000:compression.type=gzip,steve.banks@optum.com,sbanks34,FULL
prod.vms.coverage_plan,*,beam-mandr,*,ebaas-mandr-nice-prod,8,cleanup.policy=compact:delete.retention.ms=1209600000:max.compaction.lag.ms=86400000:compression.type=gzip,steve.banks@optum.com,sbanks34,FULL	
prod.vms.coverage_rate,*,beam-mandr,*,ebaas-mandr-nice-prod,100,cleanup.policy=compact:delete.retention.ms=1209600000:max.compaction.lag.ms=86400000:compression.type=gzip,steve.banks@optum.com,sbanks34,FULL
prod.vms.cpt_code_table,*,beam-mandr,*,ebaas-mandr-nice-prod,2,cleanup.policy=compact:delete.retention.ms=1209600000:max.compaction.lag.ms=86400000:compression.type=gzip,steve.banks@optum.com,sbanks34,FULL
prod.vms.dominant_service_rule,*,beam-mandr,*,ebaas-mandr-nice-prod,1,cleanup.policy=compact:delete.retention.ms=1209600000:max.compaction.lag.ms=86400000:compression.type=gzip,steve.banks@optum.com,sbanks34,FULL	
prod.vms.employer_group,*,beam-mandr,*,ebaas-mandr-nice-prod,1,cleanup.policy=compact:delete.retention.ms=1209600000:max.compaction.lag.ms=86400000:compression.type=gzip,steve.banks@optum.com,sbanks34,FULL	
prod.vms.employer_group_contact,*,beam-mandr,*,ebaas-mandr-nice-prod,8,cleanup.policy=compact:delete.retention.ms=1209600000:max.compaction.lag.ms=86400000:compression.type=gzip,steve.banks@optum.com,sbanks34,FULL
prod.vms.geocoded_address,*,beam-mandr,*,ebaas-mandr-nice-prod,2,cleanup.policy=compact:delete.retention.ms=1209600000:max.compaction.lag.ms=86400000:compression.type=gzip,steve.banks@optum.com,sbanks34,FULL
prod.vms.healthcare_prof_address,*,beam-mandr,*,ebaas-mandr-nice-prod,8,cleanup.policy=compact:delete.retention.ms=1209600000:max.compaction.lag.ms=86400000:compression.type=gzip,steve.banks@optum.com,sbanks34,FULL	
prod.vms.healthcare_prof_fac_cross_ref,*,beam-mandr,*,ebaas-mandr-nice-prod,8,cleanup.policy=compact:delete.retention.ms=1209600000:max.compaction.lag.ms=86400000:compression.type=gzip,steve.banks@optum.com,sbanks34,FULL	
prod.vms.healthcare_prof_profile,*,beam-mandr,*,ebaas-mandr-nice-prod,1,cleanup.policy=compact:delete.retention.ms=1209600000:max.compaction.lag.ms=86400000:compression.type=gzip,steve.banks@optum.com,sbanks34,FULL	
prod.vms.healthcare_prof_specialty,*,beam-mandr,*,ebaas-mandr-nice-prod,1,cleanup.policy=compact:delete.retention.ms=1209600000:max.compaction.lag.ms=86400000:compression.type=gzip,steve.banks@optum.com,sbanks34,FULL
prod.vms.icd9cm_diagnosis_table,*,beam-mandr,*,ebaas-mandr-nice-prod,2,cleanup.policy=compact:delete.retention.ms=1209600000:max.compaction.lag.ms=86400000:compression.type=gzip,steve.banks@optum.com,sbanks34,FULL
prod.vms.ices_edit_detail,*,beam-mandr,*,ebaas-mandr-nice-prod,16,cleanup.policy=compact:delete.retention.ms=1209600000:max.compaction.lag.ms=86400000:compression.type=gzip,steve.banks@optum.com,sbanks34,FULL	
prod.vms.member_ship,*,beam-mandr,*,ebaas-mandr-nice-prod,8,cleanup.policy=compact:delete.retention.ms=1209600000:max.compaction.lag.ms=86400000:compression.type=gzip,steve.banks@optum.com,sbanks34,FULL
prod.vms.member_address,*,beam-mandr,*,ebaas-mandr-nice-prod,32,cleanup.policy=compact:delete.retention.ms=1209600000:max.compaction.lag.ms=86400000:compression.type=gzip,steve.banks@optum.com,sbanks34,FULL	
prod.vms.member_medicare,*,beam-mandr,*,ebaas-mandr-nice-prod,16,cleanup.policy=compact:delete.retention.ms=1209600000:max.compaction.lag.ms=86400000:compression.type=gzip,steve.banks@optum.com,sbanks34,FULL
prod.vms.membership_changes,*,beam-mandr,*,ebaas-mandr-nice-prod,32,cleanup.policy=compact:delete.retention.ms=1209600000:max.compaction.lag.ms=86400000:compression.type=gzip,steve.banks@optum.com,sbanks34,FULL	
prod.vms.non_contracted_provider,*,beam-mandr,*,ebaas-mandr-nice-prod,1,cleanup.policy=compact:delete.retention.ms=1209600000:max.compaction.lag.ms=86400000:compression.type=gzip,steve.banks@optum.com,sbanks34,FULL
prod.vms.provider_address,*,beam-mandr,*,ebaas-mandr-nice-prod,4,cleanup.policy=compact:delete.retention.ms=1209600000:max.compaction.lag.ms=86400000:compression.type=gzip,steve.banks@optum.com,sbanks34,FULL
prod.vms.provider_contract_new,*,beam-mandr,*,ebaas-mandr-nice-prod,8,cleanup.policy=compact:delete.retention.ms=1209600000:max.compaction.lag.ms=86400000:compression.type=gzip,steve.banks@optum.com,sbanks34,FULL	
prod.vms.provider_era_information,*,beam-mandr,*,ebaas-mandr-nice-prod,1,cleanup.policy=compact:delete.retention.ms=1209600000:max.compaction.lag.ms=86400000:compression.type=gzip,steve.banks@optum.com,sbanks34,FULL
prod.vms.provider_facility,*,beam-mandr,*,ebaas-mandr-nice-prod,2,cleanup.policy=compact:delete.retention.ms=1209600000:max.compaction.lag.ms=86400000:compression.type=gzip,steve.banks@optum.com,sbanks34,FULL
prod.vms.provider_facility_contact,*,beam-mandr,*,ebaas-mandr-nice-prod,1,cleanup.policy=compact:delete.retention.ms=1209600000:max.compaction.lag.ms=86400000:compression.type=gzip,steve.banks@optum.com,sbanks34,FULL
prod.vms.provider_group,*,beam-mandr,*,ebaas-mandr-nice-prod,2,cleanup.policy=compact:delete.retention.ms=1209600000:max.compaction.lag.ms=86400000:compression.type=gzip,steve.banks@optum.com,sbanks34,FULL
prod.vms.provider_npi,*,beam-mandr,*,ebaas-mandr-nice-prod,8,cleanup.policy=compact:delete.retention.ms=1209600000:max.compaction.lag.ms=86400000:compression.type=gzip,steve.banks@optum.com,sbanks34,FULL
prod.vms.provider_npi_taxonomy,*,beam-mandr,*,ebaas-mandr-nice-prod,1,cleanup.policy=compact:delete.retention.ms=1209600000:max.compaction.lag.ms=86400000:compression.type=gzip,steve.banks@optum.com,sbanks34,FULL
prod.vms.service_code_group_xref,*,beam-mandr,*,ebaas-mandr-nice-prod,1,cleanup.policy=compact:delete.retention.ms=1209600000:max.compaction.lag.ms=86400000:compression.type=gzip,steve.banks@optum.com,sbanks34,FULL
prod.vms.service_group_benefit_mapping,*,beam-mandr,*,ebaas-mandr-nice-prod,1,cleanup.policy=compact:delete.retention.ms=1209600000:max.compaction.lag.ms=86400000:compression.type=gzip,steve.banks@optum.com,sbanks34,FULL
prod.vms.standard_plan_benefit,*,beam-mandr,*,ebaas-mandr-nice-prod,2,cleanup.policy=compact:delete.retention.ms=1209600000:max.compaction.lag.ms=86400000:compression.type=gzip,steve.banks@optum.com,sbanks34,FULL
prod.vms.standard_service,*,beam-mandr,*,ebaas-mandr-nice-prod,8,cleanup.policy=compact:delete.retention.ms=1209600000:max.compaction.lag.ms=86400000:compression.type=gzip,steve.banks@optum.com,sbanks34,FULL	
prod.vms.taxpayer_info,*,beam-mandr,*,ebaas-mandr-nice-prod,1,cleanup.policy=compact:delete.retention.ms=1209600000:max.compaction.lag.ms=86400000:compression.type=gzip,steve.banks@optum.com,sbanks34,FULL
prod.vms.up_ces_member_crossref,*,beam-mandr,*,ebaas-mandr-nice-prod,1,cleanup.policy=compact:delete.retention.ms=1209600000:max.compaction.lag.ms=86400000:compression.type=gzip,steve.banks@optum.com,sbanks34,FULL