topic,producer-hosts,producer-cn,consumer-hosts,consumer-cn,partitions,config,email,ms-id,compatibility,aha-id
uhd-prod-kafka-claas.ATTPROD.UHD.dbo.CMC_CLCL_CLAIM,*,beam-mandr,*,ebaas-mandr-dentalfacets-prod,100,cleanup.policy=compact:delete.retention.ms=1209600000:max.compaction.lag.ms=86400000:compression.type=gzip,ketan_raghav@optum.com,kragha11:sbanks34,FULL,HCPFKAFKA-I-235
uhd-prod-kafka-claas.ATTPROD.UHD.dbo.CMC_MCTR_CD_TRANS,*,beam-mandr,*,ebaas-mandr-dentalfacets-prod,3,cleanup.policy=compact:delete.retention.ms=1209600000:max.compaction.lag.ms=86400000:compression.type=gzip,ketan_raghav@optum.com,kragha11:sbanks34,FULL,HCPFKAFKA-I-235
uhd-prod-kafka-claas.ATTPROD.UHD.dbo.SCST_DBP_ENTX_ENTITY_XREF,*,beam-mandr,*,ebaas-mandr-dentalfacets-prod,3,cleanup.policy=compact:delete.retention.ms=1209600000:max.compaction.lag.ms=86400000:compression.type=gzip,ketan_raghav@optum.com,kragha11:sbanks34,FULL,HCPFKAFKA-I-235
uhd-prod-kafka-claas.ATTPROD.UHD.dbo.CMC_EXCD_EXPL_CD,*,beam-mandr,*,ebaas-mandr-dentalfacets-prod,3,cleanup.policy=compact:delete.retention.ms=1209600000:max.compaction.lag.ms=86400000:compression.type=gzip,ketan_raghav@optum.com,kragha11:sbanks34,FULL,HCPFKAFKA-I-235
uhd-prod-kafka-claas.ATTPROD.UHD.dbo.CMC_CLED_EDI_DATA,*,beam-mandr,*,ebaas-mandr-dentalfacets-prod,100,cleanup.policy=compact:delete.retention.ms=1209600000:max.compaction.lag.ms=86400000:compression.type=gzip,ketan_raghav@optum.com,kragha11:sbanks34,FULL,HCPFKAFKA-I-235
uhd-prod-kafka-claas.ATTPROD.UHD.dbo.scst_xc_trad_part,*,beam-mandr,*,ebaas-mandr-dentalfacets-prod,1,cleanup.policy=compact:delete.retention.ms=1209600000:max.compaction.lag.ms=86400000:compression.type=gzip,ketan_raghav@optum.com,kragha11:sbanks34,FULL,HCPFKAFKA-I-235
uhd-prod-kafka-claas.ATTPROD.UHD.dbo.CMC_CDDL_CL_LINE,*,beam-mandr,*,ebaas-mandr-dentalfacets-prod,100,cleanup.policy=compact:delete.retention.ms=1209600000:max.compaction.lag.ms=86400000:compression.type=gzip,ketan_raghav@optum.com,kragha11:sbanks34,FULL,HCPFKAFKA-I-235
uhd-prod-kafka-claas.ATTPROD.UHD.dbo.CMC_CLST_STATUS,*,beam-mandr,*,ebaas-mandr-dentalfacets-prod,100,cleanup.policy=compact:delete.retention.ms=1209600000:max.compaction.lag.ms=86400000:compression.type=gzip,ketan_raghav@optum.com,kragha11:sbanks34,FULL,HCPFKAFKA-I-235
uhd-prod-kafka-claas.ATTPROD.UHD.dbo.CMC_CKCK_CHECK,*,beam-mandr,*,ebaas-mandr-dentalfacets-prod,50,cleanup.policy=compact:delete.retention.ms=1209600000:max.compaction.lag.ms=86400000:compression.type=gzip,ketan_raghav@optum.com,kragha11:sbanks34,FULL,HCPFKAFKA-I-235
uhd-prod-kafka-claas.ATTPROD.UHD.dbo.CMC_CLCK_CLM_CHECK,*,beam-mandr,*,ebaas-mandr-dentalfacets-prod,100,cleanup.policy=compact:delete.retention.ms=1209600000:max.compaction.lag.ms=86400000:compression.type=gzip,ketan_raghav@optum.com,kragha11:sbanks34,FULL,HCPFKAFKA-I-235
uhd-prod-kafka-claas.ATTPROD.UHD.dbo.scst_eft_trsy_bank,*,beam-mandr,*,ebaas-mandr-dentalfacets-prod,1,cleanup.policy=compact:delete.retention.ms=1209600000:max.compaction.lag.ms=86400000:compression.type=gzip,ketan_raghav@optum.com,kragha11:sbanks34,FULL,HCPFKAFKA-I-235
uhd-prod-kafka-claas.ATTPROD.UHD.dbo.CMC_SBSB_SUBSC,*,beam-mandr,*,ebaas-mandr-dentalfacets-prod,32,cleanup.policy=compact:delete.retention.ms=1209600000:max.compaction.lag.ms=86400000:compression.type=gzip,ketan_raghav@optum.com,kragha11:sbanks34,FULL,HCPFKAFKA-I-235
uhd-prod-kafka-claas.ATTPROD.UHD.dbo.CMC_MEME_MEMBER,*,beam-mandr,*,ebaas-mandr-dentalfacets-prod,50,cleanup.policy=compact:delete.retention.ms=1209600000:max.compaction.lag.ms=86400000:compression.type=gzip,ketan_raghav@optum.com,kragha11:sbanks34,FULL,HCPFKAFKA-I-235
uhd-prod-kafka-claas.ATTPROD.UHD.dbo.CMC_CLPE_PROV_DATA,*,beam-mandr,*,ebaas-mandr-dentalfacets-prod,100,cleanup.policy=compact:delete.retention.ms=1209600000:max.compaction.lag.ms=86400000:compression.type=gzip,ketan_raghav@optum.com,kragha11:sbanks34,FULL,HCPFKAFKA-I-235
uhd-prod-kafka-claas.ATTPROD.UHD.dbo.CMC_CLMF_MULT_FUNC,*,beam-mandr,*,ebaas-mandr-dentalfacets-prod,100,cleanup.policy=compact:delete.retention.ms=1209600000:max.compaction.lag.ms=86400000:compression.type=gzip,ketan_raghav@optum.com,kragha11:sbanks34,FULL,HCPFKAFKA-I-235
uhd-prod-kafka-claas.ATTPROD.UHD.dbo.CER_ATUF_USERFLD_D,*,beam-mandr,*,ebaas-mandr-dentalfacets-prod,50,cleanup.policy=compact:delete.retention.ms=1209600000:max.compaction.lag.ms=86400000:compression.type=gzip,ketan_raghav@optum.com,kragha11:sbanks34,FULL,HCPFKAFKA-I-235
uhd-prod-kafka-claas.ATTPROD.UHD.dbo.CMC_CLMD_DIAG,*,beam-mandr,*,ebaas-mandr-dentalfacets-prod,3,cleanup.policy=compact:delete.retention.ms=1209600000:max.compaction.lag.ms=86400000:compression.type=gzip,ketan_raghav@optum.com,kragha11:sbanks34,FULL,HCPFKAFKA-I-235
uhd-prod-kafka-claas.ATTPROD.UHD.dbo.CMC_IDCD_DIAG_CD,*,beam-mandr,*,ebaas-mandr-dentalfacets-prod,3,cleanup.policy=compact:delete.retention.ms=1209600000:max.compaction.lag.ms=86400000:compression.type=gzip,ketan_raghav@optum.com,kragha11:sbanks34,FULL,HCPFKAFKA-I-235
uhd-prod-kafka-claas.ATTPROD.UHD.dbo.CMC_DPDS_DESC,*,beam-mandr,*,ebaas-mandr-dentalfacets-prod,3,cleanup.policy=compact:delete.retention.ms=1209600000:max.compaction.lag.ms=86400000:compression.type=gzip,ketan_raghav@optum.com,kragha11:sbanks34,FULL,HCPFKAFKA-I-235
uhd-prod-kafka-claas.ATTPROD.UHD.dbo.CER_ATXR_ATTACH_U,*,beam-mandr,*,ebaas-mandr-dentalfacets-prod,100,cleanup.policy=compact:delete.retention.ms=1209600000:max.compaction.lag.ms=86400000:compression.type=gzip,ketan_raghav@optum.com,kragha11:sbanks34,FULL,HCPFKAFKA-I-235
uhd-prod-kafka-claas.ATTPROD.UHD.dbo.CER_SYML_MSG_LOG,*,beam-mandr,*,ebaas-mandr-dentalfacets-prod,100,cleanup.policy=compact:delete.retention.ms=1209600000:max.compaction.lag.ms=86400000:compression.type=gzip,ketan_raghav@optum.com,kragha11:sbanks34,FULL,HCPFKAFKA-I-235
uhd-prod-kafka-claas.ATTPROD.UHD.dbo.CER_SYMD_MSG_DEF,*,beam-mandr,*,ebaas-mandr-dentalfacets-prod,1,cleanup.policy=compact:delete.retention.ms=1209600000:max.compaction.lag.ms=86400000:compression.type=gzip,ketan_raghav@optum.com,kragha11:sbanks34,FULL,HCPFKAFKA-I-235
uhd-prod-kafka-claas.ATTPROD.UHD.dbo.CMC_CLDN_CLM_DEN,*,beam-mandr,*,ebaas-mandr-dentalfacets-prod,100,cleanup.policy=compact:delete.retention.ms=1209600000:max.compaction.lag.ms=86400000:compression.type=gzip,ketan_raghav@optum.com,kragha11:sbanks34,FULL,HCPFKAFKA-I-235
uhd-prod-kafka-claas.ATTPROD.UHD.dbo.CMC_DPTC_DESC,*,beam-mandr,*,ebaas-mandr-dentalfacets-prod,3,cleanup.policy=compact:delete.retention.ms=1209600000:max.compaction.lag.ms=86400000:compression.type=gzip,ketan_raghav@optum.com,kragha11:sbanks34,FULL,HCPFKAFKA-I-235
uhd-prod-kafka-claas.ATTPROD.UHD.dbo.scst_clcl_xc_img_extract,*,beam-mandr,*,ebaas-mandr-dentalfacets-prod,1,cleanup.policy=compact:delete.retention.ms=1209600000:max.compaction.lag.ms=86400000:compression.type=gzip,ketan_raghav@optum.com,kragha11:sbanks34,FULL,HCPFKAFKA-I-235
uhd-prod-kafka-claas.ATTPROD.UHD.dbo.CMC_CDLM_ACC_LMT,*,beam-mandr,*,ebaas-mandr-dentalfacets-prod,32,cleanup.policy=compact:delete.retention.ms=1209600000:max.compaction.lag.ms=86400000:compression.type=gzip,ketan_raghav@optum.com,kragha11:sbanks34,FULL,HCPFKAFKA-I-235
uhd-prod-kafka-claas.ATTPROD.UHD.dbo.CMC_CDDC_DNLI_COB,*,beam-mandr,*,ebaas-mandr-dentalfacets-prod,16,cleanup.policy=compact:delete.retention.ms=1209600000:max.compaction.lag.ms=86400000:compression.type=gzip,ketan_raghav@optum.com,kragha11:sbanks34,FULL,HCPFKAFKA-I-235
uhd-prod-kafka-claas.ATTPROD.UHD.dbo.CMC_PRPR_PROV,*,beam-mandr,*,ebaas-mandr-dentalfacets-prod,8,cleanup.policy=compact:delete.retention.ms=1209600000:max.compaction.lag.ms=86400000:compression.type=gzip,ketan_raghav@optum.com,kragha11:sbanks34,FULL,HCPFKAFKA-I-235
uhd-prod-kafka-claas.ATTPROD.UHD.dbo.CMC_MCTI_TAX_INFO,*,beam-mandr,*,ebaas-mandr-dentalfacets-prod,8,cleanup.policy=compact:delete.retention.ms=1209600000:max.compaction.lag.ms=86400000:compression.type=gzip,ketan_raghav@optum.com,kragha11:sbanks34,FULL,HCPFKAFKA-I-235
uhd-prod-kafka-claas.ATTPROD.UHD.dbo.CMC_GRGR_GROUP,*,beam-mandr,*,ebaas-mandr-dentalfacets-prod,16,cleanup.policy=compact:delete.retention.ms=1209600000:max.compaction.lag.ms=86400000:compression.type=gzip,ketan_raghav@optum.com,kragha11:sbanks34,FULL,HCPFKAFKA-I-235
uhd-prod-kafka-claas.ATTPROD.UHD.dbo.CMC_CLOR_CL_OVR,*,beam-mandr,*,ebaas-mandr-dentalfacets-prod,8,cleanup.policy=compact:delete.retention.ms=1209600000:max.compaction.lag.ms=86400000:compression.type=gzip,ketan_raghav@optum.com,kragha11:sbanks34,FULL,HCPFKAFKA-I-235
uhd-prod-kafka-claas.ATTPROD.UHD.dbo.CMC_CDDO_DNLI_OVR,*,beam-mandr,*,ebaas-mandr-dentalfacets-prod,50,cleanup.policy=compact:delete.retention.ms=1209600000:max.compaction.lag.ms=86400000:compression.type=gzip,ketan_raghav@optum.com,kragha11:sbanks34,FULL,HCPFKAFKA-I-235
uhd-prod-kafka-claas.ATTPROD.UHD.dbo.CMC_MEPE_PRCS_ELIG,*,beam-mandr,*,ebaas-mandr-dentalfacets-prod,100,cleanup.policy=compact:delete.retention.ms=1209600000:max.compaction.lag.ms=86400000:compression.type=gzip,ketan_raghav@optum.com,kragha11:sbanks34,FULL,HCPFKAFKA-I-235
uhd-prod-kafka-claas.ATTPROD.UHD.dbo.CMC_BLBL_BILL_SUMM,*,beam-mandr,*,ebaas-mandr-dentalfacets-prod,8,cleanup.policy=compact:delete.retention.ms=1209600000:max.compaction.lag.ms=86400000:compression.type=gzip,ketan_raghav@optum.com,kragha11:sbanks34,FULL,HCPFKAFKA-I-235
uhd-prod-kafka-claas.ATTPROD.UHD.dbo.CMC_PAGR_PARENT_GR,*,beam-mandr,*,ebaas-mandr-dentalfacets-prod,3,cleanup.policy=compact:delete.retention.ms=1209600000:max.compaction.lag.ms=86400000:compression.type=gzip,ketan_raghav@optum.com,kragha11:sbanks34,FULL,HCPFKAFKA-I-235
uhd-prod-kafka-claas.ATTPROD.UHD.dbo.CMC_SGSG_SUB_GROUP,*,beam-mandr,*,ebaas-mandr-dentalfacets-prod,8,cleanup.policy=compact:delete.retention.ms=1209600000:max.compaction.lag.ms=86400000:compression.type=gzip,ketan_raghav@optum.com,kragha11:sbanks34,FULL,HCPFKAFKA-I-235
uhd-prod-kafka-claas.ATTPROD.UHD.dbo.CMC_PSDC_POS_DESC,*,beam-mandr,*,ebaas-mandr-dentalfacets-prod,3,cleanup.policy=compact:delete.retention.ms=1209600000:max.compaction.lag.ms=86400000:compression.type=gzip,ketan_raghav@optum.com,kragha11:sbanks34,FULL,HCPFKAFKA-I-235
uhd-prod-kafka-claas.ATTPROD.UHD.dbo.CMC_PLDS_PLAN_DESC,*,beam-mandr,*,ebaas-mandr-dentalfacets-prod,3,cleanup.policy=compact:delete.retention.ms=1209600000:max.compaction.lag.ms=86400000:compression.type=gzip,ketan_raghav@optum.com,kragha11:sbanks34,FULL,HCPFKAFKA-I-235
uhd-prod-kafka-claas.ATTPROD.UHD.dbo.CMC_MEAC_ACCUM,*,beam-mandr,*,ebaas-mandr-dentalfacets-prod,1,cleanup.policy=compact:delete.retention.ms=1209600000:max.compaction.lag.ms=86400000:compression.type=gzip,ketan_raghav@optum.com,kragha11:sbanks34,FULL,HCPFKAFKA-I-235
uhd-prod-kafka-claas.ATTPROD.UHD.dbo.CMC_AGAG_AGREEMENT,*,beam-mandr,*,ebaas-mandr-dentalfacets-prod,1,cleanup.policy=compact:delete.retention.ms=1209600000:max.compaction.lag.ms=86400000:compression.type=gzip,ketan_raghav@optum.com,kragha11:sbanks34,FULL,HCPFKAFKA-I-235
uhd-prod-kafka-claas.ATTPROD.UHD.dbo.CMC_DPRS_PRICE,*,beam-mandr,*,ebaas-mandr-dentalfacets-prod,100,cleanup.policy=compact:delete.retention.ms=1209600000:max.compaction.lag.ms=86400000:compression.type=gzip,ketan_raghav@optum.com,kragha11:sbanks34,FULL,HCPFKAFKA-I-235
uhd-prod-kafka-claas.ATTPROD.UHD.dbo.CMC_SBAD_ADDR,*,beam-mandr,*,ebaas-mandr-dentalfacets-prod,32,cleanup.policy=compact:delete.retention.ms=1209600000:max.compaction.lag.ms=86400000:compression.type=gzip,ketan_raghav@optum.com,kragha11:sbanks34,FULL,HCPFKAFKA-I-235
uhd-prod-kafka-claas.ATTPROD.UHD.dbo.CMC_MECB_COB,*,beam-mandr,*,ebaas-mandr-dentalfacets-prod,8,cleanup.policy=compact:delete.retention.ms=1209600000:max.compaction.lag.ms=86400000:compression.type=gzip,ketan_raghav@optum.com,kragha11:sbanks34,FULL,HCPFKAFKA-I-235
uhd-prod-kafka-claas.ATTPROD.UHD.dbo.CMC_PYPY_PAYOR,*,beam-mandr,*,ebaas-mandr-dentalfacets-prod,1,cleanup.policy=compact:delete.retention.ms=1209600000:max.compaction.lag.ms=86400000:compression.type=gzip,ketan_raghav@optum.com,kragha11:sbanks34,FULL,HCPFKAFKA-I-235
uhd-prod-kafka-claas.ATTPROD.UHD.dbo.scst_adin_key_src_id,*,beam-mandr,*,ebaas-mandr-dentalfacets-prod,32,cleanup.policy=compact:delete.retention.ms=1209600000:max.compaction.lag.ms=86400000:compression.type=gzip,ketan_raghav@optum.com,kragha11:sbanks34,FULL,HCPFKAFKA-I-235
uhd-prod-kafka-claas.ATTPROD.UHD.dbo.scst_adin_info,*,beam-mandr,*,ebaas-mandr-dentalfacets-prod,50,cleanup.policy=compact:delete.retention.ms=1209600000:max.compaction.lag.ms=86400000:compression.type=gzip,ketan_raghav@optum.com,kragha11:sbanks34,FULL,HCPFKAFKA-I-235
uhd-prod-kafka-claas.ATTPROD.UHD.dbo.CMC_PDDS_PROD_DESC,*,beam-mandr,*,ebaas-mandr-dentalfacets-prod,1,cleanup.policy=compact:delete.retention.ms=1209600000:max.compaction.lag.ms=86400000:compression.type=gzip,ketan_raghav@optum.com,kragha11:sbanks34,FULL,HCPFKAFKA-I-235
uhd-prod-kafka-claas.ATTPROD.UHD.dbo.CMC_CKPY_PAYEE_SUM,*,beam-mandr,*,ebaas-mandr-dentalfacets-prod,50,cleanup.policy=compact:delete.retention.ms=1209600000:max.compaction.lag.ms=86400000:compression.type=gzip,ketan_raghav@optum.com,kragha11:sbanks34,FULL,HCPFKAFKA-I-235
uhd-prod-kafka-claas.ATTPROD.UHD.dbo.CMC_CKID_INDIC,*,beam-mandr,*,ebaas-mandr-dentalfacets-prod,32,cleanup.policy=compact:delete.retention.ms=1209600000:max.compaction.lag.ms=86400000:compression.type=gzip,ketan_raghav@optum.com,kragha11:sbanks34,FULL,HCPFKAFKA-I-235
uhd-prod-kafka-claas.ATTPROD.UHD.dbo.CMC_PRAD_ADDRESS,*,beam-mandr,*,ebaas-mandr-dentalfacets-prod,8,cleanup.policy=compact:delete.retention.ms=1209600000:max.compaction.lag.ms=86400000:compression.type=gzip,ketan_raghav@optum.com,kragha11:sbanks34,FULL,HCPFKAFKA-I-235
uhd-prod-kafka-claas.ATTPROD.UHD.dbo.CMC_PRCP_COMM_PRAC,*,beam-mandr,*,ebaas-mandr-dentalfacets-prod,1,cleanup.policy=compact:delete.retention.ms=1209600000:max.compaction.lag.ms=86400000:compression.type=gzip,ketan_raghav@optum.com,kragha11:sbanks34,FULL,HCPFKAFKA-I-235
