topic,producer-hosts,producer-cn,consumer-hosts,consumer-cn,partitions,config,email,ms-id,compatibility
kaas.prod.elr.ATTPROD.GPN.PARTD.INSURED_PLAN,*,beam-mandr,*:*:*,ebaas-mandr-cosmos-prod:ebaas-mandr-gps-prod:ebaas-mandr-nice-prod,400,cleanup.policy=compact:delete.retention.ms=1209600000:max.compaction.lag.ms=86400000:compression.type=gzip,steve.banks@optum.com,sbanks34,FULL
kaas.prod.elr.ATTPROD.GPN.PARTD.INSURED_PLAN_PROVIDER,*,beam-mandr,*:*:*,ebaas-mandr-cosmos-prod:ebaas-mandr-gps-prod:ebaas-mandr-nice-prod,300,cleanup.policy=compact:delete.retention.ms=1209600000:max.compaction.lag.ms=86400000:compression.type=gzip,steve.banks@optum.com,sbanks34,FULL
kaas.prod.elr.ATTPROD.GPN.PARTD.MEMBERSHIP_NUMBER_SYSTEM,*,beam-mandr,*:*:*,ebaas-mandr-cosmos-prod:ebaas-mandr-gps-prod:ebaas-mandr-nice-prod,1,cleanup.policy=compact:delete.retention.ms=1209600000:max.compaction.lag.ms=86400000:compression.type=gzip,steve.banks@optum.com,sbanks34,FULL
kaas.prod.elr.ATTPROD.GPN.PARTD.PROVIDER_TERM_REASON_TYPE,*,beam-mandr,*:*:*,ebaas-mandr-cosmos-prod:ebaas-mandr-gps-prod:ebaas-mandr-nice-prod,1,cleanup.policy=compact:delete.retention.ms=1209600000:max.compaction.lag.ms=86400000:compression.type=gzip,steve.banks@optum.com,sbanks34,FULL
kaas.prod.elr.ATTPROD.GPN.PARTD.REGION_PLAN_PROFILE,*,beam-mandr,*:*:*,ebaas-mandr-cosmos-prod:ebaas-mandr-gps-prod:ebaas-mandr-nice-prod,64,cleanup.policy=compact:delete.retention.ms=1209600000:max.compaction.lag.ms=86400000:compression.type=gzip,steve.banks@optum.com,sbanks34,FULL
claas.prod.ATTPROD.GPS.PARTD.INSURED_PLAN,*,beam-mandr,*:*:*,ebaas-mandr-cosmos-prod:ebaas-mandr-gps-prod:ebaas-mandr-nice-prod,400,cleanup.policy=compact:delete.retention.ms=1209600000:max.compaction.lag.ms=86400000:compression.type=gzip,steve.banks@optum.com,sbanks34,FULL
claas.prod.ATTPROD.GPS.PARTD.INSURED_PLAN_PROVIDER,*,beam-mandr,*:*:*,ebaas-mandr-cosmos-prod:ebaas-mandr-gps-prod:ebaas-mandr-nice-prod,300,cleanup.policy=compact:delete.retention.ms=1209600000:max.compaction.lag.ms=86400000:compression.type=gzip,steve.banks@optum.com,sbanks34,FULL
claas.prod.ATTPROD.GPS.PARTD.MEMBERSHIP_NUMBER_SYSTEM,*,beam-mandr,*:*:*,ebaas-mandr-cosmos-prod:ebaas-mandr-gps-prod:ebaas-mandr-nice-prod,1,cleanup.policy=compact:delete.retention.ms=1209600000:max.compaction.lag.ms=86400000:compression.type=gzip,steve.banks@optum.com,sbanks34,FULL
claas.prod.ATTPROD.GPS.PARTD.PROVIDER_TERM_REASON_TYPE,*,beam-mandr,*:*:*,ebaas-mandr-cosmos-prod:ebaas-mandr-gps-prod:ebaas-mandr-nice-prod,1,cleanup.policy=compact:delete.retention.ms=1209600000:max.compaction.lag.ms=86400000:compression.type=gzip,steve.banks@optum.com,sbanks34,FULL
claas.prod.ATTPROD.GPS.PARTD.REGION_PLAN_PROFILE,*,beam-mandr,*:*:*,ebaas-mandr-cosmos-prod:ebaas-mandr-gps-prod:ebaas-mandr-nice-prod,64,cleanup.policy=compact:delete.retention.ms=1209600000:max.compaction.lag.ms=86400000:compression.type=gzip,steve.banks@optum.com,sbanks34,FULL
