topic,producer-hosts,producer-cn,consumer-hosts,consumer-cn,partitions,config,email,ms-id,compatibility
rmhp.claas.prod.canonical.claims.claim-accumulator.v2,*,beam-mandr,*,core-api-platform-loader-prod,8,cleanup.policy=compact:delete.retention.ms=1209600000:max.compaction.lag.ms=86400000:compression.type=gzip,steve.banks@optum.com:dave.reines@optum.com:kevin_schultz@optum.com:forrest.reinard@optum.com:pramod.putta@optum.com,sbanks34:kschmit:dreines:kschul16:freinard:pputta,FULL
rmhp.claas.prod.canonical.claims.claim-accumulator-archive.v2,*,beam-mandr,*,core-api-platform-loader-prod,8,cleanup.policy=compact:delete.retention.ms=1209600000:max.compaction.lag.ms=86400000:compression.type=gzip,steve.banks@optum.com:dave.reines@optum.com:kevin_schultz@optum.com:forrest.reinard@optum.com:pramod.putta@optum.com,sbanks34:kschmit:dreines:kschul16:freinard:pputta,FULL
rmhp.claas.prod.canonical.claims.claim-adjudication-service-process-code.v2,*,beam-mandr,*,core-api-platform-loader-prod,16,cleanup.policy=compact:delete.retention.ms=1209600000:max.compaction.lag.ms=86400000:compression.type=gzip,steve.banks@optum.com:dave.reines@optum.com:kevin_schultz@optum.com:forrest.reinard@optum.com:pramod.putta@optum.com,sbanks34:kschmit:dreines:kschul16:freinard:pputta,FULL
rmhp.claas.prod.canonical.claims.claim-adjudication-service-process-code-archive.v2,*,beam-mandr,*,core-api-platform-loader-prod,8,cleanup.policy=compact:delete.retention.ms=1209600000:max.compaction.lag.ms=86400000:compression.type=gzip,steve.banks@optum.com:dave.reines@optum.com:kevin_schultz@optum.com:forrest.reinard@optum.com:pramod.putta@optum.com,sbanks34:kschmit:dreines:kschul16:freinard:pputta,FULL
rmhp.claas.prod.canonical.claims.claim-adjudication-process-code.v2,*,beam-mandr,*,core-api-platform-loader-prod,16,cleanup.policy=compact:delete.retention.ms=1209600000:max.compaction.lag.ms=86400000:compression.type=gzip,steve.banks@optum.com:dave.reines@optum.com:kevin_schultz@optum.com:forrest.reinard@optum.com:pramod.putta@optum.com,sbanks34:kschmit:dreines:kschul16:freinard:pputta,FULL
rmhp.claas.prod.canonical.claims.claim-adjudication-process-code-archive.v2,*,beam-mandr,*,core-api-platform-loader-prod,8,cleanup.policy=compact:delete.retention.ms=1209600000:max.compaction.lag.ms=86400000:compression.type=gzip,steve.banks@optum.com:dave.reines@optum.com:kevin_schultz@optum.com:forrest.reinard@optum.com:pramod.putta@optum.com,sbanks34:kschmit:dreines:kschul16:freinard:pputta,FULL
rmhp.claas.prod.canonical.claims.claim-ambulance.v2,*,beam-mandr,*,core-api-platform-loader-prod,1,cleanup.policy=compact:delete.retention.ms=1209600000:max.compaction.lag.ms=86400000:compression.type=gzip,steve.banks@optum.com:dave.reines@optum.com:kevin_schultz@optum.com:forrest.reinard@optum.com:pramod.putta@optum.com,sbanks34:kschmit:dreines:kschul16:freinard:pputta,FULL
rmhp.claas.prod.canonical.claims.claim-ambulance-archive.v2,*,beam-mandr,*,core-api-platform-loader-prod,1,cleanup.policy=compact:delete.retention.ms=1209600000:max.compaction.lag.ms=86400000:compression.type=gzip,steve.banks@optum.com:dave.reines@optum.com:kevin_schultz@optum.com:forrest.reinard@optum.com:pramod.putta@optum.com,sbanks34:kschmit:dreines:kschul16:freinard:pputta,FULL
rmhp.claas.prod.canonical.claims.claim-grouper-output.v2,*,beam-mandr,*,core-api-platform-loader-prod,1,cleanup.policy=compact:delete.retention.ms=1209600000:max.compaction.lag.ms=86400000:compression.type=gzip,steve.banks@optum.com:dave.reines@optum.com:kevin_schultz@optum.com:forrest.reinard@optum.com:pramod.putta@optum.com,sbanks34:kschmit:dreines:kschul16:freinard:pputta,FULL
rmhp.claas.prod.canonical.claims.claim-grouper-output-archive.v2,*,beam-mandr,*,core-api-platform-loader-prod,1,cleanup.policy=compact:delete.retention.ms=1209600000:max.compaction.lag.ms=86400000:compression.type=gzip,steve.banks@optum.com:dave.reines@optum.com:kevin_schultz@optum.com:forrest.reinard@optum.com:pramod.putta@optum.com,sbanks34:kschmit:dreines:kschul16:freinard:pputta,FULL
rmhp.claas.prod.canonical.claims.claim-other-payer.v2,*,beam-mandr,*,core-api-platform-loader-prod,8,cleanup.policy=compact:delete.retention.ms=1209600000:max.compaction.lag.ms=86400000:compression.type=gzip,steve.banks@optum.com:dave.reines@optum.com:kevin_schultz@optum.com:forrest.reinard@optum.com:pramod.putta@optum.com,sbanks34:kschmit:dreines:kschul16:freinard:pputta,FULL
rmhp.claas.prod.canonical.claims.claim-other-payer-archive.v2,*,beam-mandr,*,core-api-platform-loader-prod,8,cleanup.policy=compact:delete.retention.ms=1209600000:max.compaction.lag.ms=86400000:compression.type=gzip,steve.banks@optum.com:dave.reines@optum.com:kevin_schultz@optum.com:forrest.reinard@optum.com:pramod.putta@optum.com,sbanks34:kschmit:dreines:kschul16:freinard:pputta,FULL
rmhp.claas.prod.canonical.claims.claim-pricing.v2,*,beam-mandr,*,core-api-platform-loader-prod,16,cleanup.policy=compact:delete.retention.ms=1209600000:max.compaction.lag.ms=86400000:compression.type=gzip,steve.banks@optum.com:dave.reines@optum.com:kevin_schultz@optum.com:forrest.reinard@optum.com:pramod.putta@optum.com,sbanks34:kschmit:dreines:kschul16:freinard:pputta,FULL
rmhp.claas.prod.canonical.claims.claim-pricing-archive.v2,*,beam-mandr,*,core-api-platform-loader-prod,8,cleanup.policy=compact:delete.retention.ms=1209600000:max.compaction.lag.ms=86400000:compression.type=gzip,steve.banks@optum.com:dave.reines@optum.com:kevin_schultz@optum.com:forrest.reinard@optum.com:pramod.putta@optum.com,sbanks34:kschmit:dreines:kschul16:freinard:pputta,FULL
rmhp.claas.prod.canonical.claims.claim-service-adjudication-group.v2,*,beam-mandr,*,core-api-platform-loader-prod,32,cleanup.policy=compact:delete.retention.ms=1209600000:max.compaction.lag.ms=86400000:compression.type=gzip,steve.banks@optum.com:dave.reines@optum.com:kevin_schultz@optum.com:forrest.reinard@optum.com:pramod.putta@optum.com,sbanks34:kschmit:dreines:kschul16:freinard:pputta,FULL
rmhp.claas.prod.canonical.claims.claim-service-adjudication-group-archive.v2,*,beam-mandr,*,core-api-platform-loader-prod,8,cleanup.policy=compact:delete.retention.ms=1209600000:max.compaction.lag.ms=86400000:compression.type=gzip,steve.banks@optum.com:dave.reines@optum.com:kevin_schultz@optum.com:forrest.reinard@optum.com:pramod.putta@optum.com,sbanks34:kschmit:dreines:kschul16:freinard:pputta,FULL
rmhp.claas.prod.canonical.claims.claim-service-ambulance.v2,*,beam-mandr,*,core-api-platform-loader-prod,1,cleanup.policy=compact:delete.retention.ms=1209600000:max.compaction.lag.ms=86400000:compression.type=gzip,steve.banks@optum.com:dave.reines@optum.com:kevin_schultz@optum.com:forrest.reinard@optum.com:pramod.putta@optum.com,sbanks34:kschmit:dreines:kschul16:freinard:pputta,FULL
rmhp.claas.prod.canonical.claims.claim-service-ambulance-archive.v2,*,beam-mandr,*,core-api-platform-loader-prod,1,cleanup.policy=compact:delete.retention.ms=1209600000:max.compaction.lag.ms=86400000:compression.type=gzip,steve.banks@optum.com:dave.reines@optum.com:kevin_schultz@optum.com:forrest.reinard@optum.com:pramod.putta@optum.com,sbanks34:kschmit:dreines:kschul16:freinard:pputta,FULL
rmhp.claas.prod.canonical.claims.claim-service-line-accumulator.v2,*,beam-mandr,*,core-api-platform-loader-prod,8,cleanup.policy=compact:delete.retention.ms=1209600000:max.compaction.lag.ms=86400000:compression.type=gzip,steve.banks@optum.com:dave.reines@optum.com:kevin_schultz@optum.com:forrest.reinard@optum.com:pramod.putta@optum.com,sbanks34:kschmit:dreines:kschul16:freinard:pputta,FULL
rmhp.claas.prod.canonical.claims.claim-service-line-accumulator-archive.v2,*,beam-mandr,*,core-api-platform-loader-prod,8,cleanup.policy=compact:delete.retention.ms=1209600000:max.compaction.lag.ms=86400000:compression.type=gzip,steve.banks@optum.com:dave.reines@optum.com:kevin_schultz@optum.com:forrest.reinard@optum.com:pramod.putta@optum.com,sbanks34:kschmit:dreines:kschul16:freinard:pputta,FULL
rmhp.claas.prod.canonical.claims.claim-service-line.v2,*,beam-mandr,*,core-api-platform-loader-prod,16,cleanup.policy=compact:delete.retention.ms=1209600000:max.compaction.lag.ms=86400000:compression.type=gzip,steve.banks@optum.com:dave.reines@optum.com:kevin_schultz@optum.com:forrest.reinard@optum.com:pramod.putta@optum.com,sbanks34:kschmit:dreines:kschul16:freinard:pputta,FULL
rmhp.claas.prod.canonical.claims.claim-service-line-archive.v2,*,beam-mandr,*,core-api-platform-loader-prod,8,cleanup.policy=compact:delete.retention.ms=1209600000:max.compaction.lag.ms=86400000:compression.type=gzip,steve.banks@optum.com:dave.reines@optum.com:kevin_schultz@optum.com:forrest.reinard@optum.com:pramod.putta@optum.com,sbanks34:kschmit:dreines:kschul16:freinard:pputta,FULL
rmhp.claas.prod.canonical.claims.claim-service-other-payer.v2,*,beam-mandr,*,core-api-platform-loader-prod,16,cleanup.policy=compact:delete.retention.ms=1209600000:max.compaction.lag.ms=86400000:compression.type=gzip,steve.banks@optum.com:dave.reines@optum.com:kevin_schultz@optum.com:forrest.reinard@optum.com:pramod.putta@optum.com,sbanks34:kschmit:dreines:kschul16:freinard:pputta,FULL
rmhp.claas.prod.canonical.claims.claim-service-other-payer-archive.v2,*,beam-mandr,*,core-api-platform-loader-prod,8,cleanup.policy=compact:delete.retention.ms=1209600000:max.compaction.lag.ms=86400000:compression.type=gzip,steve.banks@optum.com:dave.reines@optum.com:kevin_schultz@optum.com:forrest.reinard@optum.com:pramod.putta@optum.com,sbanks34:kschmit:dreines:kschul16:freinard:pputta,FULL
rmhp.claas.prod.canonical.claims.claim-service-pricing.v2,*,beam-mandr,*,core-api-platform-loader-prod,16,cleanup.policy=compact:delete.retention.ms=1209600000:max.compaction.lag.ms=86400000:compression.type=gzip,steve.banks@optum.com:dave.reines@optum.com:kevin_schultz@optum.com:forrest.reinard@optum.com:pramod.putta@optum.com,sbanks34:kschmit:dreines:kschul16:freinard:pputta,FULL
rmhp.claas.prod.canonical.claims.claim-service-pricing-archive.v2,*,beam-mandr,*,core-api-platform-loader-prod,8,cleanup.policy=compact:delete.retention.ms=1209600000:max.compaction.lag.ms=86400000:compression.type=gzip,steve.banks@optum.com:dave.reines@optum.com:kevin_schultz@optum.com:forrest.reinard@optum.com:pramod.putta@optum.com,sbanks34:kschmit:dreines:kschul16:freinard:pputta,FULL
rmhp.claas.prod.canonical.claims.claim-transaction.v2,*,beam-mandr,*,core-api-platform-loader-prod,32,cleanup.policy=compact:delete.retention.ms=1209600000:max.compaction.lag.ms=86400000:compression.type=gzip,steve.banks@optum.com:dave.reines@optum.com:kevin_schultz@optum.com:forrest.reinard@optum.com:pramod.putta@optum.com,sbanks34:kschmit:dreines:kschul16:freinard:pputta,FULL
rmhp.claas.prod.canonical.claims.claim-transaction-archive.v2,*,beam-mandr,*,core-api-platform-loader-prod,8,cleanup.policy=compact:delete.retention.ms=1209600000:max.compaction.lag.ms=86400000:compression.type=gzip,steve.banks@optum.com:dave.reines@optum.com:kevin_schultz@optum.com:forrest.reinard@optum.com:pramod.putta@optum.com,sbanks34:kschmit:dreines:kschul16:freinard:pputta,FULL
rmhp.claas.prod.canonical.claims.claim-transaction-status.v2,*,beam-mandr,*,core-api-platform-loader-prod,32,cleanup.policy=compact:delete.retention.ms=1209600000:max.compaction.lag.ms=86400000:compression.type=gzip,steve.banks@optum.com:dave.reines@optum.com:kevin_schultz@optum.com:forrest.reinard@optum.com:pramod.putta@optum.com,sbanks34:kschmit:dreines:kschul16:freinard:pputta,FULL
rmhp.claas.prod.canonical.claims.claim-transaction-status-archive.v2,*,beam-mandr,*,core-api-platform-loader-prod,8,cleanup.policy=compact:delete.retention.ms=1209600000:max.compaction.lag.ms=86400000:compression.type=gzip,steve.banks@optum.com:dave.reines@optum.com:kevin_schultz@optum.com:forrest.reinard@optum.com:pramod.putta@optum.com,sbanks34:kschmit:dreines:kschul16:freinard:pputta,FULL
rmhp.claas.prod.canonical.claims.claim-transaction-standardized-attribute.v2,*,beam-mandr,*,core-api-platform-loader-prod,8,cleanup.policy=compact:delete.retention.ms=1209600000:max.compaction.lag.ms=86400000:compression.type=gzip,steve.banks@optum.com:dave.reines@optum.com:kevin_schultz@optum.com:forrest.reinard@optum.com:pramod.putta@optum.com,sbanks34:kschmit:dreines:kschul16:freinard:pputta,FULL
rmhp.claas.prod.canonical.claims.claim-transaction-standardized-attribute-archive.v2,*,beam-mandr,*,core-api-platform-loader-prod,8,cleanup.policy=compact:delete.retention.ms=1209600000:max.compaction.lag.ms=86400000:compression.type=gzip,steve.banks@optum.com:dave.reines@optum.com:kevin_schultz@optum.com:forrest.reinard@optum.com:pramod.putta@optum.com,sbanks34:kschmit:dreines:kschul16:freinard:pputta,FULL
rmhp.claas.prod.canonical.security.consumer-role-permission,*,beam-mandr,*,core-api-platform-loader-prod,1,cleanup.policy=compact:delete.retention.ms=1209600000:max.compaction.lag.ms=86400000:compression.type=gzip,steve.banks@optum.com:dave.reines@optum.com:kevin_schultz@optum.com:forrest.reinard@optum.com:pramod.putta@optum.com,sbanks34:kschmit:dreines:kschul16:freinard:pputta,FULL
rmhp.claas.prod.canonical.eligibility.eligibility.v3,*,ebaas-mandr-rmhp-prod,*:*,beam-mandr:core-api-platform-loader-prod,8,cleanup.policy=compact:delete.retention.ms=1209600000:compression.type=gzip,steve.banks@optum.com:dave.reines@optum.com:kevin_schultz@optum.com:forrest.reinard@optum.com:pramod.putta@optum.com,sbanks34:kschmit:dreines:kschul16:freinard:pputta,FULL
rmhp.claas.prod.canonical.eligibility.membership.v3,*,beam-mandr,*,ebaas-mandr-rmhp-prod,8,cleanup.policy=compact:delete.retention.ms=1209600000:compression.type=gzip,steve.banks@optum.com,sbanks34,FULL
rmhp.claas.prod.canonical.eligibility.source-individual.v3,*,beam-mandr,*,ebaas-mandr-rmhp-prod,8,cleanup.policy=compact:delete.retention.ms=1209600000:compression.type=gzip,steve.banks@optum.com,sbanks34,FULL