topic,producer-hosts,producer-cn,consumer-hosts,consumer-cn,partitions,config,email,ms-id,compatibility
kaas.sierra.dev.claim-adjudicated.claim-accumulator,*,beam-mandr,,,1,cleanup.policy=compact:delete.retention.ms=1209600000:max.compaction.lag.ms=86400000:compression.type=gzip,varun.bandarupalli@uhc.com:dana.dingee@uhc.com,vbandar4:ddingee,FULL
kaas.sierra.dev.claim-adjudicated.claim-adjudication-process-code,*,beam-mandr,,,1,cleanup.policy=compact:delete.retention.ms=1209600000:max.compaction.lag.ms=86400000:compression.type=gzip,varun.bandarupalli@uhc.com:dana.dingee@uhc.com,vbandar4:ddingee,FULL
kaas.sierra.dev.claim-adjudicated.claim-adjudication-service-process-code,*,beam-mandr,,,1,cleanup.policy=compact:delete.retention.ms=1209600000:max.compaction.lag.ms=86400000:compression.type=gzip,varun.bandarupalli@uhc.com:dana.dingee@uhc.com,vbandar4:ddingee,FULL
kaas.sierra.dev.claim-adjudicated.claim-grouper-output,*,beam-mandr,,,1,cleanup.policy=compact:delete.retention.ms=1209600000:max.compaction.lag.ms=86400000:compression.type=gzip,varun.bandarupalli@uhc.com:dana.dingee@uhc.com,vbandar4:ddingee,FULL
kaas.sierra.dev.claim-adjudicated.claim-other-payer,*,beam-mandr,*,core-api-platform-loader-stage,1,cleanup.policy=compact:delete.retention.ms=1209600000:max.compaction.lag.ms=86400000:compression.type=gzip,varun.bandarupalli@uhc.com:dana.dingee@uhc.com:scott_strzynski@optum.com:dave.reines@optum.com:kevin_schultz@optum.com:santhosh_mukhta@optum.com,vbandar4:ddingee:sstrzyns:dreines:kschul16:smuktha,FULL
kaas.sierra.dev.claim-adjudicated.claim-service-line,*,beam-mandr,*,core-api-platform-loader-stage,1,cleanup.policy=compact:delete.retention.ms=1209600000:max.compaction.lag.ms=86400000:compression.type=gzip,varun.bandarupalli@uhc.com:dana.dingee@uhc.com:scott_strzynski@optum.com:dave.reines@optum.com:kevin_schultz@optum.com:santhosh_mukhta@optum.com,vbandar4:ddingee:sstrzyns:dreines:kschul16:smuktha,FULL
kaas.sierra.dev.claim-adjudicated.claim-service-line-accumulator,*,beam-mandr,,,1,cleanup.policy=compact:delete.retention.ms=1209600000:max.compaction.lag.ms=86400000:compression.type=gzip,varun.bandarupalli@uhc.com:dana.dingee@uhc.com,vbandar4:ddingee,FULL
kaas.sierra.dev.claim-adjudicated.claim-service-other-payer,*,beam-mandr,*,core-api-platform-loader-stage,1,cleanup.policy=compact:delete.retention.ms=1209600000:max.compaction.lag.ms=86400000:compression.type=gzip,varun.bandarupalli@uhc.com:dave.reines@optum.com:kevin_schultz@optum.com:santhosh_mukhta@optum.com:dana.dingee@uhc.com,vbandar4:ddingeed:reines:kschul16:smuktha,FULL
kaas.sierra.dev.claim-adjudicated.claim-service-pricing,*,beam-mandr,,,1,cleanup.policy=compact:delete.retention.ms=1209600000:max.compaction.lag.ms=86400000:compression.type=gzip,varun.bandarupalli@uhc.com:dana.dingee@uhc.com,vbandar4:ddingee,FULL
kaas.sierra.dev.claim-adjudicated.claim-transaction,*,beam-mandr,*,core-api-platform-loader-stage,1,cleanup.policy=compact:delete.retention.ms=1209600000:max.compaction.lag.ms=86400000:compression.type=gzip,varun.bandarupalli@uhc.com:dana.dingee@uhc.com:scott_strzynski@optum.com:dave.reines@optum.com:kevin_schultz@optum.com:santhosh_mukhta@optum.com,vbandar4:ddingee:sstrzyns:dreines:kschul16:smuktha,FULL
kaas.sierra.dev.claim-adjudicated.claim-transaction-status,*,beam-mandr,,,1,cleanup.policy=compact:delete.retention.ms=1209600000:max.compaction.lag.ms=86400000:compression.type=gzip,varun.bandarupalli@uhc.com:dana.dingee@uhc.com,vbandar4:ddingee,FULL
kaas.sierra.dev.claim-adjudicated.service-adjudication-group,*,beam-mandr,,,1,cleanup.policy=compact:delete.retention.ms=1209600000:max.compaction.lag.ms=86400000:compression.type=gzip,varun.bandarupalli@uhc.com:dana.dingee@uhc.com,vbandar4:ddingee,FULL
kaas.sierra.dev.claim-adjudicated.service-ambulance,*,beam-mandr,,,1,cleanup.policy=compact:delete.retention.ms=1209600000:max.compaction.lag.ms=86400000:compression.type=gzip,varun.bandarupalli@uhc.com:dana.dingee@uhc.com,vbandar4:ddingee,FULL
kaas.sierra.dev.eligibility,*,beam-mandr,*,core-api-platform-loader-stage,1,cleanup.policy=compact:delete.retention.ms=1209600000:max.compaction.lag.ms=86400000:compression.type=gzip,varun.bandarupalli@uhc.com:dana.dingee@uhc.com:scott_strzynski@optum.com:dave.reines@optum.com:kevin_schultz@optum.com:santhosh_mukhta@optum.com,vbandar4:ddingee:sstrzyns:dreines:kschul16:smuktha,FULL
kaas.sierra.dev.security-model.consumer-role-permission,*,beam-mandr,*,core-api-platform-loader-stage,1,cleanup.policy=compact:delete.retention.ms=1209600000:max.compaction.lag.ms=86400000:compression.type=gzip,varun.bandarupalli@uhc.com:dana.dingee@uhc.com:scott_strzynski@optum.com:dave.reines@optum.com:kevin_schultz@optum.com:santhosh_mukhta@optum.com,vbandar4:ddingee:sstrzyns:dreines:kschul16:smuktha,FULL
kaas.sierra.dev.claim-adjudicated.claim-transaction-standardized-attribute,*,beam-mandr,*,core-api-platform-loader-stage,1,cleanup.policy=compact:delete.retention.ms=1209600000:max.compaction.lag.ms=86400000:compression.type=gzip,varun.bandarupalli@uhc.com:dana.dingee@uhc.com:scott_strzynski@optum.com:dave.reines@optum.com:kevin_schultz@optum.com:santhosh_mukhta@optum.com,vbandar4:ddingee:sstrzyns:dreines:kschul16:smuktha,FULL
kaas.sierra.archive.dev.claim-adjudicated.claim-other-payer,*,beam-mandr,*,core-api-platform-loader-stage,1,cleanup.policy=compact:delete.retention.ms=1209600000:max.compaction.lag.ms=86400000:compression.type=gzip,varun.bandarupalli@uhc.com:dana.dingee@uhc.com:scott_strzynski@optum.com:dave.reines@optum.com:kevin_schultz@optum.com:santhosh_mukhta@optum.com,vbandar4:ddingee:sstrzyns:dreines:kschul16:smuktha,FULL
kaas.sierra.archive.dev.claim-adjudicated.claim-service-line,*,beam-mandr,*,core-api-platform-loader-stage,1,cleanup.policy=compact:delete.retention.ms=1209600000:max.compaction.lag.ms=86400000:compression.type=gzip,varun.bandarupalli@uhc.com:dana.dingee@uhc.com:scott_strzynski@optum.com:dave.reines@optum.com:kevin_schultz@optum.com:santhosh_mukhta@optum.com,vbandar4:ddingee:sstrzyns:dreines:kschul16:smuktha,FULL
kaas.sierra.archive.dev.claim-adjudicated.claim-service-other-payer,*,beam-mandr,*,core-api-platform-loader-stage,1,cleanup.policy=compact:delete.retention.ms=1209600000:max.compaction.lag.ms=86400000:compression.type=gzip,varun.bandarupalli@uhc.com:dave.reines@optum.com:kevin_schultz@optum.com:santhosh_mukhta@optum.com:dana.dingee@uhc.com,vbandar4:ddingeed:reines:kschul16:smuktha,FULL
kaas.sierra.archive.dev.claim-adjudicated.claim-transaction,*,beam-mandr,*,core-api-platform-loader-stage,1,cleanup.policy=compact:delete.retention.ms=1209600000:max.compaction.lag.ms=86400000:compression.type=gzip,varun.bandarupalli@uhc.com:dana.dingee@uhc.com:scott_strzynski@optum.com:dave.reines@optum.com:kevin_schultz@optum.com:santhosh_mukhta@optum.com,vbandar4:ddingee:sstrzyns:dreines:kschul16:smuktha,FULL
kaas.sierra.archive.dev.claim-adjudicated.claim-transaction-standardized-attribute,*,beam-mandr,*,core-api-platform-loader-stage,1,cleanup.policy=compact:delete.retention.ms=1209600000:max.compaction.lag.ms=86400000:compression.type=gzip,varun.bandarupalli@uhc.com:dana.dingee@uhc.com:scott_strzynski@optum.com:dave.reines@optum.com:kevin_schultz@optum.com:santhosh_mukhta@optum.com,vbandar4:ddingee:sstrzyns:dreines:kschul16:smuktha,FULL
kaas.sierra.archive.dev.security-model.consumer-role-permission,*,beam-mandr,*,core-api-platform-loader-stage,1,cleanup.policy=compact:delete.retention.ms=1209600000:max.compaction.lag.ms=86400000:compression.type=gzip,varun.bandarupalli@uhc.com:dana.dingee@uhc.com:scott_strzynski@optum.com:dave.reines@optum.com:kevin_schultz@optum.com:santhosh_mukhta@optum.com,vbandar4:ddingee:sstrzyns:dreines:kschul16:smuktha,FULL