topic,producer-hosts,producer-cn,consumer-hosts,consumer-cn,partitions,config,email,ms-id,compatibility
kaas.prod.ctc.sierra.claim-adjudicated.claim-other-payer,*,beam-mandr,*,core-api-platform-loader-prod,1,cleanup.policy=compact:delete.retention.ms=1209600000:max.compaction.lag.ms=86400000:compression.type=gzip,varun.bandarupalli@uhc.com:dana.dingee@uhc.com:Ken.Schmit@uhc.com:dave.reines@optum.com:kevin_schultz@optum.com:forrest.reinard@optum.com,vbandar4:ddingee:kschmit:dreines:kschul16:freinard,FULL
kaas.prod.ctc.sierra.claim-adjudicated.claim-service-line,*,beam-mandr,*,core-api-platform-loader-prod,1,cleanup.policy=compact:delete.retention.ms=1209600000:max.compaction.lag.ms=86400000:compression.type=gzip,varun.bandarupalli@uhc.com:dana.dingee@uhc.com:Ken.Schmit@uhc.com:dave.reines@optum.com:kevin_schultz@optum.com:forrest.reinard@optum.com,vbandar4:ddingee:kschmit:dreines:kschul16:freinard,FULL
kaas.prod.ctc.sierra.claim-adjudicated.claim-transaction,*,beam-mandr,*,core-api-platform-loader-prod,1,cleanup.policy=compact:delete.retention.ms=1209600000:max.compaction.lag.ms=86400000:compression.type=gzip,varun.bandarupalli@uhc.com:dana.dingee@uhc.com:Ken.Schmit@uhc.com:dave.reines@optum.com:kevin_schultz@optum.com:forrest.reinard@optum.com,vbandar4:ddingee:kschmit:dreines:kschul16:freinard,FULL
kaas.prod.ctc.sierra.eligibility,*,beam-mandr,*,core-api-platform-loader-prod,1,cleanup.policy=compact:delete.retention.ms=1209600000:max.compaction.lag.ms=86400000:compression.type=gzip,varun.bandarupalli@uhc.com:dana.dingee@uhc.com:Ken.Schmit@uhc.com:dave.reines@optum.com:kevin_schultz@optum.com:forrest.reinard@optum.com,vbandar4:ddingee:kschmit:dreines:kschul16:freinard,FULL
kaas.prod.ctc.sierra.security-model.consumer-role-permission,*,beam-mandr,*,core-api-platform-loader-prod,1,cleanup.policy=compact:delete.retention.ms=1209600000:max.compaction.lag.ms=86400000:compression.type=gzip,varun.bandarupalli@uhc.com:dana.dingee@uhc.com:Ken.Schmit@uhc.com:dave.reines@optum.com:kevin_schultz@optum.com:forrest.reinard@optum.com,vbandar4:ddingee:kschmit:dreines:kschul16:freinard,FULL
kaas.prod.ctc.sierra.claim-adjudicated.claim-service-other-payer,*,beam-mandr,*,core-api-platform-loader-prod,1,cleanup.policy=compact:delete.retention.ms=1209600000:max.compaction.lag.ms=86400000:compression.type=gzip,varun.bandarupalli@uhc.com:dana.dingee@uhc.com:Ken.Schmit@uhc.com:dave.reines@optum.com:kevin_schultz@optum.com:forrest.reinard@optum.com,vbandar4:ddingee:kschmit:dreines:kschul16:freinard,FULL
kaas.prod.ctc.sierra.claim-adjudicated.claim-transaction-standardized-attribute,*,beam-mandr,*,core-api-platform-loader-prod,1,cleanup.policy=compact:delete.retention.ms=1209600000:max.compaction.lag.ms=86400000:compression.type=gzip,varun.bandarupalli@uhc.com:dana.dingee@uhc.com:Ken.Schmit@uhc.com:dave.reines@optum.com:kevin_schultz@optum.com:forrest.reinard@optum.com,vbandar4:ddingee:kschmit:dreines:kschul16:freinard,FULL
kaas.prod.ctc.sierra.archive.claim-adjudicated.claim-other-payer,*,beam-mandr,*,core-api-platform-loader-prod,1,cleanup.policy=compact:delete.retention.ms=1209600000:max.compaction.lag.ms=86400000:compression.type=gzip,varun.bandarupalli@uhc.com:dana.dingee@uhc.com:Ken.Schmit@uhc.com:dave.reines@optum.com:kevin_schultz@optum.com:forrest.reinard@optum.com,vbandar4:ddingee:kschmit:dreines:kschul16:freinard,FULL
kaas.prod.ctc.sierra.archive.claim-adjudicated.claim-service-line,*,beam-mandr,*,core-api-platform-loader-prod,1,cleanup.policy=compact:delete.retention.ms=1209600000:max.compaction.lag.ms=86400000:compression.type=gzip,varun.bandarupalli@uhc.com:dana.dingee@uhc.com:Ken.Schmit@uhc.com:dave.reines@optum.com:kevin_schultz@optum.com:forrest.reinard@optum.com,vbandar4:ddingee:kschmit:dreines:kschul16:freinard,FULL
kaas.prod.ctc.sierra.archive.claim-adjudicated.claim-transaction,*,beam-mandr,*,core-api-platform-loader-prod,1,cleanup.policy=compact:delete.retention.ms=1209600000:max.compaction.lag.ms=86400000:compression.type=gzip,varun.bandarupalli@uhc.com:dana.dingee@uhc.com:Ken.Schmit@uhc.com:dave.reines@optum.com:kevin_schultz@optum.com:forrest.reinard@optum.com,vbandar4:ddingee:kschmit:dreines:kschul16:freinard,FULL
kaas.prod.ctc.sierra.archive.security-model.consumer-role-permission,*,beam-mandr,*,core-api-platform-loader-prod,1,cleanup.policy=compact:delete.retention.ms=1209600000:max.compaction.lag.ms=86400000:compression.type=gzip,varun.bandarupalli@uhc.com:dana.dingee@uhc.com:Ken.Schmit@uhc.com:dave.reines@optum.com:kevin_schultz@optum.com:forrest.reinard@optum.com,vbandar4:ddingee:kschmit:dreines:kschul16:freinard,FULL
kaas.prod.ctc.sierra.archive.claim-adjudicated.claim-service-other-payer,*,beam-mandr,*,core-api-platform-loader-prod,1,cleanup.policy=compact:delete.retention.ms=1209600000:max.compaction.lag.ms=86400000:compression.type=gzip,varun.bandarupalli@uhc.com:dana.dingee@uhc.com:Ken.Schmit@uhc.com:dave.reines@optum.com:kevin_schultz@optum.com:forrest.reinard@optum.com,vbandar4:ddingee:kschmit:dreines:kschul16:freinard,FULL
kaas.prod.ctc.sierra.archive.claim-adjudicated.claim-transaction-standardized-attribute,*,beam-mandr,*,core-api-platform-loader-prod,1,cleanup.policy=compact:delete.retention.ms=1209600000:max.compaction.lag.ms=86400000:compression.type=gzip,varun.bandarupalli@uhc.com:dana.dingee@uhc.com:Ken.Schmit@uhc.com:dave.reines@optum.com:kevin_schultz@optum.com:forrest.reinard@optum.com,vbandar4:ddingee:kschmit:dreines:kschul16:freinard,FULL
