topic,producer_hosts,producer_cn,consumer_hosts,consumer_cn,partitions,config,email,ms-id,compatibility
kaas.prod.elr.ATTPROD.MAP.dbo.AdminFeeType,*,prod-ebaasenc-mnr-azure,*,ebaas-maps-prod,2,cleanup.policy=compact:delete.retention.ms=1209600000,steve.banks@optum.com,sbanks34,
kaas.prod.elr.ATTPROD.MAP.dbo.Application,*,prod-ebaasenc-mnr-azure,*,ebaas-maps-prod,2,cleanup.policy=compact:delete.retention.ms=1209600000,steve.banks@optum.com,sbanks34,
kaas.prod.elr.ATTPROD.MAP.dbo.BO_GroupCountyExtract,*,prod-ebaasenc-mnr-azure,*,ebaas-maps-prod,128,cleanup.policy=compact:delete.retention.ms=1209600000,steve.banks@optum.com,sbanks34,
kaas.prod.elr.ATTPROD.MAP.dbo.Benefit,*,prod-ebaasenc-mnr-azure,*,ebaas-maps-prod,8,cleanup.policy=compact:delete.retention.ms=1209600000,steve.banks@optum.com,sbanks34,
kaas.prod.elr.ATTPROD.MAP.dbo.BenefitConditionDetail,*,prod-ebaasenc-mnr-azure,*,ebaas-maps-prod,8,cleanup.policy=compact:delete.retention.ms=1209600000,steve.banks@optum.com,sbanks34,
kaas.prod.elr.ATTPROD.MAP.dbo.BenefitDetailType,*,prod-ebaasenc-mnr-azure,*,ebaas-maps-prod,2,cleanup.policy=compact:delete.retention.ms=1209600000,steve.banks@optum.com,sbanks34,
kaas.prod.elr.ATTPROD.MAP.dbo.BenefitMedicareType,*,prod-ebaasenc-mnr-azure,*,ebaas-maps-prod,2,cleanup.policy=compact:delete.retention.ms=1209600000,steve.banks@optum.com,sbanks34,
kaas.prod.elr.ATTPROD.MAP.dbo.BenefitNotes,*,prod-ebaasenc-mnr-azure,*,ebaas-maps-prod,2,cleanup.policy=compact:delete.retention.ms=1209600000,steve.banks@optum.com,sbanks34,
kaas.prod.elr.ATTPROD.MAP.dbo.BenefitPartD,*,prod-ebaasenc-mnr-azure,*,ebaas-maps-prod,2,cleanup.policy=compact:delete.retention.ms=1209600000,steve.banks@optum.com,sbanks34,
kaas.prod.elr.ATTPROD.MAP.dbo.BenefitTierType,*,prod-ebaasenc-mnr-azure,*,ebaas-maps-prod,2,cleanup.policy=compact:delete.retention.ms=1209600000,steve.banks@optum.com,sbanks34,
kaas.prod.elr.ATTPROD.MAP.dbo.BenefitType,*,prod-ebaasenc-mnr-azure,*,ebaas-maps-prod,2,cleanup.policy=compact:delete.retention.ms=1209600000,steve.banks@optum.com,sbanks34,
kaas.prod.elr.ATTPROD.MAP.dbo.BinaryTextType,*,prod-ebaasenc-mnr-azure,*,ebaas-maps-prod,2,cleanup.policy=compact:delete.retention.ms=1209600000,steve.banks@optum.com,sbanks34,
kaas.prod.elr.ATTPROD.MAP.dbo.BrandType,*,prod-ebaasenc-mnr-azure,*,ebaas-maps-prod,2,cleanup.policy=compact:delete.retention.ms=1209600000,steve.banks@optum.com,sbanks34,
kaas.prod.elr.ATTPROD.MAP.dbo.BusinessSegment,*,prod-ebaasenc-mnr-azure,*,ebaas-maps-prod,2,cleanup.policy=compact:delete.retention.ms=1209600000,steve.banks@optum.com,sbanks34,
kaas.prod.elr.ATTPROD.MAP.dbo.ConditionType,*,prod-ebaasenc-mnr-azure,*,ebaas-maps-prod,2,cleanup.policy=compact:delete.retention.ms=1209600000,steve.banks@optum.com,sbanks34,
kaas.prod.elr.ATTPROD.MAP.dbo.ContactRuleData,*,prod-ebaasenc-mnr-azure,*,ebaas-maps-prod,8,cleanup.policy=compact:delete.retention.ms=1209600000,steve.banks@optum.com,sbanks34,
kaas.prod.elr.ATTPROD.MAP.dbo.ContactRuleDataStatus,*,prod-ebaasenc-mnr-azure,*,ebaas-maps-prod,2,cleanup.policy=compact:delete.retention.ms=1209600000,steve.banks@optum.com,sbanks34,
kaas.prod.elr.ATTPROD.MAP.dbo.ContactRuleType,*,prod-ebaasenc-mnr-azure,*,ebaas-maps-prod,2,cleanup.policy=compact:delete.retention.ms=1209600000,steve.banks@optum.com,sbanks34,
kaas.prod.elr.ATTPROD.MAP.dbo.ContactType,*:,prod-ebaasenc-mnr-azure,*,ebaas-maps-prod,2,cleanup.policy=compact:delete.retention.ms=1209600000,steve.banks@optum.com,sbanks34,
kaas.prod.elr.ATTPROD.MAP.dbo.Contract,*,prod-ebaasenc-mnr-azure,*,ebaas-maps-prod,2,cleanup.policy=compact:delete.retention.ms=1209600000,steve.banks@optum.com,sbanks34,
kaas.prod.elr.ATTPROD.MAP.dbo.CoreSystemBenefit,*,prod-ebaasenc-mnr-azure,*,ebaas-maps-prod,2,cleanup.policy=compact:delete.retention.ms=1209600000,steve.banks@optum.com,sbanks34,
kaas.prod.elr.ATTPROD.MAP.dbo.CoreSystemPlanCode,*,prod-ebaasenc-mnr-azure,*,ebaas-maps-prod,2,cleanup.policy=compact:delete.retention.ms=1209600000,steve.banks@optum.com,sbanks34,
kaas.prod.elr.ATTPROD.MAP.dbo.County,*,prod-ebaasenc-mnr-azure,*,ebaas-maps-prod,2,cleanup.policy=compact:delete.retention.ms=1209600000,steve.banks@optum.com,sbanks34,
kaas.prod.elr.ATTPROD.MAP.dbo.CountyZip,*,prod-ebaasenc-mnr-azure,*,ebaas-maps-prod,4,cleanup.policy=compact:delete.retention.ms=1209600000,steve.banks@optum.com,sbanks34,
kaas.prod.elr.ATTPROD.MAP.dbo.DSNPEligibilityType,*,prod-ebaasenc-mnr-azure,*,ebaas-maps-prod,2,cleanup.policy=compact:delete.retention.ms=1209600000,steve.banks@optum.com,sbanks34,
kaas.prod.elr.ATTPROD.MAP.dbo.Division,*,prod-ebaasenc-mnr-azure,*,ebaas-maps-prod,2,cleanup.policy=compact:delete.retention.ms=1209600000,steve.banks@optum.com,sbanks34,
kaas.prod.elr.ATTPROD.MAP.dbo.DrugType,*,prod-ebaasenc-mnr-azure,*,ebaas-maps-prod,2,cleanup.policy=compact:delete.retention.ms=1209600000,steve.banks@optum.com,sbanks34,
kaas.prod.elr.ATTPROD.MAP.dbo.EOBClaimsDetail,*,prod-ebaasenc-mnr-azure,*,ebaas-maps-prod,2,cleanup.policy=compact:delete.retention.ms=1209600000,steve.banks@optum.com,sbanks34,
kaas.prod.elr.ATTPROD.MAP.dbo.EOBLanguageType,*,prod-ebaasenc-mnr-azure,*,ebaas-maps-prod,2,cleanup.policy=compact:delete.retention.ms=1209600000,steve.banks@optum.com,sbanks34,
kaas.prod.elr.ATTPROD.MAP.dbo.EOBPaymentEngineDetail,*,prod-ebaasenc-mnr-azure,*,ebaas-maps-prod,2,cleanup.policy=compact:delete.retention.ms=1209600000,steve.banks@optum.com,sbanks34,
kaas.prod.elr.ATTPROD.MAP.dbo.EOBPlanRule,*,prod-ebaasenc-mnr-azure,*,ebaas-maps-prod,2,cleanup.policy=compact:delete.retention.ms=1209600000,steve.banks@optum.com,sbanks34,
kaas.prod.elr.ATTPROD.MAP.dbo.EOBPlanRuleException,*,prod-ebaasenc-mnr-azure,*,ebaas-maps-prod,2,cleanup.policy=compact:delete.retention.ms=1209600000,steve.banks@optum.com,sbanks34,
kaas.prod.elr.ATTPROD.MAP.dbo.EOBPlanRuleLanguageType,*,prod-ebaasenc-mnr-azure,*,ebaas-maps-prod,2,cleanup.policy=compact:delete.retention.ms=1209600000,steve.banks@optum.com,sbanks34,
kaas.prod.elr.ATTPROD.MAP.dbo.EmployerGroupComponentCode,*,prod-ebaasenc-mnr-azure,*,ebaas-maps-prod,2,cleanup.policy=compact:delete.retention.ms=1209600000,steve.banks@optum.com,sbanks34,
kaas.prod.elr.ATTPROD.MAP.dbo.EmployerGroupContact,*,prod-ebaasenc-mnr-azure,*,ebaas-maps-prod,16,cleanup.policy=compact:delete.retention.ms=1209600000,steve.banks@optum.com,sbanks34,
kaas.prod.elr.ATTPROD.MAP.dbo.EmployerGroupDemographic,*,prod-ebaasenc-mnr-azure,*,ebaas-maps-prod,4,cleanup.policy=compact:delete.retention.ms=1209600000,steve.banks@optum.com,sbanks34,
kaas.prod.elr.ATTPROD.MAP.dbo.EmployerGroupPackage,*,prod-ebaasenc-mnr-azure,*,ebaas-maps-prod,2,cleanup.policy=compact:delete.retention.ms=1209600000,steve.banks@optum.com,sbanks34,
kaas.prod.elr.ATTPROD.MAP.dbo.EmployerGroupPlanBenefit,*,prod-ebaasenc-mnr-azure,*,ebaas-maps-prod,4,cleanup.policy=compact:delete.retention.ms=1209600000,steve.banks@optum.com,sbanks34,
kaas.prod.elr.ATTPROD.MAP.dbo.ErrorType,*,prod-ebaasenc-mnr-azure,*,ebaas-maps-prod,2,cleanup.policy=compact:delete.retention.ms=1209600000,steve.banks@optum.com,sbanks34,
kaas.prod.elr.ATTPROD.MAP.dbo.FormularyType,*,prod-ebaasenc-mnr-azure,*,ebaas-maps-prod,2,cleanup.policy=compact:delete.retention.ms=1209600000,steve.banks@optum.com,sbanks34,
kaas.prod.elr.ATTPROD.MAP.dbo.FulfillmentType,*,prod-ebaasenc-mnr-azure,*,ebaas-maps-prod,2,cleanup.policy=compact:delete.retention.ms=1209600000,steve.banks@optum.com,sbanks34,
kaas.prod.elr.ATTPROD.MAP.dbo.Group,*,prod-ebaasenc-mnr-azure,*,ebaas-maps-prod,128,cleanup.policy=compact:delete.retention.ms=1209600000,steve.banks@optum.com,sbanks34,
kaas.prod.elr.ATTPROD.MAP.dbo.GroupAdminFee,*,prod-ebaasenc-mnr-azure,*,ebaas-maps-prod,4,cleanup.policy=compact:delete.retention.ms=1209600000,steve.banks@optum.com,sbanks34,
kaas.prod.elr.ATTPROD.MAP.dbo.GroupBPMAudit,*,prod-ebaasenc-mnr-azure,*,ebaas-maps-prod,4,cleanup.policy=compact:delete.retention.ms=1209600000,steve.banks@optum.com,sbanks34,
kaas.prod.elr.ATTPROD.MAP.dbo.GroupChange,*,prod-ebaasenc-mnr-azure,*,ebaas-maps-prod,4,cleanup.policy=compact:delete.retention.ms=1209600000,steve.banks@optum.com,sbanks34,
kaas.prod.elr.ATTPROD.MAP.dbo.GroupCoreSystemBenefit,*,prod-ebaasenc-mnr-azure,*,ebaas-maps-prod,128,cleanup.policy=compact:delete.retention.ms=1209600000,steve.banks@optum.com,sbanks34,
kaas.prod.elr.ATTPROD.MAP.dbo.GroupCounty,*,prod-ebaasenc-mnr-azure,*,ebaas-maps-prod,128,cleanup.policy=compact:delete.retention.ms=1209600000,steve.banks@optum.com,sbanks34,
kaas.prod.elr.ATTPROD.MAP.dbo.GroupEOBLanguageType,*,prod-ebaasenc-mnr-azure,*,ebaas-maps-prod,4,cleanup.policy=compact:delete.retention.ms=1209600000,steve.banks@optum.com,sbanks34,
kaas.prod.elr.ATTPROD.MAP.dbo.GroupEnrollmentNotes,*,prod-ebaasenc-mnr-azure,*,ebaas-maps-prod,4,cleanup.policy=compact:delete.retention.ms=1209600000,steve.banks@optum.com,sbanks34,
kaas.prod.elr.ATTPROD.MAP.dbo.GroupFootnotes,*,prod-ebaasenc-mnr-azure,*,ebaas-maps-prod,4,cleanup.policy=compact:delete.retention.ms=1209600000,steve.banks@optum.com,sbanks34,
kaas.prod.elr.ATTPROD.MAP.dbo.GroupRegion,*,prod-ebaasenc-mnr-azure,*,ebaas-maps-prod,128,cleanup.policy=compact:delete.retention.ms=1209600000,steve.banks@optum.com,sbanks34,
kaas.prod.elr.ATTPROD.MAP.dbo.GroupType,*,prod-ebaasenc-mnr-azure,*,ebaas-maps-prod,2,cleanup.policy=compact:delete.retention.ms=1209600000,steve.banks@optum.com,sbanks34,
kaas.prod.elr.ATTPROD.MAP.dbo.IndividualGroupContact,*,prod-ebaasenc-mnr-azure,*,ebaas-maps-prod,2,cleanup.policy=compact:delete.retention.ms=1209600000,steve.banks@optum.com,sbanks34,
kaas.prod.elr.ATTPROD.MAP.dbo.IndividualGroupPlan,*,prod-ebaasenc-mnr-azure,*,ebaas-maps-prod,4,cleanup.policy=compact:delete.retention.ms=1209600000,steve.banks@optum.com,sbanks34,
kaas.prod.elr.ATTPROD.MAP.dbo.IndividualPlanBenefit,*,prod-ebaasenc-mnr-azure,*,ebaas-maps-prod,4,cleanup.policy=compact:delete.retention.ms=1209600000,steve.banks@optum.com,sbanks34,
kaas.prod.elr.ATTPROD.MAP.dbo.IndividualPlanComponentCode,*,prod-ebaasenc-mnr-azure,*,ebaas-maps-prod,4,cleanup.policy=compact:delete.retention.ms=1209600000,steve.banks@optum.com,sbanks34,
kaas.prod.elr.ATTPROD.MAP.dbo.IndividualPlanContact,*,prod-ebaasenc-mnr-azure,*,ebaas-maps-prod,128,cleanup.policy=compact:delete.retention.ms=1209600000,steve.banks@optum.com,sbanks34,
kaas.prod.elr.ATTPROD.MAP.dbo.IndividualPlanDemographic,*,prod-ebaasenc-mnr-azure,*,ebaas-maps-prod,4,cleanup.policy=compact:delete.retention.ms=1209600000,steve.banks@optum.com,sbanks34,
kaas.prod.elr.ATTPROD.MAP.dbo.IndividualPlanPackage,*,prod-ebaasenc-mnr-azure,*,ebaas-maps-prod,4,cleanup.policy=compact:delete.retention.ms=1209600000,steve.banks@optum.com,sbanks34,
kaas.prod.elr.ATTPROD.MAP.dbo.IntervalNumberType,*,prod-ebaasenc-mnr-azure,*,ebaas-maps-prod,2,cleanup.policy=compact:delete.retention.ms=1209600000,steve.banks@optum.com,sbanks34,
kaas.prod.elr.ATTPROD.MAP.dbo.MasterGroup,*,prod-ebaasenc-mnr-azure,*,ebaas-maps-prod,4,cleanup.policy=compact:delete.retention.ms=1209600000,steve.banks@optum.com,sbanks34,
kaas.prod.elr.ATTPROD.MAP.dbo.MedicaidEligibilityType,*,prod-ebaasenc-mnr-azure,*,ebaas-maps-prod,2,cleanup.policy=compact:delete.retention.ms=1209600000,steve.banks@optum.com,sbanks34,
kaas.prod.elr.ATTPROD.MAP.dbo.MedicalBenefitDetail,*,prod-ebaasenc-mnr-azure,*,ebaas-maps-prod,16,cleanup.policy=compact:delete.retention.ms=1209600000,steve.banks@optum.com,sbanks34,
kaas.prod.elr.ATTPROD.MAP.dbo.MedicalBenefitDetailAdditional,*,prod-ebaasenc-mnr-azure,*,ebaas-maps-prod,16,cleanup.policy=compact:delete.retention.ms=1209600000,steve.banks@optum.com,sbanks34,
kaas.prod.elr.ATTPROD.MAP.dbo.MedicalBenefitDetailNotes,*,prod-ebaasenc-mnr-azure,*,ebaas-maps-prod,128,cleanup.policy=compact:delete.retention.ms=1209600000,steve.banks@optum.com,sbanks34,
kaas.prod.elr.ATTPROD.MAP.dbo.MedicalBenefitDetailTier,*,prod-ebaasenc-mnr-azure,*,ebaas-maps-prod,4,cleanup.policy=compact:delete.retention.ms=1209600000,steve.banks@optum.com,sbanks34,
kaas.prod.elr.ATTPROD.MAP.dbo.MiscellaneousBenefitDetail,*,prod-ebaasenc-mnr-azure,*,ebaas-maps-prod,2,cleanup.policy=compact:delete.retention.ms=1209600000,steve.banks@optum.com,sbanks34,
kaas.prod.elr.ATTPROD.MAP.dbo.MonthPeriodType,*,prod-ebaasenc-mnr-azure,*,ebaas-maps-prod,2,cleanup.policy=compact:delete.retention.ms=1209600000,steve.banks@optum.com,sbanks34,
kaas.prod.elr.ATTPROD.MAP.dbo.NetworkType,*,prod-ebaasenc-mnr-azure,*,ebaas-maps-prod,2,cleanup.policy=compact:delete.retention.ms=1209600000,steve.banks@optum.com,sbanks34,
kaas.prod.elr.ATTPROD.MAP.dbo.PackageBenefitDetail,*,prod-ebaasenc-mnr-azure,*,ebaas-maps-prod,4,cleanup.policy=compact:delete.retention.ms=1209600000,steve.banks@optum.com,sbanks34,
kaas.prod.elr.ATTPROD.MAP.dbo.PackageDetailData,*,prod-ebaasenc-mnr-azure,*,ebaas-maps-prod,4,cleanup.policy=compact:delete.retention.ms=1209600000,steve.banks@optum.com,sbanks34,
kaas.prod.elr.ATTPROD.MAP.dbo.PackageType,*,prod-ebaasenc-mnr-azure,*,ebaas-maps-prod,2,cleanup.policy=compact:delete.retention.ms=1209600000,steve.banks@optum.com,sbanks34,
kaas.prod.elr.ATTPROD.MAP.dbo.PharmacyBenefitDetail,*,prod-ebaasenc-mnr-azure,*,ebaas-maps-prod,128,cleanup.policy=compact:delete.retention.ms=1209600000,steve.banks@optum.com,sbanks34,
kaas.prod.elr.ATTPROD.MAP.dbo.PharmacyBenefitDetailType,*,prod-ebaasenc-mnr-azure,*,ebaas-maps-prod,2,cleanup.policy=compact:delete.retention.ms=1209600000,steve.banks@optum.com,sbanks34,
kaas.prod.elr.ATTPROD.MAP.dbo.PharmacyBenefitNotes,*,prod-ebaasenc-mnr-azure,*,ebaas-maps-prod,4,cleanup.policy=compact:delete.retention.ms=1209600000,steve.banks@optum.com,sbanks34,
kaas.prod.elr.ATTPROD.MAP.dbo.PharmacyNetworkType,*,prod-ebaasenc-mnr-azure,*,ebaas-maps-prod,2,cleanup.policy=compact:delete.retention.ms=1209600000,steve.banks@optum.com,sbanks34,
kaas.prod.elr.ATTPROD.MAP.dbo.PharmacyPackage,*,prod-ebaasenc-mnr-azure,*,ebaas-maps-prod,2,cleanup.policy=compact:delete.retention.ms=1209600000,steve.banks@optum.com,sbanks34,
kaas.prod.elr.ATTPROD.MAP.dbo.PharmacyType,*,prod-ebaasenc-mnr-azure,*,ebaas-maps-prod,2,cleanup.policy=compact:delete.retention.ms=1209600000,steve.banks@optum.com,sbanks34,
kaas.prod.elr.ATTPROD.MAP.dbo.Plan,*,prod-ebaasenc-mnr-azure,*,ebaas-maps-prod,4,cleanup.policy=compact:delete.retention.ms=1209600000,steve.banks@optum.com,sbanks34,
kaas.prod.elr.ATTPROD.MAP.dbo.PlanAudit,*,prod-ebaasenc-mnr-azure,*,ebaas-maps-prod,4,cleanup.policy=compact:delete.retention.ms=1209600000,steve.banks@optum.com,sbanks34,
kaas.prod.elr.ATTPROD.MAP.dbo.PlanCounty,*,prod-ebaasenc-mnr-azure,*,ebaas-maps-prod,16,cleanup.policy=compact:delete.retention.ms=1209600000,steve.banks@optum.com,sbanks34,
kaas.prod.elr.ATTPROD.MAP.dbo.PlanCountyPartialZip,*,prod-ebaasenc-mnr-azure,*,ebaas-maps-prod,4,cleanup.policy=compact:delete.retention.ms=1209600000,steve.banks@optum.com,sbanks34,
kaas.prod.elr.ATTPROD.MAP.dbo.PlanNPPO,*,prod-ebaasenc-mnr-azure,*,ebaas-maps-prod,2,cleanup.policy=compact:delete.retention.ms=1209600000,steve.banks@optum.com,sbanks34,
kaas.prod.elr.ATTPROD.MAP.dbo.PlanRegion,*,prod-ebaasenc-mnr-azure,*,ebaas-maps-prod,4,cleanup.policy=compact:delete.retention.ms=1209600000,steve.banks@optum.com,sbanks34,
kaas.prod.elr.ATTPROD.MAP.dbo.PlanSubCategoryType,*,prod-ebaasenc-mnr-azure,*,ebaas-maps-prod,2,cleanup.policy=compact:delete.retention.ms=1209600000,steve.banks@optum.com,sbanks34,
kaas.prod.elr.ATTPROD.MAP.dbo.PlanType,*,prod-ebaasenc-mnr-azure,*,ebaas-maps-prod,2,cleanup.policy=compact:delete.retention.ms=1209600000,steve.banks@optum.com,sbanks34,
kaas.prod.elr.ATTPROD.MAP.dbo.Policy,*,prod-ebaasenc-mnr-azure,*,ebaas-maps-prod,16,cleanup.policy=compact:delete.retention.ms=1209600000,steve.banks@optum.com,sbanks34,
kaas.prod.elr.ATTPROD.MAP.dbo.PolicyType,*,prod-ebaasenc-mnr-azure,*,ebaas-maps-prod,2,cleanup.policy=compact:delete.retention.ms=1209600000,steve.banks@optum.com,sbanks34,
kaas.prod.elr.ATTPROD.MAP.dbo.Region,*,prod-ebaasenc-mnr-azure,*,ebaas-maps-prod,2,cleanup.policy=compact:delete.retention.ms=1209600000,steve.banks@optum.com,sbanks34,
kaas.prod.elr.ATTPROD.MAP.dbo.RegionState,*,prod-ebaasenc-mnr-azure,*,ebaas-maps-prod,2,cleanup.policy=compact:delete.retention.ms=1209600000,steve.banks@optum.com,sbanks34,
kaas.prod.elr.ATTPROD.MAP.dbo.Rpt_BenefitPartDSummary,*,prod-ebaasenc-mnr-azure,*,ebaas-maps-prod,8,cleanup.policy=compact:delete.retention.ms=1209600000,steve.banks@optum.com,sbanks34,
kaas.prod.elr.ATTPROD.MAP.dbo.Rpt_GroupAllStateContactSummary,*,prod-ebaasenc-mnr-azure,*,ebaas-maps-prod,8,cleanup.policy=compact:delete.retention.ms=1209600000,steve.banks@optum.com,sbanks34,
kaas.prod.elr.ATTPROD.MAP.dbo.Rpt_GroupBenefitAmountSummary,*,prod-ebaasenc-mnr-azure,*,ebaas-maps-prod,16,cleanup.policy=compact:delete.retention.ms=1209600000,steve.banks@optum.com,sbanks34,
kaas.prod.elr.ATTPROD.MAP.dbo.Rpt_GroupCoreBenefitSystemSummary,*,prod-ebaasenc-mnr-azure,*,ebaas-maps-prod,16,cleanup.policy=compact:delete.retention.ms=1209600000,steve.banks@optum.com,sbanks34,
kaas.prod.elr.ATTPROD.MAP.dbo.Rpt_GroupDemographicSummary,*,prod-ebaasenc-mnr-azure,*,ebaas-maps-prod,16,cleanup.policy=compact:delete.retention.ms=1209600000,steve.banks@optum.com,sbanks34,
kaas.prod.elr.ATTPROD.MAP.dbo.Rpt_GroupMedicalCopayAmountSummary,*,prod-ebaasenc-mnr-azure,*,ebaas-maps-prod,16,cleanup.policy=compact:delete.retention.ms=1209600000,steve.banks@optum.com,sbanks34,
kaas.prod.elr.ATTPROD.MAP.dbo.Rpt_GroupMedicalIntervalSummary,*,prod-ebaasenc-mnr-azure,*,ebaas-maps-prod,16,cleanup.policy=compact:delete.retention.ms=1209600000,steve.banks@optum.com,sbanks34,
kaas.prod.elr.ATTPROD.MAP.dbo.Rpt_GroupMoveFromSummary,*,prod-ebaasenc-mnr-azure,*,ebaas-maps-prod,4,cleanup.policy=compact:delete.retention.ms=1209600000,steve.banks@optum.com,sbanks34,
kaas.prod.elr.ATTPROD.MAP.dbo.Rpt_GroupPackageCodeSummary,*,prod-ebaasenc-mnr-azure,*,ebaas-maps-prod,8,cleanup.policy=compact:delete.retention.ms=1209600000,steve.banks@optum.com,sbanks34,
kaas.prod.elr.ATTPROD.MAP.dbo.Rpt_GroupPolicySummary,*,prod-ebaasenc-mnr-azure,*,ebaas-maps-prod,8,cleanup.policy=compact:delete.retention.ms=1209600000,steve.banks@optum.com,sbanks34,
kaas.prod.elr.ATTPROD.MAP.dbo.Rpt_GroupRegionStateCountySummary,*,prod-ebaasenc-mnr-azure,*,ebaas-maps-prod,16,cleanup.policy=compact:delete.retention.ms=1209600000,steve.banks@optum.com,sbanks34,
kaas.prod.elr.ATTPROD.MAP.dbo.Rpt_GroupStateContactSummary,*,prod-ebaasenc-mnr-azure,*,ebaas-maps-prod,16,cleanup.policy=compact:delete.retention.ms=1209600000,steve.banks@optum.com,sbanks34,
kaas.prod.elr.ATTPROD.MAP.dbo.Rpt_GroupStateCountySummary,*,prod-ebaasenc-mnr-azure,*,ebaas-maps-prod,128,cleanup.policy=compact:delete.retention.ms=1209600000,steve.banks@optum.com,sbanks34,
kaas.prod.elr.ATTPROD.MAP.dbo.Rpt_GroupStatePartialZipCodeSummary,*,prod-ebaasenc-mnr-azure,*,ebaas-maps-prod,2,cleanup.policy=compact:delete.retention.ms=1209600000,steve.banks@optum.com,sbanks34,
kaas.prod.elr.ATTPROD.MAP.dbo.Rpt_HLGBenefitDetailCode,*,prod-ebaasenc-mnr-azure,*,ebaas-maps-prod,2,cleanup.policy=compact:delete.retention.ms=1209600000,steve.banks@optum.com,sbanks34,
kaas.prod.elr.ATTPROD.MAP.dbo.Rpt_HLGEmployerGroupPlanBenefit,*,prod-ebaasenc-mnr-azure,*,ebaas-maps-prod,128,cleanup.policy=compact:delete.retention.ms=1209600000,steve.banks@optum.com,sbanks34,
kaas.prod.elr.ATTPROD.MAP.dbo.Rpt_HLGEmployerGroupPlanDetail,*,prod-ebaasenc-mnr-azure,*,ebaas-maps-prod,2,cleanup.policy=compact:delete.retention.ms=1209600000,steve.banks@optum.com,sbanks34,
kaas.prod.elr.ATTPROD.MAP.dbo.Rpt_HLGEmployerGroupPlanLimit,*,prod-ebaasenc-mnr-azure,*,ebaas-maps-prod,2,cleanup.policy=compact:delete.retention.ms=1209600000,steve.banks@optum.com,sbanks34,
kaas.prod.elr.ATTPROD.MAP.dbo.Rpt_HLGFootNotes,*,prod-ebaasenc-mnr-azure,*,ebaas-maps-prod,2,cleanup.policy=compact:delete.retention.ms=1209600000,steve.banks@optum.com,sbanks34,
kaas.prod.elr.ATTPROD.MAP.dbo.Rpt_HLGMedicalBenefit,*,prod-ebaasenc-mnr-azure,*,ebaas-maps-prod,128,cleanup.policy=compact:delete.retention.ms=1209600000,steve.banks@optum.com,sbanks34,
kaas.prod.elr.ATTPROD.MAP.dbo.Rpt_HLGOptionalBenefit,*,prod-ebaasenc-mnr-azure,*,ebaas-maps-prod,128,cleanup.policy=compact:delete.retention.ms=1209600000,steve.banks@optum.com,sbanks34,
kaas.prod.elr.ATTPROD.MAP.dbo.Rpt_HLGPlanDetail,*,prod-ebaasenc-mnr-azure,*,ebaas-maps-prod,4,cleanup.policy=compact:delete.retention.ms=1209600000,steve.banks@optum.com,sbanks34,
kaas.prod.elr.ATTPROD.MAP.dbo.Rpt_HLGPlanLimit,*,prod-ebaasenc-mnr-azure,*,ebaas-maps-prod,4,cleanup.policy=compact:delete.retention.ms=1209600000,steve.banks@optum.com,sbanks34,
kaas.prod.elr.ATTPROD.MAP.dbo.Rpt_IndividualEmployerGroupPlanBenefitSummary,*,prod-ebaasenc-mnr-azure,*,ebaas-maps-prod,8,cleanup.policy=compact:delete.retention.ms=1209600000,steve.banks@optum.com,sbanks34,
kaas.prod.elr.ATTPROD.MAP.dbo.Rpt_IndividualEmployerGroupPlanContactSummary,*,prod-ebaasenc-mnr-azure,*,ebaas-maps-prod,128,cleanup.policy=compact:delete.retention.ms=1209600000,steve.banks@optum.com,sbanks34,
kaas.prod.elr.ATTPROD.MAP.dbo.Rpt_IndividualEmployerGroupPlanSummary,*,prod-ebaasenc-mnr-azure,*,ebaas-maps-prod,8,cleanup.policy=compact:delete.retention.ms=1209600000,steve.banks@optum.com,sbanks34,
kaas.prod.elr.ATTPROD.MAP.dbo.Rpt_MBGAuthorizationReferral,*,prod-ebaasenc-mnr-azure,*,ebaas-maps-prod,8,cleanup.policy=compact:delete.retention.ms=1209600000,steve.banks@optum.com,sbanks34,
kaas.prod.elr.ATTPROD.MAP.dbo.Rpt_MBGCounty,*,prod-ebaasenc-mnr-azure,*,ebaas-maps-prod,8,cleanup.policy=compact:delete.retention.ms=1209600000,steve.banks@optum.com,sbanks34,
kaas.prod.elr.ATTPROD.MAP.dbo.Rpt_MBGFootNotes,*,prod-ebaasenc-mnr-azure,*,ebaas-maps-prod,4,cleanup.policy=compact:delete.retention.ms=1209600000,steve.banks@optum.com,sbanks34,
kaas.prod.elr.ATTPROD.MAP.dbo.Rpt_MBGMedicalBenefit,*,prod-ebaasenc-mnr-azure,*,ebaas-maps-prod,8,cleanup.policy=compact:delete.retention.ms=1209600000,steve.banks@optum.com,sbanks34,
kaas.prod.elr.ATTPROD.MAP.dbo.Rpt_MBGOptionalBenefits,*,prod-ebaasenc-mnr-azure,*,ebaas-maps-prod,4,cleanup.policy=compact:delete.retention.ms=1209600000,steve.banks@optum.com,sbanks34,
kaas.prod.elr.ATTPROD.MAP.dbo.Rpt_PlanDemographicSummary,*,prod-ebaasenc-mnr-azure,*,ebaas-maps-prod,8,cleanup.policy=compact:delete.retention.ms=1209600000,steve.banks@optum.com,sbanks34,
kaas.prod.elr.ATTPROD.MAP.dbo.Rpt_UAFMBGCounties,*,prod-ebaasenc-mnr-azure,*,ebaas-maps-prod,8,cleanup.policy=compact:delete.retention.ms=1209600000,steve.banks@optum.com,sbanks34,
kaas.prod.elr.ATTPROD.MAP.dbo.Rpt_UAFMBGDemographic,*,prod-ebaasenc-mnr-azure,*,ebaas-maps-prod,8,cleanup.policy=compact:delete.retention.ms=1209600000,steve.banks@optum.com,sbanks34,
kaas.prod.elr.ATTPROD.MAP.dbo.Rpt_UAFMBGMedicalBenefit,*,prod-ebaasenc-mnr-azure,*,ebaas-maps-prod,16,cleanup.policy=compact:delete.retention.ms=1209600000,steve.banks@optum.com,sbanks34,
kaas.prod.elr.ATTPROD.MAP.dbo.Rpt_UAFMBGPackageNumber,*,prod-ebaasenc-mnr-azure,*,ebaas-maps-prod,8,cleanup.policy=compact:delete.retention.ms=1209600000,steve.banks@optum.com,sbanks34,
kaas.prod.elr.ATTPROD.MAP.dbo.SNPSubType,*,prod-ebaasenc-mnr-azure,*,ebaas-maps-prod,2,cleanup.policy=compact:delete.retention.ms=1209600000,steve.banks@optum.com,sbanks34,
kaas.prod.elr.ATTPROD.MAP.dbo.SNPType,*,prod-ebaasenc-mnr-azure,*,ebaas-maps-prod,2,cleanup.policy=compact:delete.retention.ms=1209600000,steve.banks@optum.com,sbanks34,
kaas.prod.elr.ATTPROD.MAP.dbo.SourceSystem,*,prod-ebaasenc-mnr-azure,*,ebaas-maps-prod,2,cleanup.policy=compact:delete.retention.ms=1209600000,steve.banks@optum.com,sbanks34,
kaas.prod.elr.ATTPROD.MAP.dbo.State,*,prod-ebaasenc-mnr-azure,*,ebaas-maps-prod,2,cleanup.policy=compact:delete.retention.ms=1209600000,steve.banks@optum.com,sbanks34,
kaas.prod.elr.ATTPROD.MAP.dbo.Temp_BSC,*,prod-ebaasenc-mnr-azure,*,ebaas-maps-prod,16,cleanup.policy=compact:delete.retention.ms=1209600000,steve.banks@optum.com,sbanks34,
kaas.prod.elr.ATTPROD.MAP.dbo.Temp_GroupBenSys,*,prod-ebaasenc-mnr-azure,*,ebaas-maps-prod,8,cleanup.policy=compact:delete.retention.ms=1209600000,steve.banks@optum.com,sbanks34,
kaas.prod.elr.ATTPROD.MAP.dbo.Temp_GroupBenefit,*,prod-ebaasenc-mnr-azure,*,ebaas-maps-prod,8,cleanup.policy=compact:delete.retention.ms=1209600000,steve.banks@optum.com,sbanks34,
kaas.prod.elr.ATTPROD.MAP.dbo.Temp_GroupChangeCodes,*,prod-ebaasenc-mnr-azure,*,ebaas-maps-prod,8,cleanup.policy=compact:delete.retention.ms=1209600000,steve.banks@optum.com,sbanks34,
kaas.prod.elr.ATTPROD.MAP.dbo.Temp_GroupContact,*,prod-ebaasenc-mnr-azure,*,ebaas-maps-prod,16,cleanup.policy=compact:delete.retention.ms=1209600000,steve.banks@optum.com,sbanks34,
kaas.prod.elr.ATTPROD.MAP.dbo.Temp_GroupContact_IDCardElements,*,prod-ebaasenc-mnr-azure,*,ebaas-maps-prod,16,cleanup.policy=compact:delete.retention.ms=1209600000,steve.banks@optum.com,sbanks34,
kaas.prod.elr.ATTPROD.MAP.dbo.Temp_GroupCounties,*,prod-ebaasenc-mnr-azure,*,ebaas-maps-prod,8,cleanup.policy=compact:delete.retention.ms=1209600000,steve.banks@optum.com,sbanks34,
kaas.prod.elr.ATTPROD.MAP.dbo.Temp_GroupCountiesRPT,*,prod-ebaasenc-mnr-azure,*,ebaas-maps-prod,8,cleanup.policy=compact:delete.retention.ms=1209600000,steve.banks@optum.com,sbanks34,
kaas.prod.elr.ATTPROD.MAP.dbo.Temp_GroupCountiesRPTSGE,*,prod-ebaasenc-mnr-azure,*,ebaas-maps-prod,8,cleanup.policy=compact:delete.retention.ms=1209600000,steve.banks@optum.com,sbanks34,
kaas.prod.elr.ATTPROD.MAP.dbo.Temp_GroupDirectoryZips,*,prod-ebaasenc-mnr-azure,*,ebaas-maps-prod,128,cleanup.policy=compact:delete.retention.ms=1209600000,steve.banks@optum.com,sbanks34,
kaas.prod.elr.ATTPROD.MAP.dbo.Temp_GroupPartialZips,*,prod-ebaasenc-mnr-azure,*,ebaas-maps-prod,4,cleanup.policy=compact:delete.retention.ms=1209600000,steve.banks@optum.com,sbanks34,
kaas.prod.elr.ATTPROD.MAP.dbo.Temp_GroupPolicies,*,prod-ebaasenc-mnr-azure,*,ebaas-maps-prod,8,cleanup.policy=compact:delete.retention.ms=1209600000,steve.banks@optum.com,sbanks34,
kaas.prod.elr.ATTPROD.MAP.dbo.Temp_HospitalCopay,*,prod-ebaasenc-mnr-azure,*,ebaas-maps-prod,4,cleanup.policy=compact:delete.retention.ms=1209600000,steve.banks@optum.com,sbanks34,
kaas.prod.elr.ATTPROD.MAP.dbo.Temp_HospitalCopay_IDCardElements,*,prod-ebaasenc-mnr-azure,*,ebaas-maps-prod,4,cleanup.policy=compact:delete.retention.ms=1209600000,steve.banks@optum.com,sbanks34,
kaas.prod.elr.ATTPROD.MAP.dbo.Tier,*,prod-ebaasenc-mnr-azure,*,ebaas-maps-prod,2,cleanup.policy=compact:delete.retention.ms=1209600000,steve.banks@optum.com,sbanks34,
kaas.prod.elr.ATTPROD.MAP.dbo.TierLabelType,*,prod-ebaasenc-mnr-azure,*,ebaas-maps-prod,2,cleanup.policy=compact:delete.retention.ms=1209600000,steve.banks@optum.com,sbanks34,
kaas.prod.elr.ATTPROD.MAP.dbo.Zip,*,prod-ebaasenc-mnr-azure,*,ebaas-maps-prod,4,cleanup.policy=compact:delete.retention.ms=1209600000,steve.banks@optum.com,sbanks34,