topic,producer_hosts,producer_cn,consumer_hosts,consumer_cn,partitions,config,email,ms-id,compatibility
maps.prod-ebaasenc-mnr-azure.prod.canonical.product.benefit.v1,*,ebaas-maps-prod,*:*,prod-ebaasenc-mnr-azure:ebaas-maps-prod,128,cleanup.policy=compact:delete.retention.ms=1209600001,steve.banks@optum.com,sbanks34,FULL
maps.prod-ebaasenc-mnr-azure.prod.canonical.product.contact-joined-group.v1,*,ebaas-maps-prod,*:*,prod-ebaasenc-mnr-azure:ebaas-maps-prod,128,cleanup.policy=compact:delete.retention.ms=1209600000,steve.banks@optum.com,sbanks34,FULL
maps.prod-ebaasenc-mnr-azure.prod.canonical.product.contact-joined-plan.v1,*,ebaas-maps-prod,*:*,prod-ebaasenc-mnr-azure:ebaas-maps-prod,128,cleanup.policy=compact:delete.retention.ms=1209600000,steve.banks@optum.com,sbanks34,FULL
maps.prod-ebaasenc-mnr-azure.prod.canonical.product.final-benefit.v1,*,ebaas-maps-prod,*:*,prod-ebaasenc-mnr-azure:ebaas-maps-prod,32,cleanup.policy=compact:delete.retention.ms=1209600000,steve.banks@optum.com,sbanks34,FULL
maps.prod-ebaasenc-mnr-azure.prod.canonical.product.final-group.v1,*,ebaas-maps-prod,*:*,prod-ebaasenc-mnr-azure:ebaas-maps-prod,32,cleanup.policy=compact:delete.retention.ms=1209600000,steve.banks@optum.com,sbanks34,FULL
maps.prod-ebaasenc-mnr-azure.prod.canonical.product.final-plan.v1,*,ebaas-maps-prod,*:*,prod-ebaasenc-mnr-azure:ebaas-maps-prod,32,cleanup.policy=compact:delete.retention.ms=1209600000,steve.banks@optum.com,sbanks34,FULL
maps.prod-ebaasenc-mnr-azure.prod.canonical.product.final-plan-private.v1,*,ebaas-maps-prod,*:*,prod-ebaasenc-mnr-azure:ebaas-maps-prod,32,cleanup.policy=compact:delete.retention.ms=1209600000,steve.banks@optum.com,sbanks34,FULL
maps.prod-ebaasenc-mnr-azure.prod.canonical.product.full-medical-benefit-detail.v1,*,ebaas-maps-prod,*:*,prod-ebaasenc-mnr-azure:ebaas-maps-prod,128,cleanup.policy=compact:delete.retention.ms=1209600000,steve.banks@optum.com,sbanks34,FULL
maps.prod-ebaasenc-mnr-azure.prod.canonical.product.group.v1,*,ebaas-maps-prod,*:*,prod-ebaasenc-mnr-azure:ebaas-maps-prod,128,cleanup.policy=compact:delete.retention.ms=1209600000,steve.banks@optum.com,sbanks34,FULL
maps.prod-ebaasenc-mnr-azure.prod.canonical.product.group-county.v1,*,ebaas-maps-prod,*:*,prod-ebaasenc-mnr-azure:ebaas-maps-prod,32,cleanup.policy=compact:delete.retention.ms=1209600000,steve.banks@optum.com,sbanks34,FULL
maps.prod-ebaasenc-mnr-azure.prod.canonical.product.group-region-joined.v1,*,ebaas-maps-prod,*:*,prod-ebaasenc-mnr-azure:ebaas-maps-prod,128,cleanup.policy=compact:delete.retention.ms=1209600000,steve.banks@optum.com,sbanks34,FULL
maps.prod-ebaasenc-mnr-azure.prod.canonical.product.medical-benefit-detail-tier-joined.v1,*,ebaas-maps-prod,*:*,prod-ebaasenc-mnr-azure:ebaas-maps-prod,128,cleanup.policy=compact:delete.retention.ms=1209600000,steve.banks@optum.com,sbanks34,FULL
maps.prod-ebaasenc-mnr-azure.prod.canonical.product.package-type-by-pharmacy-package-joined.v1,*,ebaas-maps-prod,*:*,prod-ebaasenc-mnr-azure:ebaas-maps-prod,128,cleanup.policy=compact:delete.retention.ms=1209600000,steve.banks@optum.com,sbanks34,FULL
maps.prod-ebaasenc-mnr-azure.prod.canonical.product.pharmacy-benefit-detail-joined.v1,*,ebaas-maps-prod,*:*,prod-ebaasenc-mnr-azure:ebaas-maps-prod,128,cleanup.policy=compact:delete.retention.ms=1209600000,steve.banks@optum.com,sbanks34,FULL
maps.prod-ebaasenc-mnr-azure.prod.canonical.product.plan.v1,*,ebaas-maps-prod,*:*,prod-ebaasenc-mnr-azure:ebaas-maps-prod,128,cleanup.policy=compact:delete.retention.ms=1209600000,steve.banks@optum.com,sbanks34,FULL
maps.prod-ebaasenc-mnr-azure.prod.canonical.product.plan-county.v1,*,ebaas-maps-prod,*:*,prod-ebaasenc-mnr-azure:ebaas-maps-prod,32,cleanup.policy=compact:delete.retention.ms=1209600000,steve.banks@optum.com,sbanks34,FULL
maps.prod-ebaasenc-mnr-azure.prod.canonical.product.plan-region-shared.v1,*,ebaas-maps-prod,*:*,prod-ebaasenc-mnr-azure:ebaas-maps-prod,128,cleanup.policy=compact:delete.retention.ms=1209600000,steve.banks@optum.com,sbanks34,FULL
maps.prod-ebaasenc-mnr-azure.prod.canonical.product.policy-joined.v1,*,ebaas-maps-prod,*:*,prod-ebaasenc-mnr-azure:ebaas-maps-prod,128,cleanup.policy=compact:delete.retention.ms=1209600000,steve.banks@optum.com,sbanks34,FULL
ebaas.maps.prod.ContactRuleDataToPlanCanonical.join-queue_encrypted,*,ebaas-maps-prod,*,ebaas-maps-prod,128,cleanup.policy=compact:delete.retention.ms=1209600000,steve.banks@optum.com,sbanks34,FULL
ebaas.maps.prod.ContactRuleDataToPlanCanonical.publish-queue_encrypted,*,ebaas-maps-prod,*,ebaas-maps-prod,128,cleanup.policy=compact:delete.retention.ms=1209600000,steve.banks@optum.com,sbanks34,FULL
ebaas.maps.prod.ContactRuleDataToPlanCanonical.dead-letter_encrypted,*,ebaas-maps-prod,*,ebaas-maps-prod,1,retention.ms=1209600000,steve.banks@optum.com,sbanks34,FULL
ebaas.maps.prod.FinalBenefit.join-queue_encrypted,*,ebaas-maps-prod,*,ebaas-maps-prod,128,cleanup.policy=compact:delete.retention.ms=1209600000,steve.banks@optum.com,sbanks34,FULL
ebaas.maps.prod.FinalBenefit.publish-queue_encrypted,*,ebaas-maps-prod,*,ebaas-maps-prod,128,cleanup.policy=compact:delete.retention.ms=1209600000,steve.banks@optum.com,sbanks34,FULL
ebaas.maps.prod.FinalBenefit.dead-letter_encrypted,*,ebaas-maps-prod,*,ebaas-maps-prod,1,retention.ms=1209600000,steve.banks@optum.com,sbanks34,FULL
ebaas.maps.prod.FinalGroup.join-queue_encrypted,*,ebaas-maps-prod,*,ebaas-maps-prod,128,cleanup.policy=compact:delete.retention.ms=1209600000,steve.banks@optum.com,sbanks34,FULL
ebaas.maps.prod.FinalGroup.publish-queue_encrypted,*,ebaas-maps-prod,*,ebaas-maps-prod,128,cleanup.policy=compact:delete.retention.ms=1209600000,steve.banks@optum.com,sbanks34,FULL
ebaas.maps.prod.FinalGroup.dead-letter_encrypted,*,ebaas-maps-prod,*,ebaas-maps-prod,1,retention.ms=1209600000,steve.banks@optum.com,sbanks34,FULL
ebaas.maps.prod.FinalPlan.join-queue_encrypted,*,ebaas-maps-prod,*,ebaas-maps-prod,1,cleanup.policy=compact:delete.retention.ms=1209600000,steve.banks@optum.com,sbanks34,FULL
ebaas.maps.prod.FinalPlan.publish-queue_encrypted,*,ebaas-maps-prod,*,ebaas-maps-prod,128,cleanup.policy=compact:delete.retention.ms=1209600000,steve.banks@optum.com,sbanks34,FULL
ebaas.maps.prod.FinalPlan.dead-letter_encrypted,*,ebaas-maps-prod,*,ebaas-maps-prod,1,retention.ms=1209600000,steve.banks@optum.com,sbanks34,FULL
ebaas.maps.prod.FinalPlanPrivate.join-queue_encrypted,*,ebaas-maps-prod,*,ebaas-maps-prod,1,cleanup.policy=compact:delete.retention.ms=1209600000,steve.banks@optum.com,sbanks34,FULL
ebaas.maps.prod.FinalPlanPrivate.publish-queue_encrypted,*,ebaas-maps-prod,*,ebaas-maps-prod,128,cleanup.policy=compact:delete.retention.ms=1209600000,steve.banks@optum.com,sbanks34,FULL
ebaas.maps.prod.FinalPlanPrivate.dead-letter_encrypted,*,ebaas-maps-prod,*,ebaas-maps-prod,1,retention.ms=1209600000,steve.banks@optum.com,sbanks34,FULL
ebaas.maps.prod.FullMedicalBenefitDetail.join-queue_encrypted,*,ebaas-maps-prod,*,ebaas-maps-prod,128,cleanup.policy=compact:delete.retention.ms=1209600000,steve.banks@optum.com,sbanks34,FULL
ebaas.maps.prod.FullMedicalBenefitDetail.publish-queue_encrypted,*,ebaas-maps-prod,*,ebaas-maps-prod,128,cleanup.policy=compact:delete.retention.ms=1209600000,steve.banks@optum.com,sbanks34,FULL
ebaas.maps.prod.FullMedicalBenefitDetail.dead-letter_encrypted,*,ebaas-maps-prod,*,ebaas-maps-prod,1,retention.ms=1209600000,steve.banks@optum.com,sbanks34,FULL
ebaas.maps.prod.GroupCanonical.join-queue_encrypted,*,ebaas-maps-prod,*,ebaas-maps-prod,128,cleanup.policy=compact:delete.retention.ms=1209600000,steve.banks@optum.com,sbanks34,FULL
ebaas.maps.prod.GroupCanonical.publish-queue_encrypted,*,ebaas-maps-prod,*,ebaas-maps-prod,128,cleanup.policy=compact:delete.retention.ms=1209600000,steve.banks@optum.com,sbanks34,FULL
ebaas.maps.prod.GroupCanonical.dead-letter_encrypted,*,ebaas-maps-prod,*,ebaas-maps-prod,1,retention.ms=1209600000,steve.banks@optum.com,sbanks34,FULL
ebaas.maps.prod.GroupCountyCanonical.join-queue_encrypted,*,ebaas-maps-prod,*,ebaas-maps-prod,128,cleanup.policy=compact:delete.retention.ms=1209600000,steve.banks@optum.com,sbanks34,FULL
ebaas.maps.prod.GroupCountyCanonical.publish-queue_encrypted,*,ebaas-maps-prod,*,ebaas-maps-prod,128,cleanup.policy=compact:delete.retention.ms=1209600000,steve.banks@optum.com,sbanks34,FULL
ebaas.maps.prod.GroupCountyCanonical.dead-letter_encrypted,*,ebaas-maps-prod,*,ebaas-maps-prod,1,retention.ms=1209600000,steve.banks@optum.com,sbanks34,FULL
ebaas.maps.prod.PlanCanonical.join-queue_encrypted,*,ebaas-maps-prod,*,ebaas-maps-prod,128,cleanup.policy=compact:delete.retention.ms=1209600000,steve.banks@optum.com,sbanks34,FULL
ebaas.maps.prod.PlanCanonical.publish-queue_encrypted,*,ebaas-maps-prod,*,ebaas-maps-prod,128,cleanup.policy=compact:delete.retention.ms=1209600000,steve.banks@optum.com,sbanks34,FULL
ebaas.maps.prod.PlanCanonical.dead-letter_encrypted,*,ebaas-maps-prod,*,ebaas-maps-prod,1,retention.ms=1209600000,steve.banks@optum.com,sbanks34,FULL
ebaas.maps.prod.PlanCountyCanonical.join-queue_encrypted,*,ebaas-maps-prod,*,ebaas-maps-prod,128,cleanup.policy=compact:delete.retention.ms=1209600000,steve.banks@optum.com,sbanks34,FULL
ebaas.maps.prod.PlanCountyCanonical.publish-queue_encrypted,*,ebaas-maps-prod,*,ebaas-maps-prod,128,cleanup.policy=compact:delete.retention.ms=1209600000,steve.banks@optum.com,sbanks34,FULL
ebaas.maps.prod.PlanCountyCanonical.dead-letter_encrypted,*,ebaas-maps-prod,*,ebaas-maps-prod,1,retention.ms=1209600000,steve.banks@optum.com,sbanks34,FULL
ebaas.maps.prod.PlanRegionCanonical.join-queue_encrypted,*,ebaas-maps-prod,*,ebaas-maps-prod,128,cleanup.policy=compact:delete.retention.ms=1209600000,steve.banks@optum.com,sbanks34,FULL
ebaas.maps.prod.PlanRegionCanonical.publish-queue_encrypted,*,ebaas-maps-prod,*,ebaas-maps-prod,128,cleanup.policy=compact:delete.retention.ms=1209600000,steve.banks@optum.com,sbanks34,FULL
ebaas.maps.prod.PlanRegionCanonical.dead-letter_encrypted,*,ebaas-maps-prod,*,ebaas-maps-prod,1,retention.ms=1209600000,steve.banks@optum.com,sbanks34,FULL
