topic,producer-hosts,producer-cn,consumer-hosts,consumer-cn,partitions,config,email,ms-id,compatibility
hcp.as-submitted.c360-stage.data.claims.claim-submitted.v1,*,ebaas-claims360-assubmitted-test,*:*,ebaas-claims360-assubmitted-test:c360-test-kafka-azure,2,cleanup.policy=compact:delete.retention.ms=1209600001:max.compaction.lag.ms=86400000:compression.type=gzip,jonathon_w_laroy@optum.com:mike_burns@optum.com:ben_o_knight@optum.com:claudine_a_buzhardt@optum.com:gary_pinel@optum.com,sthota26:bburns:bknigh4:cbuzhar:gpinel,FULL
hcp.as-submitted.c360-stage.data.claims.claim-sub-amb-trans-location.v1,*,ebaas-claims360-assubmitted-test,*,c360-test-kafka-azure,2,cleanup.policy=compact:delete.retention.ms=1209600000:max.compaction.lag.ms=86400000:compression.type=gzip,jonathon_w_laroy@optum.com:mike_burns@optum.com:ben_o_knight@optum.com:claudine_a_buzhardt@optum.com:gary_pinel@optum.com,sthota26:bburns:bknigh4:cbuzhar:gpinel,FULL
hcp.as-submitted.c360-stage.data.claims.claim-sub-assoc-dates.v1,*,ebaas-claims360-assubmitted-test,*,c360-test-kafka-azure,2,cleanup.policy=compact:delete.retention.ms=1209600000:max.compaction.lag.ms=86400000:compression.type=gzip,jonathon_w_laroy@optum.com:mike_burns@optum.com:ben_o_knight@optum.com:claudine_a_buzhardt@optum.com:gary_pinel@optum.com,sthota26:bburns:bknigh4:cbuzhar:gpinel,FULL
hcp.as-submitted.c360-stage.data.claims.claim-sub-assoc-provider.v1,*,ebaas-claims360-assubmitted-test,*:*,ebaas-claims360-assubmitted-test:c360-test-kafka-azure,2,cleanup.policy=compact:delete.retention.ms=1209600001:max.compaction.lag.ms=86400000:compression.type=gzip,jonathon_w_laroy@optum.com:mike_burns@optum.com:ben_o_knight@optum.com:claudine_a_buzhardt@optum.com:gary_pinel@optum.com,sthota26:bburns:bknigh4:cbuzhar:gpinel,FULL
hcp.as-submitted.c360-stage.data.claims.claim-sub-attachment.v1,*,ebaas-claims360-assubmitted-test,*:*,ebaas-claims360-assubmitted-test:c360-test-kafka-azure,2,cleanup.policy=compact:delete.retention.ms=1209600001:max.compaction.lag.ms=86400000:compression.type=gzip,jonathon_w_laroy@optum.com:mike_burns@optum.com:ben_o_knight@optum.com:claudine_a_buzhardt@optum.com:gary_pinel@optum.com,sthota26:bburns:bknigh4:cbuzhar:gpinel,FULL
hcp.as-submitted.c360-stage.data.claims.claim-sub-billing-provider-contact.v1,*,ebaas-claims360-assubmitted-test,*,c360-test-kafka-azure,2,cleanup.policy=compact:delete.retention.ms=1209600000:max.compaction.lag.ms=86400000:compression.type=gzip,jonathon_w_laroy@optum.com:mike_burns@optum.com:ben_o_knight@optum.com:claudine_a_buzhardt@optum.com:gary_pinel@optum.com,sthota26:bburns:bknigh4:cbuzhar:gpinel,FULL
hcp.as-submitted.c360-stage.data.claims.claim-sub-conditions.v1,*,ebaas-claims360-assubmitted-test,*,c360-test-kafka-azure,2,cleanup.policy=compact:delete.retention.ms=1209600000:max.compaction.lag.ms=86400000:compression.type=gzip,jonathon_w_laroy@optum.com:mike_burns@optum.com:ben_o_knight@optum.com:claudine_a_buzhardt@optum.com:gary_pinel@optum.com,sthota26:bburns:bknigh4:cbuzhar:gpinel,FULL
hcp.as-submitted.c360-stage.data.claims.claim-sub-billing-providerids.v1,*,ebaas-claims360-assubmitted-test,*,c360-test-kafka-azure,2,cleanup.policy=compact:delete.retention.ms=1209600000:max.compaction.lag.ms=86400000:compression.type=gzip,jonathon_w_laroy@optum.com:mike_burns@optum.com:ben_o_knight@optum.com:claudine_a_buzhardt@optum.com:gary_pinel@optum.com,sthota26:bburns:bknigh4:cbuzhar:gpinel,FULL
hcp.as-submitted.c360-stage.data.claims.claim-sub-crc-conditions.v1,*,ebaas-claims360-assubmitted-test,*,c360-test-kafka-azure,2,cleanup.policy=compact:delete.retention.ms=1209600000:max.compaction.lag.ms=86400000:compression.type=gzip,jonathon_w_laroy@optum.com:mike_burns@optum.com:ben_o_knight@optum.com:claudine_a_buzhardt@optum.com:gary_pinel@optum.com,sthota26:bburns:bknigh4:cbuzhar:gpinel,FULL
hcp.as-submitted.c360-stage.data.claims.claim-sub-facility-contact.v1,*,ebaas-claims360-assubmitted-test,*,c360-test-kafka-azure,2,cleanup.policy=compact:delete.retention.ms=1209600000:max.compaction.lag.ms=86400000:compression.type=gzip,jonathon_w_laroy@optum.com:mike_burns@optum.com:ben_o_knight@optum.com:claudine_a_buzhardt@optum.com:gary_pinel@optum.com,sthota26:bburns:bknigh4:cbuzhar:gpinel,FULL
hcp.as-submitted.c360-stage.data.claims.claim-sub-facility-ids.v1,*,ebaas-claims360-assubmitted-test,*,c360-test-kafka-azure,2,cleanup.policy=compact:delete.retention.ms=1209600000:max.compaction.lag.ms=86400000:compression.type=gzip,jonathon_w_laroy@optum.com:mike_burns@optum.com:ben_o_knight@optum.com:claudine_a_buzhardt@optum.com:gary_pinel@optum.com,sthota26:bburns:bknigh4:cbuzhar:gpinel,FULL
hcp.as-submitted.c360-stage.data.claims.claim-sub-other-payer.v1,*,ebaas-claims360-assubmitted-test,*,c360-test-kafka-azure,2,cleanup.policy=compact:delete.retention.ms=1209600000:max.compaction.lag.ms=86400000:compression.type=gzip,jonathon_w_laroy@optum.com:mike_burns@optum.com:ben_o_knight@optum.com:claudine_a_buzhardt@optum.com:gary_pinel@optum.com,sthota26:bburns:bknigh4:cbuzhar:gpinel,FULL
hcp.as-submitted.c360-stage.data.claims.claim-sub-submitter-contact.v1,*,ebaas-claims360-assubmitted-test,*,c360-test-kafka-azure,2,cleanup.policy=compact:delete.retention.ms=1209600000:max.compaction.lag.ms=86400000:compression.type=gzip,jonathon_w_laroy@optum.com:mike_burns@optum.com:ben_o_knight@optum.com:claudine_a_buzhardt@optum.com:gary_pinel@optum.com,sthota26:bburns:bknigh4:cbuzhar:gpinel,FULL
hcp.as-submitted.c360-stage.data.claims.claim-sub-service.v1,*,ebaas-claims360-assubmitted-test,*,c360-test-kafka-azure,2,cleanup.policy=delete:retention.ms=1:max.compaction.lag.ms=86400000:compression.type=gzip,jonathon_w_laroy@optum.com:mike_burns@optum.com:ben_o_knight@optum.com:claudine_a_buzhardt@optum.com:gary_pinel@optum.com,sthota26:bburns:bknigh4:cbuzhar:gpinel,FULL
hcp.as-submitted.c360-stage.data.claims.claim-sub-service-amb-trans-location.v1,*,ebaas-claims360-assubmitted-test,*,c360-test-kafka-azure,2,cleanup.policy=compact:delete.retention.ms=1209600000:max.compaction.lag.ms=86400000:compression.type=gzip,jonathon_w_laroy@optum.com:mike_burns@optum.com:ben_o_knight@optum.com:claudine_a_buzhardt@optum.com:gary_pinel@optum.com,sthota26:bburns:bknigh4:cbuzhar:gpinel,FULL
hcp.as-submitted.c360-stage.data.claims.claim-sub-service-assoc-dates.v1,*,ebaas-claims360-assubmitted-test,*,c360-test-kafka-azure,2,cleanup.policy=compact:delete.retention.ms=1209600000:max.compaction.lag.ms=86400000:compression.type=gzip,jonathon_w_laroy@optum.com:mike_burns@optum.com:ben_o_knight@optum.com:claudine_a_buzhardt@optum.com:gary_pinel@optum.com,sthota26:bburns:bknigh4:cbuzhar:gpinel,FULL
hcp.as-submitted.c360-stage.data.claims.claim-sub-service-assoc-provider.v1,*,ebaas-claims360-assubmitted-test,*:*,ebaas-claims360-assubmitted-test:c360-test-kafka-azure,2,cleanup.policy=compact:delete.retention.ms=1209600001:max.compaction.lag.ms=86400000:compression.type=gzip,jonathon_w_laroy@optum.com:mike_burns@optum.com:ben_o_knight@optum.com:claudine_a_buzhardt@optum.com:gary_pinel@optum.com,sthota26:bburns:bknigh4:cbuzhar:gpinel,FULL
hcp.as-submitted.c360-stage.data.claims.claim-sub-service-attachment.v1,*,ebaas-claims360-assubmitted-test,*:*,ebaas-claims360-assubmitted-test:c360-test-kafka-azure,2,cleanup.policy=compact:delete.retention.ms=1209600001:max.compaction.lag.ms=86400000:compression.type=gzip,jonathon_w_laroy@optum.com:mike_burns@optum.com:ben_o_knight@optum.com:claudine_a_buzhardt@optum.com:gary_pinel@optum.com,sthota26:bburns:bknigh4:cbuzhar:gpinel,FULL
hcp.as-submitted.c360-stage.data.claims.claim-sub-service-crc-conditions.v1,*,ebaas-claims360-assubmitted-test,*,c360-test-kafka-azure,2,cleanup.policy=compact:delete.retention.ms=1209600000:max.compaction.lag.ms=86400000:compression.type=gzip,jonathon_w_laroy@optum.com:mike_burns@optum.com:ben_o_knight@optum.com:claudine_a_buzhardt@optum.com:gary_pinel@optum.com,sthota26:bburns:bknigh4:cbuzhar:gpinel,FULL
hcp.as-submitted.c360-stage.data.claims.claim-sub-notes.v1,*,ebaas-claims360-assubmitted-test,*,c360-test-kafka-azure,2,cleanup.policy=compact:delete.retention.ms=1209600000:max.compaction.lag.ms=86400000:compression.type=gzip,jonathon_w_laroy@optum.com:mike_burns@optum.com:ben_o_knight@optum.com:claudine_a_buzhardt@optum.com:gary_pinel@optum.com,sthota26:bburns:bknigh4:cbuzhar:gpinel,FULL
hcp.as-submitted.c360-stage.data.claims.claim-sub-service-facility-ids.v1,*,ebaas-claims360-assubmitted-test,*,c360-test-kafka-azure,2,cleanup.policy=compact:delete.retention.ms=1209600000:max.compaction.lag.ms=86400000:compression.type=gzip,jonathon_w_laroy@optum.com:mike_burns@optum.com:ben_o_knight@optum.com:claudine_a_buzhardt@optum.com:gary_pinel@optum.com,sthota26:bburns:bknigh4:cbuzhar:gpinel,FULL
hcp.as-submitted.c360-stage.data.claims.claim-sub-service-form.v1,*,ebaas-claims360-assubmitted-test,*,c360-test-kafka-azure,2,cleanup.policy=compact:delete.retention.ms=1209600000:max.compaction.lag.ms=86400000:compression.type=gzip,jonathon_w_laroy@optum.com:mike_burns@optum.com:ben_o_knight@optum.com:claudine_a_buzhardt@optum.com:gary_pinel@optum.com,sthota26:bburns:bknigh4:cbuzhar:gpinel,FULL
hcp.as-submitted.c360-stage.data.claims.claim-sub-service-notes.v1,*,ebaas-claims360-assubmitted-test,*,c360-test-kafka-azure,2,cleanup.policy=compact:delete.retention.ms=1209600000:max.compaction.lag.ms=86400000:compression.type=gzip,jonathon_w_laroy@optum.com:mike_burns@optum.com:ben_o_knight@optum.com:claudine_a_buzhardt@optum.com:gary_pinel@optum.com,sthota26:bburns:bknigh4:cbuzhar:gpinel,FULL
hcp.as-submitted.c360-stage.data.claims.claim-sub-service-order-prov-contact.v1,*,ebaas-claims360-assubmitted-test,*,c360-test-kafka-azure,2,cleanup.policy=compact:delete.retention.ms=1209600000:max.compaction.lag.ms=86400000:compression.type=gzip,jonathon_w_laroy@optum.com:mike_burns@optum.com:ben_o_knight@optum.com:claudine_a_buzhardt@optum.com:gary_pinel@optum.com,sthota26:bburns:bknigh4:cbuzhar:gpinel,FULL
hcp.as-submitted.c360-stage.data.claims.claim-sub-service-order-provids.v1,*,ebaas-claims360-assubmitted-test,*,c360-test-kafka-azure,2,cleanup.policy=compact:delete.retention.ms=1209600000:max.compaction.lag.ms=86400000:compression.type=gzip,jonathon_w_laroy@optum.com:mike_burns@optum.com:ben_o_knight@optum.com:claudine_a_buzhardt@optum.com:gary_pinel@optum.com,sthota26:bburns:bknigh4:cbuzhar:gpinel,FULL
hcp.as-submitted.c360-stage.data.claims.claim-sub-service-other-payer.v1,*,ebaas-claims360-assubmitted-test,*,c360-test-kafka-azure,2,cleanup.policy=compact:delete.retention.ms=1209600000:max.compaction.lag.ms=86400000:compression.type=gzip,jonathon_w_laroy@optum.com:mike_burns@optum.com:ben_o_knight@optum.com:claudine_a_buzhardt@optum.com:gary_pinel@optum.com,sthota26:bburns:bknigh4:cbuzhar:gpinel,FULL
hcp.as-submitted.c360-stage.data.claims.security-consumer-role-permission.v1,*,ebaas-claims360-assubmitted-test,*,c360-test-kafka-azure,2,cleanup.policy=compact:delete.retention.ms=1209600000:max.compaction.lag.ms=86400000:compression.type=gzip,jonathon_w_laroy@optum.com:mike_burns@optum.com:ben_o_knight@optum.com:claudine_a_buzhardt@optum.com:gary_pinel@optum.com,sthota26:bburns:bknigh4:cbuzhar:gpinel,FULL
