Topic,producer_hosts,producer_cn,consumer_hosts,consumer_cn,partitions,config,email,ms-id,compatibility
api.prod-eligibility-ctc.prod.deadletter.coordinationofbenefits-api-consumer.v3,*,eligibility-api-consumer,*,eligibility-api-consumer,8,cleanup.policy=compact:delete.retention.ms=604800000:compression.type=gzip,kenneth.deleon@optum.com,kdeleo19,FULL
api.prod-eligibility-ctc.prod.deadletter.eligibility-api-consumer.v3,*,eligibility-api-consumer,*,eligibility-api-consumer,8,cleanup.policy=compact:delete.retention.ms=604800000:compression.type=gzip,kenneth.deleon@optum.com,kdeleo19,FULL
api.prod-eligibility-ctc.prod.deadletter.provider-selection-api-consumer.v3,*,eligibility-api-consumer,*,eligibility-api-consumer,8,cleanup.policy=compact:delete.retention.ms=604800000:compression.type=gzip,kenneth.deleon@optum.com,kdeleo19,FULL
api.prod-eligibility-ctc.prod.deadletter.member-population-api-consumer.v3,*,eligibility-api-consumer,*,eligibility-api-consumer,8,cleanup.policy=compact:delete.retention.ms=604800000:compression.type=gzip,kenneth.deleon@optum.com,kdeleo19,FULL
