topic,producer_hosts,producer_cn,consumer_hosts,consumer_cn,partitions,config,email,ms-id,compatibility
DE_STREAMS.ctc.cdc.a4me.eligibility.v1,*,prod-de-streams,*:*,prod-de-streams:riptide,150,cleanup.policy=compact:delete.retention.ms=1209600000:max.compaction.lag.ms=86400000:compression.type=gzip,timothy.drahn@optum.com:jaspreet_singh@optum.com:RIPTIDEPremiumBlendIT_DL@ds.uhc.com:RIPTiDE_Green_Tea_DL@ds.uhc.com:,tdrahn:jkochha:mnibhanu:apand121:vkuma13:stanekel:dtimaul:idjalalo:psinha39:tgurung1:sredd196:tschwab2:jsticha:mpetron1:jberger1,FULL
DE_STREAMS.ctc.cdc.ccr.eligibility.v1,*,prod-de-streams,*:*:*,prod-de-streams:ecp-ctc:beam-ect,150,cleanup.policy=compact:delete.retention.ms=1209600000:max.compaction.lag.ms=86400000:compression.type=gzip,timothy.drahn@optum.com:gurumurthy.sithuraj@optum.com,tdrahn:gsithura,FULL
DE_STREAMS.ctc.cdc.eligibility_keyed.membership.v1,*,prod-de-streams,*,prod-de-streams,600,retention.ms=1209600000:compression.type=gzip,,,FULL
DE_STREAMS.ctc.cdc.foundational.eligibility.v1,*,prod-de-streams,*:*:*:*:*,prod-imdm-cdb-streams:prod-de-streams:eligibility-api-consumer-foundational-eligibility-api:*.data-exts-eligibility-api-prod.svc.cluster.local:hcp-streams-prd,600,cleanup.policy=compact:delete.retention.ms=1209600000:max.compaction.lag.ms=86400000:compression.type=gzip,,,FULL
DE_STREAMS.ctc.cdc.foundational.individual.v1,*,prod-de-streams,*,prod-de-streams,1200,cleanup.policy=compact:delete.retention.ms=1209600000:max.compaction.lag.ms=86400000:compression.type=gzip,,,FULL
DE_STREAMS.ctc.cdc.foundational.membership.v1,*,prod-de-streams,*,prod-de-streams,600,cleanup.policy=compact:delete.retention.ms=1209600000:max.compaction.lag.ms=86400000:compression.type=gzip,,,FULL
DE_STREAMS.ctc.cdc.foundational.security.v1,*,prod-de-streams,*,prod-de-streams,8,retention.ms=1:compression.type=gzip,,,FULL
DE_STREAMS.ctc.cdc.individual_keyed.cdb_mbr_population.v1,*,prod-de-streams,*,prod-de-streams,48,retention.ms=1209600000:compression.type=gzip,,,FULL
DE_STREAMS.ctc.cdc.individual_keyed.cnsm_auth_rep.v1,*,prod-de-streams,*,prod-de-streams,48,retention.ms=1209600000:compression.type=gzip,,,FULL
DE_STREAMS.ctc.cdc.individual_keyed.cnsm_cob_primacy.v1,*,prod-de-streams,*,prod-de-streams,48,retention.ms=1209600000:compression.type=gzip,,,FULL
DE_STREAMS.ctc.cdc.individual_keyed.cnsm_cust_defn_fld.v1,*,prod-de-streams,*,prod-de-streams,96,retention.ms=1209600000:compression.type=gzip,,,FULL
DE_STREAMS.ctc.cdc.individual_keyed.cnsm_lab_info.v1,*,prod-de-streams,*,prod-de-streams,48,retention.ms=1209600000:compression.type=gzip,,,FULL
DE_STREAMS.ctc.cdc.individual_keyed.cnsm_mdcr_primacy.v1,*,prod-de-streams,*,prod-de-streams,48,retention.ms=1209600000:compression.type=gzip,,,FULL
DE_STREAMS.ctc.cdc.individual_keyed.cnsm_othr_ins.v1,*,prod-de-streams,*,prod-de-streams,48,retention.ms=1209600000:compression.type=gzip,,,FULL
DE_STREAMS.ctc.cdc.individual_keyed.cnsm_pol_amt.v1,*,prod-de-streams,*,prod-de-streams,48,retention.ms=1209600000:compression.type=gzip,,,FULL
DE_STREAMS.ctc.cdc.individual_keyed.cnsm_sts.v1,*,prod-de-streams,*,prod-de-streams,48,retention.ms=1209600000:compression.type=gzip,,,FULL
DE_STREAMS.ctc.cdc.individual_keyed.l_cov_prdt_pcp.v1,*,prod-de-streams,*,prod-de-streams,48,retention.ms=1209600000:compression.type=gzip,,,FULL
DE_STREAMS.ctc.cdc.individual_keyed.mgrt_src_id_xref.v1,*,prod-de-streams,*,prod-de-streams,24,retention.ms=1209600000:compression.type=gzip,,,FULL
DE_STREAMS.ctc.cdc.individual_keyed.ml_cnsm_adr.v1,*,prod-de-streams,*,prod-de-streams,150,retention.ms=1209600000:compression.type=gzip,,,FULL
DE_STREAMS.ctc.cdc.individual_keyed.ml_cnsm_elctr_adr.v1,*,prod-de-streams,*,prod-de-streams,48,retention.ms=1209600000:compression.type=gzip,,,FULL
DE_STREAMS.ctc.cdc.individual_keyed.ml_cnsm_tel.v1,*,prod-de-streams,*,prod-de-streams,96,retention.ms=1209600000:compression.type=gzip,,,FULL
DE_STREAMS.ctc.cdc.individual_keyed.ml_cnsm_xref.v1,*,prod-de-streams,*,prod-de-streams,600,retention.ms=1209600000:compression.type=gzip,,,FULL
DE_STREAMS.ctc.cdc.membership_keyed.cnsm_cov_cust_defn_fld.v1,*,prod-de-streams,*,prod-de-streams,96,retention.ms=1209600000:compression.type=gzip,,,FULL
DE_STREAMS.ctc.cdc.rally.cis_filtered_eligibility.v3,*,prod-de-streams,*,prod-de-streams,300,cleanup.policy=compact:delete.retention.ms=1209600000:max.compaction.lag.ms=86400000:compression.type=gzip,,,FULL
DE_STREAMS.ctc.cdc.rally.eligibility.v3,*,prod-de-streams,*:*,prod-de-streams:beam-hcp,120,cleanup.policy=compact:delete.retention.ms=1209600000:max.compaction.lag.ms=86400000:compression.type=gzip,,,FULL
DE_STREAMS.ctc.cdc.rally.identity.v3,*,prod-de-streams,*:*,prod-de-streams:beam-hcp,120,cleanup.policy=compact:delete.retention.ms=1209600000:max.compaction.lag.ms=86400000:compression.type=gzip,,,FULL
DE_STREAMS.ctc.cdc.rally.staged_eligibility.v3,*,prod-de-streams,*,prod-de-streams,120,cleanup.policy=compact:delete.retention.ms=1209600000:max.compaction.lag.ms=86400000:compression.type=gzip,,,FULL
DE_STREAMS.ctc.cdc.rally.staged_identity.v3,*,prod-de-streams,*,prod-de-streams,120,cleanup.policy=compact:delete.retention.ms=1209600000:max.compaction.lag.ms=86400000:compression.type=gzip,,,FULL
DE_STREAMS.ctc.cdc.xref_keyed.cdb_mbr_population.v1,*,prod-de-streams,*,prod-de-streams,72,retention.ms=1209600000:compression.type=gzip,,,FULL
DE_STREAMS.ctc.cmd.publish_eligibility.v1,*,prod-de-streams,*,prod-de-streams,1200,retention.ms=1209600000:compression.type=gzip,,,FULL
DE_STREAMS.ctc.cmd.publish_individual.v1,*,prod-de-streams,*,prod-de-streams,1200,retention.ms=1209600000:compression.type=gzip,,,FULL
DE_STREAMS.ctc.cmd.publish_membership.v1,*,prod-de-streams,*,prod-de-streams,1200,retention.ms=1209600000:compression.type=gzip,,,FULL
DE_STREAMS.ctc.cmd.rally.publish_eligibility.v3,*,prod-de-streams,*,prod-de-streams,300,retention.ms=1209600000:compression.type=gzip,,,FULL
DE_STREAMS.ctc.fact.rally.privacy_rule_change.v1,*,prod-de-streams,*,prod-de-streams,1,retention.ms=1209600000:compression.type=gzip,,,FULL
DE_STREAMS.ctc.phmds.eligibility.fedex,*,prod-de-streams,*:*,prod-de-streams:beam-hcp,16,cleanup.policy=compact:delete.retention.ms=3024000000:max.compaction.lag.ms=86400000:compression.type=gzip,timothy.drahn@optum.com,tdrahn,FULL
DE_STREAMS.ctc.phmds.eligibility.rally,*,prod-de-streams,*:*,prod-de-streams:beam-hcp,16,cleanup.policy=compact:delete.retention.ms=3024000000:max.compaction.lag.ms=86400000:compression.type=gzip,timothy.drahn@optum.com,tdrahn,FULL
