topic,producer-hosts,producer-cn,consumer-hosts,consumer-cn,partitions,config,email,msid
DE_STREAMS.ctc.cdc.cdb.cnsm_cptin_sts.v2,*,dev-orx-azure-client,*,dev-orx-azure-client,10,cleanup.policy=compact:delete.retention.ms=604800000:compression.type=gzip,steve.banks@optum.com,sbanks34
DE_STREAMS.ctc.cdc.cdb.cnsm_cust_defn_fld.v2,*,dev-orx-azure-client,*,dev-orx-azure-client,10,cleanup.policy=compact:delete.retention.ms=604800000:compression.type=gzip,steve.banks@optum.com,sbanks34
DE_STREAMS.ctc.cdc.cdb.cnsm_dtl.v2,*,dev-orx-azure-client,*,dev-orx-azure-client,10,cleanup.policy=compact:delete.retention.ms=604800000:compression.type=gzip,steve.banks@optum.com,sbanks34
DE_STREAMS.ctc.cdc.cdb.cnsm_hpln_lang_prf.v2,*,dev-orx-azure-client,*,dev-orx-azure-client,10,cleanup.policy=compact:delete.retention.ms=604800000:compression.type=gzip,steve.banks@optum.com,sbanks34
DE_STREAMS.ctc.cdc.cdb.cnsm_lab_info.v2,*,dev-orx-azure-client,*,dev-orx-azure-client,10,cleanup.policy=compact:delete.retention.ms=604800000:compression.type=gzip,steve.banks@optum.com,sbanks34
DE_STREAMS.ctc.cdc.cdb.cnsm_othr_ins.v2,*,dev-orx-azure-client,*,dev-orx-azure-client,10,cleanup.policy=compact:delete.retention.ms=604800000:compression.type=gzip,steve.banks@optum.com,sbanks34
DE_STREAMS.ctc.cdc.cdb.cnsm_pol_amt.v2,*,dev-orx-azure-client,*,dev-orx-azure-client,10,cleanup.policy=compact:delete.retention.ms=604800000:compression.type=gzip,steve.banks@optum.com,sbanks34
DE_STREAMS.ctc.cdc.cdb.cnsm_prxst_cond.v2,*,dev-orx-azure-client,*,dev-orx-azure-client,10,cleanup.policy=compact:delete.retention.ms=604800000:compression.type=gzip,steve.banks@optum.com,sbanks34
DE_STREAMS.ctc.cdc.cdb.cnsm_sts.v2,*,dev-orx-azure-client,*,dev-orx-azure-client,10,cleanup.policy=compact:delete.retention.ms=604800000:compression.type=gzip,steve.banks@optum.com,sbanks34
DE_STREAMS.ctc.cdc.cdb.l_cnsm_srch.v2,*,dev-orx-azure-client,*,dev-orx-azure-client,10,cleanup.policy=compact:delete.retention.ms=604800000:compression.type=gzip,steve.banks@optum.com,sbanks34
DE_STREAMS.ctc.cdc.cdb.l_cov_prdt_dt.v2,*,dev-orx-azure-client,*,dev-orx-azure-client,10,cleanup.policy=compact:delete.retention.ms=604800000:compression.type=gzip,steve.banks@optum.com,sbanks34
DE_STREAMS.ctc.cdc.cdb.l_finc_acct.v2,*,dev-orx-azure-client,*,dev-orx-azure-client,10,cleanup.policy=compact:delete.retention.ms=604800000:compression.type=gzip,steve.banks@optum.com,sbanks34
DE_STREAMS.ctc.cdc.cdb.l_hlt_srv_dt.v2,*,dev-orx-azure-client,*,dev-orx-azure-client,10,cleanup.policy=compact:delete.retention.ms=604800000:compression.type=gzip,steve.banks@optum.com,sbanks34
DE_STREAMS.ctc.cdc.cdb.l_lf_dis_prdt_dt.v2,*,dev-orx-azure-client,*,dev-orx-azure-client,10,cleanup.policy=compact:delete.retention.ms=604800000:compression.type=gzip,steve.banks@optum.com,sbanks34
DE_STREAMS.ctc.cdc.cdb.mgrt_src_id_xref.v2,*,dev-orx-azure-client,*,dev-orx-azure-client,10,cleanup.policy=compact:delete.retention.ms=604800000:compression.type=gzip,steve.banks@optum.com,sbanks34
DE_STREAMS.ctc.cdc.cdb.ml_cnsm_adr.v2,*,dev-orx-azure-client,*,dev-orx-azure-client,10,cleanup.policy=compact:delete.retention.ms=604800000:compression.type=gzip,steve.banks@optum.com,sbanks34
DE_STREAMS.ctc.cdc.cdb.ml_cnsm_elctr_adr.v2,*,dev-orx-azure-client,*,dev-orx-azure-client,10,cleanup.policy=compact:delete.retention.ms=604800000:compression.type=gzip,steve.banks@optum.com,sbanks34
DE_STREAMS.ctc.cdc.cdb.ml_cnsm_tel.v2,*,dev-orx-azure-client,*,dev-orx-azure-client,10,cleanup.policy=compact:delete.retention.ms=604800000:compression.type=gzip,steve.banks@optum.com,sbanks34
DE_STREAMS.ctc.cdc.cdb.ml_cnsm_xref.v2,*,dev-orx-azure-client,*,dev-orx-azure-client,10,cleanup.policy=compact:delete.retention.ms=604800000:compression.type=gzip,steve.banks@optum.com,sbanks34
DE_STREAMS.ctc.cdc.cdb.pref_ctr_elctr_adr.v2,*,dev-orx-azure-client,*,dev-orx-azure-client,10,cleanup.policy=compact:delete.retention.ms=604800000:compression.type=gzip,steve.banks@optum.com,sbanks34
DE_STREAMS.ctc.cdc.cdb.pref_ctr_lang_pref.v2,*,dev-orx-azure-client,*,dev-orx-azure-client,10,cleanup.policy=compact:delete.retention.ms=604800000:compression.type=gzip,steve.banks@optum.com,sbanks34
EBAAS.cdb.eligibility.join-queue,*,dev-orx-azure-client,*,dev-orx-azure-client,10,cleanup.policy=compact:delete.retention.ms=604800000:compression.type=gzip,steve.banks@optum.com,sbanks34
EBAAS.cdb.eligibility.publish-queue,*,dev-orx-azure-client,*,dev-orx-azure-client,100,cleanup.policy=compact:delete.retention.ms=604800000:compression.type=gzip,steve.banks@optum.com,sbanks34
