topic,producer-hosts,producer-cn,consumer-hosts,consumer-cn,partitions,config,email,ms-id,aha-id
streamit-ingestion-store-prod-ctc.ATTTEST.CSF.FAC.CER_SYML_MSG_LOG,*,attunity-kaas-alpha,*:*:*,beam-streamit:csf-hcp-prod:hcp-data-prd,25,cleanup.policy=compact:delete.retention.ms=1209600000:max.compaction.lag.ms=86400000:compression.type=gzip,STREAMIT_Team-1_DL@ds.uhc.com,apatra6:lreile1:sprasa5:smanand2:agauta14:rkoshaba:eniels1,HCPFKAFKA-I-128
streamit-ingestion-store-prod-ctc.ATTTEST.CSF.FAC.CMC_BGBG_BIL_GROUP,*,attunity-kaas-alpha,*:*,beam-streamit:csf-hcp-prod,1,cleanup.policy=compact:delete.retention.ms=1209600000:max.compaction.lag.ms=86400000:compression.type=gzip,STREAMIT_Team-1_DL@ds.uhc.com,apatra6:lreile1:sprasa5:smanand2:agauta14:rkoshaba:eniels1,HCPFKAFKA-I-128
streamit-ingestion-store-prod-ctc.ATTTEST.CSF.FAC.CMC_BLEI_ENTY_INFO,*,attunity-kaas-alpha,*:*,beam-streamit:csf-hcp-prod,1,cleanup.policy=compact:delete.retention.ms=1209600000:max.compaction.lag.ms=86400000:compression.type=gzip,STREAMIT_Team-1_DL@ds.uhc.com,apatra6:lreile1:sprasa5:smanand2:agauta14:rkoshaba:eniels1,HCPFKAFKA-I-128
streamit-ingestion-store-prod-ctc.ATTTEST.CSF.FAC.CMC_BPCD_CLM_DTL,*,attunity-kaas-alpha,*:*,beam-streamit:csf-hcp-prod,201,cleanup.policy=compact:delete.retention.ms=1209600000:max.compaction.lag.ms=86400000:compression.type=gzip,STREAMIT_Team-1_DL@ds.uhc.com,apatra6:lreile1:sprasa5:smanand2:agauta14:rkoshaba:eniels1,HCPFKAFKA-I-128
streamit-ingestion-store-prod-ctc.ATTTEST.CSF.FAC.CMC_CDCB_LI_COB,*,attunity-kaas-alpha,*:*,beam-streamit:csf-hcp-prod,101,cleanup.policy=compact:delete.retention.ms=1209600000:max.compaction.lag.ms=86400000:compression.type=gzip,STREAMIT_Team-1_DL@ds.uhc.com,apatra6:lreile1:sprasa5:smanand2:agauta14:rkoshaba:eniels1,HCPFKAFKA-I-128
streamit-ingestion-store-prod-ctc.ATTTEST.CSF.FAC.CMC_CDID_DATA,*,attunity-kaas-alpha,*:*,beam-streamit:csf-hcp-prod,101,cleanup.policy=compact:delete.retention.ms=1209600000:max.compaction.lag.ms=86400000:compression.type=gzip,STREAMIT_Team-1_DL@ds.uhc.com,apatra6:lreile1:sprasa5:smanand2:agauta14:rkoshaba:eniels1,HCPFKAFKA-I-128
streamit-ingestion-store-prod-ctc.ATTTEST.CSF.FAC.CMC_CDLM_ACC_LMT,*,attunity-kaas-alpha,*:*,beam-streamit:csf-hcp-prod,100,cleanup.policy=compact:delete.retention.ms=1209600000:max.compaction.lag.ms=86400000:compression.type=gzip,STREAMIT_Team-1_DL@ds.uhc.com,apatra6:lreile1:sprasa5:smanand2:agauta14:rkoshaba:eniels1,HCPFKAFKA-I-128
streamit-ingestion-store-prod-ctc.ATTTEST.CSF.FAC.CMC_CDML_CL_LINE,*,attunity-kaas-alpha,*:*:*,beam-streamit:csf-hcp-prod:hcp-data-prd,200,cleanup.policy=compact:delete.retention.ms=1209600000:max.compaction.lag.ms=86400000:compression.type=gzip,STREAMIT_Team-1_DL@ds.uhc.com,apatra6:lreile1:sprasa5:smanand2:agauta14:rkoshaba:eniels1,HCPFKAFKA-I-128
streamit-ingestion-store-prod-ctc.ATTTEST.CSF.FAC.CMC_CDNP_NWX_PRCNG,*,attunity-kaas-alpha,*:*,beam-streamit:csf-hcp-prod,201,cleanup.policy=compact:delete.retention.ms=1209600000:max.compaction.lag.ms=86400000:compression.type=gzip,STREAMIT_Team-1_DL@ds.uhc.com,apatra6:lreile1:sprasa5:smanand2:agauta14:rkoshaba:eniels1,HCPFKAFKA-I-128
streamit-ingestion-store-prod-ctc.ATTTEST.CSF.FAC.CMC_CDOR_LI_OVR,*,attunity-kaas-alpha,*:*,beam-streamit:csf-hcp-prod,200,cleanup.policy=compact:delete.retention.ms=1209600000:max.compaction.lag.ms=86400000:compression.type=gzip,STREAMIT_Team-1_DL@ds.uhc.com,apatra6:lreile1:sprasa5:smanand2:agauta14:rkoshaba:eniels1,HCPFKAFKA-I-128
streamit-ingestion-store-prod-ctc.ATTTEST.CSF.FAC.CMC_CDPE_PROV_DATA,*,attunity-kaas-alpha,*:*,beam-streamit:csf-hcp-prod,17,cleanup.policy=compact:delete.retention.ms=1209600000:max.compaction.lag.ms=86400000:compression.type=gzip,STREAMIT_Team-1_DL@ds.uhc.com,apatra6:lreile1:sprasa5:smanand2:agauta14:rkoshaba:eniels1,HCPFKAFKA-I-128
streamit-ingestion-store-prod-ctc.ATTTEST.CSF.FAC.CMC_CDSD_SUPP_DATA,*,attunity-kaas-alpha,*:*,beam-streamit:csf-hcp-prod,201,cleanup.policy=compact:delete.retention.ms=1209600000:max.compaction.lag.ms=86400000:compression.type=gzip,STREAMIT_Team-1_DL@ds.uhc.com,apatra6:lreile1:sprasa5:smanand2:agauta14:rkoshaba:eniels1,HCPFKAFKA-I-128
streamit-ingestion-store-prod-ctc.ATTTEST.CSF.FAC.CMC_CKCK_CHECK,*,attunity-kaas-alpha,*:*,beam-streamit:csf-hcp-prod,33,cleanup.policy=compact:delete.retention.ms=1209600000:max.compaction.lag.ms=86400000:compression.type=gzip,STREAMIT_Team-1_DL@ds.uhc.com,apatra6:lreile1:sprasa5:smanand2:agauta14:rkoshaba:eniels1,HCPFKAFKA-I-128
streamit-ingestion-store-prod-ctc.ATTTEST.CSF.FAC.CMC_CLCB_CL_COB,*,attunity-kaas-alpha,*:*,beam-streamit:csf-hcp-prod,51,cleanup.policy=compact:delete.retention.ms=1209600000:max.compaction.lag.ms=86400000:compression.type=gzip,STREAMIT_Team-1_DL@ds.uhc.com,apatra6:lreile1:sprasa5:smanand2:agauta14:rkoshaba:eniels1,HCPFKAFKA-I-128
streamit-ingestion-store-prod-ctc.ATTTEST.CSF.FAC.CMC_CLCK_CLM_CHECK,*,attunity-kaas-alpha,*:*,beam-streamit:csf-hcp-prod,101,cleanup.policy=compact:delete.retention.ms=1209600000:max.compaction.lag.ms=86400000:compression.type=gzip,STREAMIT_Team-1_DL@ds.uhc.com,apatra6:lreile1:sprasa5:smanand2:agauta14:rkoshaba:eniels1,HCPFKAFKA-I-128
streamit-ingestion-store-prod-ctc.ATTTEST.CSF.FAC.CMC_CLCL_CLAIM,*,attunity-kaas-alpha,*:*:*,beam-streamit:csf-hcp-prod:hcp-data-prd,100,cleanup.policy=compact:delete.retention.ms=1209600000:max.compaction.lag.ms=86400000:compression.type=gzip,STREAMIT_Team-1_DL@ds.uhc.com,apatra6:lreile1:sprasa5:smanand2:agauta14:rkoshaba:eniels1,HCPFKAFKA-I-128
streamit-ingestion-store-prod-ctc.ATTTEST.CSF.FAC.CMC_CLED_EDI_DATA,*,attunity-kaas-alpha,*:*:*,beam-streamit:csf-hcp-prod:hcp-data-prd,51,cleanup.policy=compact:delete.retention.ms=1209600000:max.compaction.lag.ms=86400000:compression.type=gzip,STREAMIT_Team-1_DL@ds.uhc.com,apatra6:lreile1:sprasa5:smanand2:agauta14:rkoshaba:eniels1,HCPFKAFKA-I-128
streamit-ingestion-store-prod-ctc.ATTTEST.CSF.FAC.CMC_CLHC_COND_CODE,*,attunity-kaas-alpha,*:*,beam-streamit:csf-hcp-prod,17,cleanup.policy=compact:delete.retention.ms=1209600000:max.compaction.lag.ms=86400000:compression.type=gzip,STREAMIT_Team-1_DL@ds.uhc.com,apatra6:lreile1:sprasa5:smanand2:agauta14:rkoshaba:eniels1,HCPFKAFKA-I-128
streamit-ingestion-store-prod-ctc.ATTTEST.CSF.FAC.CMC_CLHI_PROC,*,attunity-kaas-alpha,*:*,beam-streamit:csf-hcp-prod,9,cleanup.policy=compact:delete.retention.ms=1209600000:max.compaction.lag.ms=86400000:compression.type=gzip,STREAMIT_Team-1_DL@ds.uhc.com,apatra6:lreile1:sprasa5:smanand2:agauta14:rkoshaba:eniels1,HCPFKAFKA-I-128
streamit-ingestion-store-prod-ctc.ATTTEST.CSF.FAC.CMC_CLHO_OCC_CODE,*,attunity-kaas-alpha,*:*,beam-streamit:csf-hcp-prod,33,cleanup.policy=compact:delete.retention.ms=1209600000:max.compaction.lag.ms=86400000:compression.type=gzip,STREAMIT_Team-1_DL@ds.uhc.com,apatra6:lreile1:sprasa5:smanand2:agauta14:rkoshaba:eniels1,HCPFKAFKA-I-128
streamit-ingestion-store-prod-ctc.ATTTEST.CSF.FAC.CMC_CLHP_HOSP,*,attunity-kaas-alpha,*:*:*,beam-streamit:csf-hcp-prod:hcp-data-prd,51,cleanup.policy=compact:delete.retention.ms=1209600000:max.compaction.lag.ms=86400000:compression.type=gzip,STREAMIT_Team-1_DL@ds.uhc.com,apatra6:lreile1:sprasa5:smanand2:agauta14:rkoshaba:eniels1,HCPFKAFKA-I-128
streamit-ingestion-store-prod-ctc.ATTTEST.CSF.FAC.CMC_CLMD_DIAG,*,attunity-kaas-alpha,*:*,beam-streamit:csf-hcp-prod,201,cleanup.policy=compact:delete.retention.ms=1209600000:max.compaction.lag.ms=86400000:compression.type=gzip,STREAMIT_Team-1_DL@ds.uhc.com,apatra6:lreile1:sprasa5:smanand2:agauta14:rkoshaba:eniels1,HCPFKAFKA-I-128
streamit-ingestion-store-prod-ctc.ATTTEST.CSF.FAC.CMC_CLMF_MULT_FUNC,*,attunity-kaas-alpha,*:*,beam-streamit:csf-hcp-prod,101,cleanup.policy=compact:delete.retention.ms=1209600000:max.compaction.lag.ms=86400000:compression.type=gzip,STREAMIT_Team-1_DL@ds.uhc.com,apatra6:lreile1:sprasa5:smanand2:agauta14:rkoshaba:eniels1,HCPFKAFKA-I-128
streamit-ingestion-store-prod-ctc.ATTTEST.CSF.FAC.CMC_CLMI_MISC,*,attunity-kaas-alpha,*:*,beam-streamit:csf-hcp-prod,101,cleanup.policy=compact:delete.retention.ms=1209600000:max.compaction.lag.ms=86400000:compression.type=gzip,STREAMIT_Team-1_DL@ds.uhc.com,apatra6:lreile1:sprasa5:smanand2:agauta14:rkoshaba:eniels1,HCPFKAFKA-I-128
streamit-ingestion-store-prod-ctc.ATTTEST.CSF.FAC.CMC_CLOR_CL_OVR,*,attunity-kaas-alpha,*:*,beam-streamit:csf-hcp-prod,100,cleanup.policy=compact:delete.retention.ms=1209600000:max.compaction.lag.ms=86400000:compression.type=gzip,STREAMIT_Team-1_DL@ds.uhc.com,apatra6:lreile1:sprasa5:smanand2:agauta14:rkoshaba:eniels1,HCPFKAFKA-I-128
streamit-ingestion-store-prod-ctc.ATTTEST.CSF.FAC.CMC_CLPE_PROV_DATA,*,attunity-kaas-alpha,*:*,beam-streamit:csf-hcp-prod,350,cleanup.policy=compact:delete.retention.ms=1209600000:max.compaction.lag.ms=86400000:compression.type=gzip,STREAMIT_Team-1_DL@ds.uhc.com,apatra6:lreile1:sprasa5:smanand2:agauta14:rkoshaba:eniels1,HCPFKAFKA-I-128
streamit-ingestion-store-prod-ctc.ATTTEST.CSF.FAC.CMC_CLST_STATUS,*,attunity-kaas-alpha,*:*,beam-streamit:csf-hcp-prod,50,cleanup.policy=compact:delete.retention.ms=1209600000:max.compaction.lag.ms=86400000:compression.type=gzip,STREAMIT_Team-1_DL@ds.uhc.com,apatra6:lreile1:sprasa5:smanand2:agauta14:rkoshaba:eniels1,HCPFKAFKA-I-128
streamit-ingestion-store-prod-ctc.ATTTEST.CSF.FAC.CMC_CLVC_VAL_CODE,*,attunity-kaas-alpha,*:*,beam-streamit:csf-hcp-prod,33,cleanup.policy=compact:delete.retention.ms=1209600000:max.compaction.lag.ms=86400000:compression.type=gzip,STREAMIT_Team-1_DL@ds.uhc.com,apatra6:lreile1:sprasa5:smanand2:agauta14:rkoshaba:eniels1,HCPFKAFKA-I-128
streamit-ingestion-store-prod-ctc.ATTTEST.CSF.FAC.CMC_FATX_ACCUM_TXN,*,attunity-kaas-alpha,*:*,beam-streamit:csf-hcp-prod,1,cleanup.policy=compact:delete.retention.ms=1209600000:max.compaction.lag.ms=86400000:compression.type=gzip,STREAMIT_Team-1_DL@ds.uhc.com,apatra6:lreile1:sprasa5:smanand2:agauta14:rkoshaba:eniels1,HCPFKAFKA-I-128
streamit-ingestion-store-prod-ctc.ATTTEST.CSF.FAC.CMC_MATX_ACCUM_TXN,*,attunity-kaas-alpha,*:*,beam-streamit:csf-hcp-prod,100,cleanup.policy=compact:delete.retention.ms=1209600000:max.compaction.lag.ms=86400000:compression.type=gzip,STREAMIT_Team-1_DL@ds.uhc.com,apatra6:lreile1:sprasa5:smanand2:agauta14:rkoshaba:eniels1,HCPFKAFKA-I-128
streamit-ingestion-store-prod-ctc.ATTTEST.CSF.FAC.CMC_MCRP_RELAT_PER,*,attunity-kaas-alpha,*:*,beam-streamit:csf-hcp-prod,32,cleanup.policy=compact:delete.retention.ms=1209600000:max.compaction.lag.ms=86400000:compression.type=gzip,STREAMIT_Team-1_DL@ds.uhc.com,apatra6:lreile1:sprasa5:smanand2:agauta14:rkoshaba:eniels1,HCPFKAFKA-I-128
streamit-ingestion-store-prod-ctc.ATTTEST.CSF.FAC.CMC_MECD_MEDICAID,*,attunity-kaas-alpha,*:*,beam-streamit:csf-hcp-prod,32,cleanup.policy=compact:delete.retention.ms=1209600000:max.compaction.lag.ms=86400000:compression.type=gzip,STREAMIT_Team-1_DL@ds.uhc.com,apatra6:lreile1:sprasa5:smanand2:agauta14:rkoshaba:eniels1,HCPFKAFKA-I-128
streamit-ingestion-store-prod-ctc.ATTTEST.CSF.FAC.CMC_MECM_COMM,*,attunity-kaas-alpha,*:*,beam-streamit:csf-hcp-prod,1,cleanup.policy=compact:delete.retention.ms=1209600000:max.compaction.lag.ms=86400000:compression.type=gzip,STREAMIT_Team-1_DL@ds.uhc.com,apatra6:lreile1:sprasa5:smanand2:agauta14:rkoshaba:eniels1,HCPFKAFKA-I-128
streamit-ingestion-store-prod-ctc.ATTTEST.CSF.FAC.CMC_MECR_NO_XREF,*,attunity-kaas-alpha,*:*,beam-streamit:csf-hcp-prod,8,cleanup.policy=compact:delete.retention.ms=1209600000:max.compaction.lag.ms=86400000:compression.type=gzip,STREAMIT_Team-1_DL@ds.uhc.com,apatra6:lreile1:sprasa5:smanand2:agauta14:rkoshaba:eniels1,HCPFKAFKA-I-128
streamit-ingestion-store-prod-ctc.ATTTEST.CSF.FAC.CMC_MEDX_COND_ELIG,*,attunity-kaas-alpha,*:*,beam-streamit:csf-hcp-prod,1,cleanup.policy=compact:delete.retention.ms=1209600000:max.compaction.lag.ms=86400000:compression.type=gzip,STREAMIT_Team-1_DL@ds.uhc.com,apatra6:lreile1:sprasa5:smanand2:agauta14:rkoshaba:eniels1,HCPFKAFKA-I-128
streamit-ingestion-store-prod-ctc.ATTTEST.CSF.FAC.CMC_MEEL_ELIG_ENT,*,attunity-kaas-alpha,*:*,beam-streamit:csf-hcp-prod,1,cleanup.policy=compact:delete.retention.ms=1209600000:max.compaction.lag.ms=86400000:compression.type=gzip,STREAMIT_Team-1_DL@ds.uhc.com,apatra6:lreile1:sprasa5:smanand2:agauta14:rkoshaba:eniels1,HCPFKAFKA-I-128
streamit-ingestion-store-prod-ctc.ATTTEST.CSF.FAC.CMC_MEHE_HEALTH_DETL,*,attunity-kaas-alpha,*:*,beam-streamit:csf-hcp-prod,32,cleanup.policy=compact:delete.retention.ms=1209600000:max.compaction.lag.ms=86400000:compression.type=gzip,STREAMIT_Team-1_DL@ds.uhc.com,apatra6:lreile1:sprasa5:smanand2:agauta14:rkoshaba:eniels1,HCPFKAFKA-I-128
streamit-ingestion-store-prod-ctc.ATTTEST.CSF.FAC.CMC_MELC_LSTY_CD,*,attunity-kaas-alpha,*:*,beam-streamit:csf-hcp-prod,1,cleanup.policy=compact:delete.retention.ms=1209600000:max.compaction.lag.ms=86400000:compression.type=gzip,STREAMIT_Team-1_DL@ds.uhc.com,apatra6:lreile1:sprasa5:smanand2:agauta14:rkoshaba:eniels1,HCPFKAFKA-I-128
streamit-ingestion-store-prod-ctc.ATTTEST.CSF.FAC.CMC_MEMA_MECR_ADDL,*,attunity-kaas-alpha,*:*,beam-streamit:csf-hcp-prod,1,cleanup.policy=compact:delete.retention.ms=1209600000:max.compaction.lag.ms=86400000:compression.type=gzip,STREAMIT_Team-1_DL@ds.uhc.com,apatra6:lreile1:sprasa5:smanand2:agauta14:rkoshaba:eniels1,HCPFKAFKA-I-128
streamit-ingestion-store-prod-ctc.ATTTEST.CSF.FAC.CMC_MEMD_MECR_DETL,*,attunity-kaas-alpha,*:*,beam-streamit:csf-hcp-prod,16,cleanup.policy=compact:delete.retention.ms=1209600000:max.compaction.lag.ms=86400000:compression.type=gzip,STREAMIT_Team-1_DL@ds.uhc.com,apatra6:lreile1:sprasa5:smanand2:agauta14:rkoshaba:eniels1,HCPFKAFKA-I-128
streamit-ingestion-store-prod-ctc.ATTTEST.CSF.FAC.CMC_MEME_MEMBER,*,attunity-kaas-alpha,*:*,beam-streamit:csf-hcp-prod,16,cleanup.policy=compact:delete.retention.ms=1209600000:max.compaction.lag.ms=86400000:compression.type=gzip,STREAMIT_Team-1_DL@ds.uhc.com,apatra6:lreile1:sprasa5:smanand2:agauta14:rkoshaba:eniels1,HCPFKAFKA-I-128
streamit-ingestion-store-prod-ctc.ATTTEST.CSF.FAC.CMC_MEMI_MECR_INTF,*,attunity-kaas-alpha,*:*,beam-streamit:csf-hcp-prod,1,cleanup.policy=compact:delete.retention.ms=1209600000:max.compaction.lag.ms=86400000:compression.type=gzip,STREAMIT_Team-1_DL@ds.uhc.com,apatra6:lreile1:sprasa5:smanand2:agauta14:rkoshaba:eniels1,HCPFKAFKA-I-128
streamit-ingestion-store-prod-ctc.ATTTEST.CSF.FAC.CMC_MEPE_PRCS_ELIG,*,attunity-kaas-alpha,*:*,beam-streamit:csf-hcp-prod,50,cleanup.policy=compact:delete.retention.ms=1209600000:max.compaction.lag.ms=86400000:compression.type=gzip,STREAMIT_Team-1_DL@ds.uhc.com,apatra6:lreile1:sprasa5:smanand2:agauta14:rkoshaba:eniels1,HCPFKAFKA-I-128
streamit-ingestion-store-prod-ctc.ATTTEST.CSF.FAC.CMC_MEPR_PRIM_PROV,*,attunity-kaas-alpha,*:*,beam-streamit:csf-hcp-prod,32,cleanup.policy=compact:delete.retention.ms=1209600000:max.compaction.lag.ms=86400000:compression.type=gzip,STREAMIT_Team-1_DL@ds.uhc.com,apatra6:lreile1:sprasa5:smanand2:agauta14:rkoshaba:eniels1,HCPFKAFKA-I-128
streamit-ingestion-store-prod-ctc.ATTTEST.CSF.FAC.CMC_MEPV_PROV,*,attunity-kaas-alpha,*:*,beam-streamit:csf-hcp-prod,1,cleanup.policy=compact:delete.retention.ms=1209600000:max.compaction.lag.ms=86400000:compression.type=gzip,STREAMIT_Team-1_DL@ds.uhc.com,apatra6:lreile1:sprasa5:smanand2:agauta14:rkoshaba:eniels1,HCPFKAFKA-I-128
streamit-ingestion-store-prod-ctc.ATTTEST.CSF.FAC.CMC_MERE_RELATION,*,attunity-kaas-alpha,*:*,beam-streamit:csf-hcp-prod,8,cleanup.policy=compact:delete.retention.ms=1209600000:max.compaction.lag.ms=86400000:compression.type=gzip,STREAMIT_Team-1_DL@ds.uhc.com,apatra6:lreile1:sprasa5:smanand2:agauta14:rkoshaba:eniels1,HCPFKAFKA-I-128
streamit-ingestion-store-prod-ctc.ATTTEST.CSF.FAC.CMC_MERP_RELATION,*,attunity-kaas-alpha,*:*,beam-streamit:csf-hcp-prod,32,cleanup.policy=compact:delete.retention.ms=1209600000:max.compaction.lag.ms=86400000:compression.type=gzip,STREAMIT_Team-1_DL@ds.uhc.com,apatra6:lreile1:sprasa5:smanand2:agauta14:rkoshaba:eniels1,HCPFKAFKA-I-128
streamit-ingestion-store-prod-ctc.ATTTEST.CSF.FAC.CMC_MERT_RATE_DATA,*,attunity-kaas-alpha,*:*,beam-streamit:csf-hcp-prod,8,cleanup.policy=compact:delete.retention.ms=1209600000:max.compaction.lag.ms=86400000:compression.type=gzip,STREAMIT_Team-1_DL@ds.uhc.com,apatra6:lreile1:sprasa5:smanand2:agauta14:rkoshaba:eniels1,HCPFKAFKA-I-128
streamit-ingestion-store-prod-ctc.ATTTEST.CSF.FAC.CMC_MERV_MECR_VER,*,attunity-kaas-alpha,*:*,beam-streamit:csf-hcp-prod,1,cleanup.policy=compact:delete.retention.ms=1209600000:max.compaction.lag.ms=86400000:compression.type=gzip,STREAMIT_Team-1_DL@ds.uhc.com,apatra6:lreile1:sprasa5:smanand2:agauta14:rkoshaba:eniels1,HCPFKAFKA-I-128
streamit-ingestion-store-prod-ctc.ATTTEST.CSF.FAC.CMC_MEST_STUDENT,*,attunity-kaas-alpha,*:*,beam-streamit:csf-hcp-prod,1,cleanup.policy=compact:delete.retention.ms=1209600000:max.compaction.lag.ms=86400000:compression.type=gzip,STREAMIT_Team-1_DL@ds.uhc.com,apatra6:lreile1:sprasa5:smanand2:agauta14:rkoshaba:eniels1,HCPFKAFKA-I-128
streamit-ingestion-store-prod-ctc.ATTTEST.CSF.FAC.CMC_NWPR_RELATION,*,attunity-kaas-alpha,*:*,beam-streamit:csf-hcp-prod,32,cleanup.policy=compact:delete.retention.ms=1209600000:max.compaction.lag.ms=86400000:compression.type=gzip,STREAMIT_Team-1_DL@ds.uhc.com,apatra6:lreile1:sprasa5:smanand2:agauta14:rkoshaba:eniels1,HCPFKAFKA-I-128
streamit-ingestion-store-prod-ctc.ATTTEST.CSF.FAC.CMC_PRAD_ADDRESS,*,attunity-kaas-alpha,*:*,beam-streamit:csf-hcp-prod,32,cleanup.policy=compact:delete.retention.ms=1209600000:max.compaction.lag.ms=86400000:compression.type=gzip,STREAMIT_Team-1_DL@ds.uhc.com,apatra6:lreile1:sprasa5:smanand2:agauta14:rkoshaba:eniels1,HCPFKAFKA-I-128
streamit-ingestion-store-prod-ctc.ATTTEST.CSF.FAC.CMC_PRCP_COMM_PRAC,*,attunity-kaas-alpha,*:*,beam-streamit:csf-hcp-prod,8,cleanup.policy=compact:delete.retention.ms=1209600000:max.compaction.lag.ms=86400000:compression.type=gzip,STREAMIT_Team-1_DL@ds.uhc.com,apatra6:lreile1:sprasa5:smanand2:agauta14:rkoshaba:eniels1,HCPFKAFKA-I-128
streamit-ingestion-store-prod-ctc.ATTTEST.CSF.FAC.CMC_PREP_RELATION,*,attunity-kaas-alpha,*:*,beam-streamit:csf-hcp-prod,1,cleanup.policy=compact:delete.retention.ms=1209600000:max.compaction.lag.ms=86400000:compression.type=gzip,STREAMIT_Team-1_DL@ds.uhc.com,apatra6:lreile1:sprasa5:smanand2:agauta14:rkoshaba:eniels1,HCPFKAFKA-I-128
streamit-ingestion-store-prod-ctc.ATTTEST.CSF.FAC.CMC_PRER_RELATION,*,attunity-kaas-alpha,*:*,beam-streamit:csf-hcp-prod,8,cleanup.policy=compact:delete.retention.ms=1209600000:max.compaction.lag.ms=86400000:compression.type=gzip,STREAMIT_Team-1_DL@ds.uhc.com,apatra6:lreile1:sprasa5:smanand2:agauta14:rkoshaba:eniels1,HCPFKAFKA-I-128
streamit-ingestion-store-prod-ctc.ATTTEST.CSF.FAC.CMC_PRLA_LANG,*,attunity-kaas-alpha,*:*,beam-streamit:csf-hcp-prod,16,cleanup.policy=compact:delete.retention.ms=1209600000:max.compaction.lag.ms=86400000:compression.type=gzip,STREAMIT_Team-1_DL@ds.uhc.com,apatra6:lreile1:sprasa5:smanand2:agauta14:rkoshaba:eniels1,HCPFKAFKA-I-128
streamit-ingestion-store-prod-ctc.ATTTEST.CSF.FAC.CMC_PRPR_PROV,*,attunity-kaas-alpha,*:*:*,beam-streamit:csf-hcp-prod:hcp-data-prd,32,cleanup.policy=compact:delete.retention.ms=1209600000:max.compaction.lag.ms=86400000:compression.type=gzip,STREAMIT_Team-1_DL@ds.uhc.com,apatra6:lreile1:sprasa5:smanand2:agauta14:rkoshaba:eniels1,HCPFKAFKA-I-128
streamit-ingestion-store-prod-ctc.ATTTEST.CSF.FAC.CMC_PRRG_REG,*,attunity-kaas-alpha,*:*,beam-streamit:csf-hcp-prod,32,cleanup.policy=compact:delete.retention.ms=1209600000:max.compaction.lag.ms=86400000:compression.type=gzip,STREAMIT_Team-1_DL@ds.uhc.com,apatra6:lreile1:sprasa5:smanand2:agauta14:rkoshaba:eniels1,HCPFKAFKA-I-128
streamit-ingestion-store-prod-ctc.ATTTEST.CSF.FAC.CMC_PRSQ_SITE_QA,*,attunity-kaas-alpha,*:*,beam-streamit:csf-hcp-prod,50,cleanup.policy=compact:delete.retention.ms=1209600000:max.compaction.lag.ms=86400000:compression.type=gzip,STREAMIT_Team-1_DL@ds.uhc.com,apatra6:lreile1:sprasa5:smanand2:agauta14:rkoshaba:eniels1,HCPFKAFKA-I-128
streamit-ingestion-store-prod-ctc.ATTTEST.CSF.FAC.CMC_SBAD_ADDR,*,attunity-kaas-alpha,*:*:*,beam-streamit:csf-hcp-prod:csp-member-mail-stage,32,cleanup.policy=compact:delete.retention.ms=1209600000:max.compaction.lag.ms=86400000:compression.type=gzip,STREAMIT_Team-1_DL@ds.uhc.com,apatra6:lreile1:sprasa5:smanand2:agauta14:rkoshaba:eniels1,HCPFKAFKA-I-128
streamit-ingestion-store-prod-ctc.ATTTEST.CSF.FAC.CMC_SBAL_HSA_ALLOC,*,attunity-kaas-alpha,*:*,beam-streamit:csf-hcp-prod,1,cleanup.policy=compact:delete.retention.ms=1209600000:max.compaction.lag.ms=86400000:compression.type=gzip,STREAMIT_Team-1_DL@ds.uhc.com,apatra6:lreile1:sprasa5:smanand2:agauta14:rkoshaba:eniels1,HCPFKAFKA-I-128
streamit-ingestion-store-prod-ctc.ATTTEST.CSF.FAC.CMC_SBAP_ACCUM_PTR,*,attunity-kaas-alpha,*:*,beam-streamit:csf-hcp-prod,1,cleanup.policy=compact:delete.retention.ms=1209600000:max.compaction.lag.ms=86400000:compression.type=gzip,STREAMIT_Team-1_DL@ds.uhc.com,apatra6:lreile1:sprasa5:smanand2:agauta14:rkoshaba:eniels1,HCPFKAFKA-I-128
streamit-ingestion-store-prod-ctc.ATTTEST.CSF.FAC.CMC_SBCS_CLASS,*,attunity-kaas-alpha,*:*,beam-streamit:csf-hcp-prod,16,cleanup.policy=compact:delete.retention.ms=1209600000:max.compaction.lag.ms=86400000:compression.type=gzip,STREAMIT_Team-1_DL@ds.uhc.com,apatra6:lreile1:sprasa5:smanand2:agauta14:rkoshaba:eniels1,HCPFKAFKA-I-128
streamit-ingestion-store-prod-ctc.ATTTEST.CSF.FAC.CMC_SBEL_ELIG_ENT,*,attunity-kaas-alpha,*:*,beam-streamit:csf-hcp-prod,50,cleanup.policy=compact:delete.retention.ms=1209600000:max.compaction.lag.ms=86400000:compression.type=gzip,STREAMIT_Team-1_DL@ds.uhc.com,apatra6:lreile1:sprasa5:smanand2:agauta14:rkoshaba:eniels1,HCPFKAFKA-I-128
streamit-ingestion-store-prod-ctc.ATTTEST.CSF.FAC.CMC_SBEM_EMPLOY,*,attunity-kaas-alpha,*:*,beam-streamit:csf-hcp-prod,1,cleanup.policy=compact:delete.retention.ms=1209600000:max.compaction.lag.ms=86400000:compression.type=gzip,STREAMIT_Team-1_DL@ds.uhc.com,apatra6:lreile1:sprasa5:smanand2:agauta14:rkoshaba:eniels1,HCPFKAFKA-I-128
streamit-ingestion-store-prod-ctc.ATTTEST.CSF.FAC.CMC_SBIH_ID_HIST,*,attunity-kaas-alpha,*:*,beam-streamit:csf-hcp-prod,8,cleanup.policy=compact:delete.retention.ms=1209600000:max.compaction.lag.ms=86400000:compression.type=gzip,STREAMIT_Team-1_DL@ds.uhc.com,apatra6:lreile1:sprasa5:smanand2:agauta14:rkoshaba:eniels1,HCPFKAFKA-I-128
streamit-ingestion-store-prod-ctc.ATTTEST.CSF.FAC.CMC_SBRT_RATE_DATA,*,attunity-kaas-alpha,*:*,beam-streamit:csf-hcp-prod,1,cleanup.policy=compact:delete.retention.ms=1209600000:max.compaction.lag.ms=86400000:compression.type=gzip,STREAMIT_Team-1_DL@ds.uhc.com,apatra6:lreile1:sprasa5:smanand2:agauta14:rkoshaba:eniels1,HCPFKAFKA-I-128
streamit-ingestion-store-prod-ctc.ATTTEST.CSF.FAC.CMC_SBSA_SALARY,*,attunity-kaas-alpha,*:*,beam-streamit:csf-hcp-prod,8,cleanup.policy=compact:delete.retention.ms=1209600000:max.compaction.lag.ms=86400000:compression.type=gzip,STREAMIT_Team-1_DL@ds.uhc.com,apatra6:lreile1:sprasa5:smanand2:agauta14:rkoshaba:eniels1,HCPFKAFKA-I-128
streamit-ingestion-store-prod-ctc.ATTTEST.CSF.FAC.CMC_SBSB_SUBSC,*,attunity-kaas-alpha,*:*,beam-streamit:csf-hcp-prod,16,cleanup.policy=compact:delete.retention.ms=1209600000:max.compaction.lag.ms=86400000:compression.type=gzip,STREAMIT_Team-1_DL@ds.uhc.com,apatra6:lreile1:sprasa5:smanand2:agauta14:rkoshaba:eniels1,HCPFKAFKA-I-128
streamit-ingestion-store-prod-ctc.ATTTEST.CSF.FAC.CMC_SBSG_RELATION,*,attunity-kaas-alpha,*:*,beam-streamit:csf-hcp-prod,32,cleanup.policy=compact:delete.retention.ms=1209600000:max.compaction.lag.ms=86400000:compression.type=gzip,STREAMIT_Team-1_DL@ds.uhc.com,apatra6:lreile1:sprasa5:smanand2:agauta14:rkoshaba:eniels1,HCPFKAFKA-I-128
streamit-ingestion-store-prod-ctc.ATTTEST.CSF.FAC.CMC_SBWM_SB_MSG,*,attunity-kaas-alpha,*:*,beam-streamit:csf-hcp-prod,1,cleanup.policy=compact:delete.retention.ms=1209600000:max.compaction.lag.ms=86400000:compression.type=gzip,STREAMIT_Team-1_DL@ds.uhc.com,apatra6:lreile1:sprasa5:smanand2:agauta14:rkoshaba:eniels1,HCPFKAFKA-I-128
streamit-ingestion-store-prod-ctc.ATTTEST.CSF.FAC.CMC_PRGU_PROG_DET,*,attunity-kaas-alpha,*:*,beam-streamit:csf-hcp-prod,1,cleanup.policy=compact:delete.retention.ms=1209600000:max.compaction.lag.ms=86400000:compression.type=gzip,STREAMIT_Team-1_DL@ds.uhc.com,apatra6:lreile1:sprasa5:smanand2:agauta14:rkoshaba:eniels1,HCPFKAFKA-I-128
streamit-ingestion-store-prod-ctc.ATTTEST.CSF.FSG.FSG_ADIN_MEME_INFO,*,attunity-kaas-alpha,*:*,beam-streamit:csf-hcp-prod,8,cleanup.policy=compact:delete.retention.ms=1209600000:max.compaction.lag.ms=86400000:compression.type=gzip,STREAMIT_Team-1_DL@ds.uhc.com,apatra6:lreile1:sprasa5:smanand2:agauta14:rkoshaba:eniels1,HCPFKAFKA-I-128
streamit-ingestion-store-prod-ctc.ATTTEST.CSF.FSG.FSG_ADIN_STYLE_DESC,*,attunity-kaas-alpha,*:*,beam-streamit:csf-hcp-prod,1,cleanup.policy=compact:delete.retention.ms=1209600000:max.compaction.lag.ms=86400000:compression.type=gzip,STREAMIT_Team-1_DL@ds.uhc.com,apatra6:lreile1:sprasa5:smanand2:agauta14:rkoshaba:eniels1,HCPFKAFKA-I-128
streamit-ingestion-store-prod-ctc.ATTTEST.CSF.FSG.FSG_CLAIM_LINE_EXTN,*,attunity-kaas-alpha,*:*,beam-streamit:csf-hcp-prod,51,cleanup.policy=compact:delete.retention.ms=1209600000:max.compaction.lag.ms=86400000:compression.type=gzip,STREAMIT_Team-1_DL@ds.uhc.com,apatra6:lreile1:sprasa5:smanand2:agauta14:rkoshaba:eniels1,HCPFKAFKA-I-128
streamit-ingestion-store-prod-ctc.ATTTEST.CSF.FSG.FSG_CLCB_CLAIM_HWY_DTL,*,attunity-kaas-alpha,*:*,beam-streamit:csf-hcp-prod,101,cleanup.policy=compact:delete.retention.ms=1209600000:max.compaction.lag.ms=86400000:compression.type=gzip,STREAMIT_Team-1_DL@ds.uhc.com,apatra6:lreile1:sprasa5:smanand2:agauta14:rkoshaba:eniels1,HCPFKAFKA-I-128
streamit-ingestion-store-prod-ctc.ATTTEST.CSF.FSG.FSG_CLCB_PROV_SUBMIT_EXTN,*,attunity-kaas-alpha,*:*,beam-streamit:csf-hcp-prod,101,cleanup.policy=compact:delete.retention.ms=1209600000:max.compaction.lag.ms=86400000:compression.type=gzip,STREAMIT_Team-1_DL@ds.uhc.com,apatra6:lreile1:sprasa5:smanand2:agauta14:rkoshaba:eniels1,HCPFKAFKA-I-128
streamit-ingestion-store-prod-ctc.ATTTEST.CSF.FSG.FSG_CLEX_LOR_LVL,*,attunity-kaas-alpha,*:*,beam-streamit:csf-hcp-prod,2,cleanup.policy=compact:delete.retention.ms=1209600000:max.compaction.lag.ms=86400000:compression.type=gzip,STREAMIT_Team-1_DL@ds.uhc.com,apatra6:lreile1:sprasa5:smanand2:agauta14:rkoshaba:eniels1,HCPFKAFKA-I-128
streamit-ingestion-store-prod-ctc.ATTTEST.CSF.FSG.FSG_CLRP_CLAIM_COB_DTL,*,attunity-kaas-alpha,*:*,beam-streamit:csf-hcp-prod,32,cleanup.policy=compact:delete.retention.ms=1209600000:max.compaction.lag.ms=86400000:compression.type=gzip,STREAMIT_Team-1_DL@ds.uhc.com,apatra6:lreile1:sprasa5:smanand2:agauta14:rkoshaba:eniels1,HCPFKAFKA-I-128
streamit-ingestion-store-prod-ctc.ATTTEST.CSF.FSG.FSG_CLRP_CLAIM_COB_SPLIT_DTL,*,attunity-kaas-alpha,*:*,beam-streamit:csf-hcp-prod,100,cleanup.policy=compact:delete.retention.ms=1209600000:max.compaction.lag.ms=86400000:compression.type=gzip,STREAMIT_Team-1_DL@ds.uhc.com,apatra6:lreile1:sprasa5:smanand2:agauta14:rkoshaba:eniels1,HCPFKAFKA-I-128
streamit-ingestion-store-prod-ctc.ATTTEST.CSF.FSG.FSG_HCP_MEME_CK_DEC_LKP,*,attunity-kaas-alpha,*:*,beam-streamit:csf-hcp-prod,16,cleanup.policy=compact:delete.retention.ms=1209600000:max.compaction.lag.ms=86400000:compression.type=gzip,STREAMIT_Team-1_DL@ds.uhc.com,apatra6:lreile1:sprasa5:smanand2:agauta14:rkoshaba:eniels1,HCPFKAFKA-I-128
streamit-ingestion-store-prod-ctc.ATTTEST.CSF.FSG.FSG_HCP_MEME_CK_STR_LKP,*,attunity-kaas-alpha,*:*,beam-streamit:csf-hcp-prod,16,cleanup.policy=compact:delete.retention.ms=1209600000:max.compaction.lag.ms=86400000:compression.type=gzip,STREAMIT_Team-1_DL@ds.uhc.com,apatra6:lreile1:sprasa5:smanand2:agauta14:rkoshaba:eniels1,HCPFKAFKA-I-128
streamit-ingestion-store-prod-ctc.ATTTEST.CSF.FSG.FSG_HCP_PDPD_PDVC,*,attunity-kaas-alpha,*:*,beam-streamit:csf-hcp-prod,1,cleanup.policy=compact:delete.retention.ms=1209600000:max.compaction.lag.ms=86400000:compression.type=gzip,STREAMIT_Team-1_DL@ds.uhc.com,apatra6:lreile1:sprasa5:smanand2:agauta14:rkoshaba:eniels1,HCPFKAFKA-I-128
streamit-ingestion-store-prod-ctc.ATTTEST.CSF.FSG.FSG_HCP_PDPD_PDVC_SEPYDT,*,attunity-kaas-alpha,*:*,beam-streamit:csf-hcp-prod,1,cleanup.policy=compact:delete.retention.ms=1209600000:max.compaction.lag.ms=86400000:compression.type=gzip,STREAMIT_Team-1_DL@ds.uhc.com,apatra6:lreile1:sprasa5:smanand2:agauta14:rkoshaba:eniels1,HCPFKAFKA-I-128
streamit-ingestion-store-prod-ctc.ATTTEST.CSF.FSG.FSG_HCP_SBSB_CK_DEC_LKP,*,attunity-kaas-alpha,*:*,beam-streamit:csf-hcp-prod,16,cleanup.policy=compact:delete.retention.ms=1209600000:max.compaction.lag.ms=86400000:compression.type=gzip,STREAMIT_Team-1_DL@ds.uhc.com,apatra6:lreile1:sprasa5:smanand2:agauta14:rkoshaba:eniels1,HCPFKAFKA-I-128
streamit-ingestion-store-prod-ctc.ATTTEST.CSF.FSG.FSG_HCP_SBSB_CK_STR_LKP,*,attunity-kaas-alpha,*:*,beam-streamit:csf-hcp-prod,16,cleanup.policy=compact:delete.retention.ms=1209600000:max.compaction.lag.ms=86400000:compression.type=gzip,STREAMIT_Team-1_DL@ds.uhc.com,apatra6:lreile1:sprasa5:smanand2:agauta14:rkoshaba:eniels1,HCPFKAFKA-I-128
streamit-ingestion-store-prod-ctc.ATTTEST.CSF.FSG.FSG_MBCB_BNFT_RST_DTL,*,attunity-kaas-alpha,*:*,beam-streamit:csf-hcp-prod,16,cleanup.policy=compact:delete.retention.ms=1209600000:max.compaction.lag.ms=86400000:compression.type=gzip,STREAMIT_Team-1_DL@ds.uhc.com,apatra6:lreile1:sprasa5:smanand2:agauta14:rkoshaba:eniels1,HCPFKAFKA-I-128
streamit-ingestion-store-prod-ctc.ATTTEST.CSF.FSG.FSG_MBCB_LTC_EXTN,*,attunity-kaas-alpha,*:*,beam-streamit:csf-hcp-prod,1,cleanup.policy=compact:delete.retention.ms=1209600000:max.compaction.lag.ms=86400000:compression.type=gzip,STREAMIT_Team-1_DL@ds.uhc.com,apatra6:lreile1:sprasa5:smanand2:agauta14:rkoshaba:eniels1,HCPFKAFKA-I-128
streamit-ingestion-store-prod-ctc.ATTTEST.CSF.FSG.FSG_MBCB_LTC_PAT_LIA_EXTN,*,attunity-kaas-alpha,*:*,beam-streamit:csf-hcp-prod,16,cleanup.policy=compact:delete.retention.ms=1209600000:max.compaction.lag.ms=86400000:compression.type=gzip,STREAMIT_Team-1_DL@ds.uhc.com,apatra6:lreile1:sprasa5:smanand2:agauta14:rkoshaba:eniels1,HCPFKAFKA-I-128
streamit-ingestion-store-prod-ctc.ATTTEST.CSF.FSG.FSG_MBCB_MEDC_COV,*,attunity-kaas-alpha,*:*,beam-streamit:csf-hcp-prod,8,cleanup.policy=compact:delete.retention.ms=1209600000:max.compaction.lag.ms=86400000:compression.type=gzip,STREAMIT_Team-1_DL@ds.uhc.com,apatra6:lreile1:sprasa5:smanand2:agauta14:rkoshaba:eniels1,HCPFKAFKA-I-128
streamit-ingestion-store-prod-ctc.ATTTEST.CSF.FSG.FSG_MBCB_MEDC_MCO_PBM,*,attunity-kaas-alpha,*:*,beam-streamit:csf-hcp-prod,8,cleanup.policy=compact:delete.retention.ms=1209600000:max.compaction.lag.ms=86400000:compression.type=gzip,STREAMIT_Team-1_DL@ds.uhc.com,apatra6:lreile1:sprasa5:smanand2:agauta14:rkoshaba:eniels1,HCPFKAFKA-I-128
streamit-ingestion-store-prod-ctc.ATTTEST.CSF.FSG.FSG_MBCB_MEDC_SUPPL,*,attunity-kaas-alpha,*:*,beam-streamit:csf-hcp-prod,8,cleanup.policy=compact:delete.retention.ms=1209600000:max.compaction.lag.ms=86400000:compression.type=gzip,STREAMIT_Team-1_DL@ds.uhc.com,apatra6:lreile1:sprasa5:smanand2:agauta14:rkoshaba:eniels1,HCPFKAFKA-I-128
streamit-ingestion-store-prod-ctc.ATTTEST.CSF.FSG.FSG_MBCB_MEDC_TPL,*,attunity-kaas-alpha,*:*,beam-streamit:csf-hcp-prod,1,cleanup.policy=compact:delete.retention.ms=1209600000:max.compaction.lag.ms=86400000:compression.type=gzip,STREAMIT_Team-1_DL@ds.uhc.com,apatra6:lreile1:sprasa5:smanand2:agauta14:rkoshaba:eniels1,HCPFKAFKA-I-128
streamit-ingestion-store-prod-ctc.ATTTEST.CSF.FSG.FSG_MBEX_MEMBER_ATTRB,*,attunity-kaas-alpha,*:*,beam-streamit:csf-hcp-prod,8,cleanup.policy=compact:delete.retention.ms=1209600000:max.compaction.lag.ms=86400000:compression.type=gzip,STREAMIT_Team-1_DL@ds.uhc.com,apatra6:lreile1:sprasa5:smanand2:agauta14:rkoshaba:eniels1,HCPFKAFKA-I-128
streamit-ingestion-store-prod-ctc.ATTTEST.CSF.FSG.HCP_CER_ATSY_STYLE_D,*,attunity-kaas-alpha,*:*,beam-streamit:csf-hcp-prod,1,cleanup.policy=compact:delete.retention.ms=1209600000:max.compaction.lag.ms=86400000:compression.type=gzip,STREAMIT_Team-1_DL@ds.uhc.com,apatra6:lreile1:sprasa5:smanand2:agauta14:rkoshaba:eniels1,HCPFKAFKA-I-128
streamit-ingestion-store-prod-ctc.ATTTEST.CSF.FSG.HCP_CER_SYMD_MSG_DEF,*,attunity-kaas-alpha,*:*,beam-streamit:csf-hcp-prod,1,cleanup.policy=compact:delete.retention.ms=1209600000:max.compaction.lag.ms=86400000:compression.type=gzip,STREAMIT_Team-1_DL@ds.uhc.com,apatra6:lreile1:sprasa5:smanand2:agauta14:rkoshaba:eniels1,HCPFKAFKA-I-128
streamit-ingestion-store-prod-ctc.ATTTEST.CSF.FSG.HCP_CLCL_ATAD,*,attunity-kaas-alpha,*:*,beam-streamit:csf-hcp-prod,1,cleanup.policy=compact:delete.retention.ms=1209600000:max.compaction.lag.ms=86400000:compression.type=gzip,STREAMIT_Team-1_DL@ds.uhc.com,apatra6:lreile1:sprasa5:smanand2:agauta14:rkoshaba:eniels1,HCPFKAFKA-I-128
streamit-ingestion-store-prod-ctc.ATTTEST.CSF.FSG.HCP_CLCL_ATMM,*,attunity-kaas-alpha,*:*,beam-streamit:csf-hcp-prod,50,cleanup.policy=compact:delete.retention.ms=1209600000:max.compaction.lag.ms=86400000:compression.type=gzip,STREAMIT_Team-1_DL@ds.uhc.com,apatra6:lreile1:sprasa5:smanand2:agauta14:rkoshaba:eniels1,HCPFKAFKA-I-128
streamit-ingestion-store-prod-ctc.ATTTEST.CSF.FSG.HCP_CLCL_ATND,*,attunity-kaas-alpha,*:*,beam-streamit:csf-hcp-prod,200,cleanup.policy=compact:delete.retention.ms=1209600000:max.compaction.lag.ms=86400000:compression.type=gzip,STREAMIT_Team-1_DL@ds.uhc.com,apatra6:lreile1:sprasa5:smanand2:agauta14:rkoshaba:eniels1,HCPFKAFKA-I-128
streamit-ingestion-store-prod-ctc.ATTTEST.CSF.FSG.HCP_CLCL_ATUF,*,attunity-kaas-alpha,*:*,beam-streamit:csf-hcp-prod,50,cleanup.policy=compact:delete.retention.ms=1209600000:max.compaction.lag.ms=86400000:compression.type=gzip,STREAMIT_Team-1_DL@ds.uhc.com,apatra6:lreile1:sprasa5:smanand2:agauta14:rkoshaba:eniels1,HCPFKAFKA-I-128
streamit-ingestion-store-prod-ctc.ATTTEST.CSF.FSG.HCP_CMC_ACCM_DISPLAY,*,attunity-kaas-alpha,*:*,beam-streamit:csf-hcp-prod,1,cleanup.policy=compact:delete.retention.ms=1209600000:max.compaction.lag.ms=86400000:compression.type=gzip,STREAMIT_Team-1_DL@ds.uhc.com,apatra6:lreile1:sprasa5:smanand2:agauta14:rkoshaba:eniels1,HCPFKAFKA-I-128
streamit-ingestion-store-prod-ctc.ATTTEST.CSF.FSG.HCP_CMC_ACDE_ACCUM_DESC,*,attunity-kaas-alpha,*:*,beam-streamit:csf-hcp-prod,1,cleanup.policy=compact:delete.retention.ms=1209600000:max.compaction.lag.ms=86400000:compression.type=gzip,STREAMIT_Team-1_DL@ds.uhc.com,apatra6:lreile1:sprasa5:smanand2:agauta14:rkoshaba:eniels1,HCPFKAFKA-I-128
streamit-ingestion-store-prod-ctc.ATTTEST.CSF.FSG.HCP_CMC_APCD_DESC,*,attunity-kaas-alpha,*:*,beam-streamit:csf-hcp-prod,1,cleanup.policy=compact:delete.retention.ms=1209600000:max.compaction.lag.ms=86400000:compression.type=gzip,STREAMIT_Team-1_DL@ds.uhc.com,apatra6:lreile1:sprasa5:smanand2:agauta14:rkoshaba:eniels1,HCPFKAFKA-I-128
streamit-ingestion-store-prod-ctc.ATTTEST.CSF.FSG.HCP_CMC_APSI_STS_DESC,*,attunity-kaas-alpha,*:*,beam-streamit:csf-hcp-prod,1,cleanup.policy=compact:delete.retention.ms=1209600000:max.compaction.lag.ms=86400000:compression.type=gzip,STREAMIT_Team-1_DL@ds.uhc.com,apatra6:lreile1:sprasa5:smanand2:agauta14:rkoshaba:eniels1,HCPFKAFKA-I-128
streamit-ingestion-store-prod-ctc.ATTTEST.CSF.FSG.HCP_CMC_BSBS_SUM,*,attunity-kaas-alpha,*:*,beam-streamit:csf-hcp-prod,1,cleanup.policy=compact:delete.retention.ms=1209600000:max.compaction.lag.ms=86400000:compression.type=gzip,STREAMIT_Team-1_DL@ds.uhc.com,apatra6:lreile1:sprasa5:smanand2:agauta14:rkoshaba:eniels1,HCPFKAFKA-I-128
streamit-ingestion-store-prod-ctc.ATTTEST.CSF.FSG.HCP_CMC_BSDE_DESC,*,attunity-kaas-alpha,*:*,beam-streamit:csf-hcp-prod,1,cleanup.policy=compact:delete.retention.ms=1209600000:max.compaction.lag.ms=86400000:compression.type=gzip,STREAMIT_Team-1_DL@ds.uhc.com,apatra6:lreile1:sprasa5:smanand2:agauta14:rkoshaba:eniels1,HCPFKAFKA-I-128
streamit-ingestion-store-prod-ctc.ATTTEST.CSF.FSG.HCP_CMC_BSDL_DETAILS,*,attunity-kaas-alpha,*:*,beam-streamit:csf-hcp-prod,1,cleanup.policy=compact:delete.retention.ms=1209600000:max.compaction.lag.ms=86400000:compression.type=gzip,STREAMIT_Team-1_DL@ds.uhc.com,apatra6:lreile1:sprasa5:smanand2:agauta14:rkoshaba:eniels1,HCPFKAFKA-I-128
streamit-ingestion-store-prod-ctc.ATTTEST.CSF.FSG.HCP_CMC_BSTX_SUM_TEXT,*,attunity-kaas-alpha,*:*,beam-streamit:csf-hcp-prod,1,cleanup.policy=compact:delete.retention.ms=1209600000:max.compaction.lag.ms=86400000:compression.type=gzip,STREAMIT_Team-1_DL@ds.uhc.com,apatra6:lreile1:sprasa5:smanand2:agauta14:rkoshaba:eniels1,HCPFKAFKA-I-128
streamit-ingestion-store-prod-ctc.ATTTEST.CSF.FSG.HCP_CMC_CSCS_CLASS,*,attunity-kaas-alpha,*:*,beam-streamit:csf-hcp-prod,1,cleanup.policy=compact:delete.retention.ms=1209600000:max.compaction.lag.ms=86400000:compression.type=gzip,STREAMIT_Team-1_DL@ds.uhc.com,apatra6:lreile1:sprasa5:smanand2:agauta14:rkoshaba:eniels1,HCPFKAFKA-I-128
streamit-ingestion-store-prod-ctc.ATTTEST.CSF.FSG.HCP_CMC_CSPI_CS_PLAN,*,attunity-kaas-alpha,*:*,beam-streamit:csf-hcp-prod,1,cleanup.policy=compact:delete.retention.ms=1209600000:max.compaction.lag.ms=86400000:compression.type=gzip,STREAMIT_Team-1_DL@ds.uhc.com,apatra6:lreile1:sprasa5:smanand2:agauta14:rkoshaba:eniels1,HCPFKAFKA-I-128
streamit-ingestion-store-prod-ctc.ATTTEST.CSF.FSG.HCP_CMC_DEDE_DEDUCT,*,attunity-kaas-alpha,*:*,beam-streamit:csf-hcp-prod,1,cleanup.policy=compact:delete.retention.ms=1209600000:max.compaction.lag.ms=86400000:compression.type=gzip,STREAMIT_Team-1_DL@ds.uhc.com,apatra6:lreile1:sprasa5:smanand2:agauta14:rkoshaba:eniels1,HCPFKAFKA-I-128
streamit-ingestion-store-prod-ctc.ATTTEST.CSF.FSG.HCP_CMC_EXCD_EXPL_CD,*,attunity-kaas-alpha,*:*,beam-streamit:csf-hcp-prod,1,cleanup.policy=compact:delete.retention.ms=1209600000:max.compaction.lag.ms=86400000:compression.type=gzip,STREAMIT_Team-1_DL@ds.uhc.com,apatra6:lreile1:sprasa5:smanand2:agauta14:rkoshaba:eniels1,HCPFKAFKA-I-128
streamit-ingestion-store-prod-ctc.ATTTEST.CSF.FSG.HCP_CMC_GRGR_GROUP,*,attunity-kaas-alpha,*:*,beam-streamit:csf-hcp-prod,1,cleanup.policy=compact:delete.retention.ms=1209600000:max.compaction.lag.ms=86400000:compression.type=gzip,STREAMIT_Team-1_DL@ds.uhc.com,apatra6:lreile1:sprasa5:smanand2:agauta14:rkoshaba:eniels1,HCPFKAFKA-I-128
streamit-ingestion-store-prod-ctc.ATTTEST.CSF.FSG.HCP_CMC_ICD9_PROC_CD,*,attunity-kaas-alpha,*:*,beam-streamit:csf-hcp-prod,1,cleanup.policy=compact:delete.retention.ms=1209600000:max.compaction.lag.ms=86400000:compression.type=gzip,STREAMIT_Team-1_DL@ds.uhc.com,apatra6:lreile1:sprasa5:smanand2:agauta14:rkoshaba:eniels1,HCPFKAFKA-I-128
streamit-ingestion-store-prod-ctc.ATTTEST.CSF.FSG.HCP_CMC_IDCD_DIAG_CD,*,attunity-kaas-alpha,*:*,beam-streamit:csf-hcp-prod,1,cleanup.policy=compact:delete.retention.ms=1209600000:max.compaction.lag.ms=86400000:compression.type=gzip,STREAMIT_Team-1_DL@ds.uhc.com,apatra6:lreile1:sprasa5:smanand2:agauta14:rkoshaba:eniels1,HCPFKAFKA-I-128
streamit-ingestion-store-prod-ctc.ATTTEST.CSF.FSG.HCP_CMC_IPCD_PROC_CD,*,attunity-kaas-alpha,*:*,beam-streamit:csf-hcp-prod,8,cleanup.policy=compact:delete.retention.ms=1209600000:max.compaction.lag.ms=86400000:compression.type=gzip,STREAMIT_Team-1_DL@ds.uhc.com,apatra6:lreile1:sprasa5:smanand2:agauta14:rkoshaba:eniels1,HCPFKAFKA-I-128
streamit-ingestion-store-prod-ctc.ATTTEST.CSF.FSG.HCP_CMC_IPCD_PROC_CD_CUS,*,attunity-kaas-alpha,*:*,beam-streamit:csf-hcp-prod,1,cleanup.policy=compact:delete.retention.ms=1209600000:max.compaction.lag.ms=86400000:compression.type=gzip,STREAMIT_Team-1_DL@ds.uhc.com,apatra6:lreile1:sprasa5:smanand2:agauta14:rkoshaba:eniels1,HCPFKAFKA-I-128
streamit-ingestion-store-prod-ctc.ATTTEST.CSF.FSG.HCP_CMC_LOBD_LINE_BUS,*,attunity-kaas-alpha,*:*,beam-streamit:csf-hcp-prod,1,cleanup.policy=compact:delete.retention.ms=1209600000:max.compaction.lag.ms=86400000:compression.type=gzip,STREAMIT_Team-1_DL@ds.uhc.com,apatra6:lreile1:sprasa5:smanand2:agauta14:rkoshaba:eniels1,HCPFKAFKA-I-128
streamit-ingestion-store-prod-ctc.ATTTEST.CSF.FSG.HCP_CMC_LTIP_PROC_IX,*,attunity-kaas-alpha,*:*,beam-streamit:csf-hcp-prod,1,cleanup.policy=compact:delete.retention.ms=1209600000:max.compaction.lag.ms=86400000:compression.type=gzip,STREAMIT_Team-1_DL@ds.uhc.com,apatra6:lreile1:sprasa5:smanand2:agauta14:rkoshaba:eniels1,HCPFKAFKA-I-128
streamit-ingestion-store-prod-ctc.ATTTEST.CSF.FSG.HCP_CMC_LTLT_LIMIT,*,attunity-kaas-alpha,*:*,beam-streamit:csf-hcp-prod,1,cleanup.policy=compact:delete.retention.ms=1209600000:max.compaction.lag.ms=86400000:compression.type=gzip,STREAMIT_Team-1_DL@ds.uhc.com,apatra6:lreile1:sprasa5:smanand2:agauta14:rkoshaba:eniels1,HCPFKAFKA-I-128
streamit-ingestion-store-prod-ctc.ATTTEST.CSF.FSG.HCP_CMC_LTSE_SE_IX,*,attunity-kaas-alpha,*:*,beam-streamit:csf-hcp-prod,1,cleanup.policy=compact:delete.retention.ms=1209600000:max.compaction.lag.ms=86400000:compression.type=gzip,STREAMIT_Team-1_DL@ds.uhc.com,apatra6:lreile1:sprasa5:smanand2:agauta14:rkoshaba:eniels1,HCPFKAFKA-I-128
streamit-ingestion-store-prod-ctc.ATTTEST.CSF.FSG.HCP_CMC_MCBD_BANK_DATA,*,attunity-kaas-alpha,*:*,beam-streamit:csf-hcp-prod,1,cleanup.policy=compact:delete.retention.ms=1209600000:max.compaction.lag.ms=86400000:compression.type=gzip,STREAMIT_Team-1_DL@ds.uhc.com,apatra6:lreile1:sprasa5:smanand2:agauta14:rkoshaba:eniels1,HCPFKAFKA-I-128
streamit-ingestion-store-prod-ctc.ATTTEST.CSF.FSG.HCP_CMC_MCRE_RELAT_ENT,*,attunity-kaas-alpha,*:*,beam-streamit:csf-hcp-prod,1,cleanup.policy=compact:delete.retention.ms=1209600000:max.compaction.lag.ms=86400000:compression.type=gzip,STREAMIT_Team-1_DL@ds.uhc.com,apatra6:lreile1:sprasa5:smanand2:agauta14:rkoshaba:eniels1,HCPFKAFKA-I-128
streamit-ingestion-store-prod-ctc.ATTTEST.CSF.FSG.HCP_CMC_MCTR_CD_TRANS,*,attunity-kaas-alpha,*:*,beam-streamit:csf-hcp-prod,1,cleanup.policy=compact:delete.retention.ms=1209600000:max.compaction.lag.ms=86400000:compression.type=gzip,STREAMIT_Team-1_DL@ds.uhc.com,apatra6:lreile1:sprasa5:smanand2:agauta14:rkoshaba:eniels1,HCPFKAFKA-I-128
streamit-ingestion-store-prod-ctc.ATTTEST.CSF.FSG.HCP_CMC_NWNW_NETWORK,*,attunity-kaas-alpha,*:*,beam-streamit:csf-hcp-prod,1,cleanup.policy=compact:delete.retention.ms=1209600000:max.compaction.lag.ms=86400000:compression.type=gzip,STREAMIT_Team-1_DL@ds.uhc.com,apatra6:lreile1:sprasa5:smanand2:agauta14:rkoshaba:eniels1,HCPFKAFKA-I-128
streamit-ingestion-store-prod-ctc.ATTTEST.CSF.FSG.HCP_CMC_NWST_NET_SET,*,attunity-kaas-alpha,*:*,beam-streamit:csf-hcp-prod,1,cleanup.policy=compact:delete.retention.ms=1209600000:max.compaction.lag.ms=86400000:compression.type=gzip,STREAMIT_Team-1_DL@ds.uhc.com,apatra6:lreile1:sprasa5:smanand2:agauta14:rkoshaba:eniels1,HCPFKAFKA-I-128
streamit-ingestion-store-prod-ctc.ATTTEST.CSF.FSG.HCP_CMC_PAGR_PARENT_GR,*,attunity-kaas-alpha,*:*,beam-streamit:csf-hcp-prod,1,cleanup.policy=compact:delete.retention.ms=1209600000:max.compaction.lag.ms=86400000:compression.type=gzip,STREAMIT_Team-1_DL@ds.uhc.com,apatra6:lreile1:sprasa5:smanand2:agauta14:rkoshaba:eniels1,HCPFKAFKA-I-128
streamit-ingestion-store-prod-ctc.ATTTEST.CSF.FSG.HCP_CMC_PDBC_PROD_COMP,*,attunity-kaas-alpha,*:*,beam-streamit:csf-hcp-prod,1,cleanup.policy=compact:delete.retention.ms=1209600000:max.compaction.lag.ms=86400000:compression.type=gzip,STREAMIT_Team-1_DL@ds.uhc.com,apatra6:lreile1:sprasa5:smanand2:agauta14:rkoshaba:eniels1,HCPFKAFKA-I-128
streamit-ingestion-store-prod-ctc.ATTTEST.CSF.FSG.HCP_CMC_PDDS_PROD_DESC,*,attunity-kaas-alpha,*:*,beam-streamit:csf-hcp-prod,1,cleanup.policy=compact:delete.retention.ms=1209600000:max.compaction.lag.ms=86400000:compression.type=gzip,STREAMIT_Team-1_DL@ds.uhc.com,apatra6:lreile1:sprasa5:smanand2:agauta14:rkoshaba:eniels1,HCPFKAFKA-I-128
streamit-ingestion-store-prod-ctc.ATTTEST.CSF.FSG.HCP_CMC_PDPD_PRODUCT,*,attunity-kaas-alpha,*:*,beam-streamit:csf-hcp-prod,1,cleanup.policy=compact:delete.retention.ms=1209600000:max.compaction.lag.ms=86400000:compression.type=gzip,STREAMIT_Team-1_DL@ds.uhc.com,apatra6:lreile1:sprasa5:smanand2:agauta14:rkoshaba:eniels1,HCPFKAFKA-I-128
streamit-ingestion-store-prod-ctc.ATTTEST.CSF.FSG.HCP_CMC_PDVC_VAR_COMP,*,attunity-kaas-alpha,*:*,beam-streamit:csf-hcp-prod,1,cleanup.policy=compact:delete.retention.ms=1209600000:max.compaction.lag.ms=86400000:compression.type=gzip,STREAMIT_Team-1_DL@ds.uhc.com,apatra6:lreile1:sprasa5:smanand2:agauta14:rkoshaba:eniels1,HCPFKAFKA-I-128
streamit-ingestion-store-prod-ctc.ATTTEST.CSF.FSG.HCP_CMC_PLDS_PLAN_DESC,*,attunity-kaas-alpha,*:*,beam-streamit:csf-hcp-prod,1,cleanup.policy=compact:delete.retention.ms=1209600000:max.compaction.lag.ms=86400000:compression.type=gzip,STREAMIT_Team-1_DL@ds.uhc.com,apatra6:lreile1:sprasa5:smanand2:agauta14:rkoshaba:eniels1,HCPFKAFKA-I-128
streamit-ingestion-store-prod-ctc.ATTTEST.CSF.FSG.HCP_CMC_PSCD_POS_DESC,*,attunity-kaas-alpha,*:*,beam-streamit:csf-hcp-prod,1,cleanup.policy=compact:delete.retention.ms=1209600000:max.compaction.lag.ms=86400000:compression.type=gzip,STREAMIT_Team-1_DL@ds.uhc.com,apatra6:lreile1:sprasa5:smanand2:agauta14:rkoshaba:eniels1,HCPFKAFKA-I-128
streamit-ingestion-store-prod-ctc.ATTTEST.CSF.FSG.HCP_CMC_PYPY_PAYOR,*,attunity-kaas-alpha,*:*,beam-streamit:csf-hcp-prod,1,cleanup.policy=compact:delete.retention.ms=1209600000:max.compaction.lag.ms=86400000:compression.type=gzip,STREAMIT_Team-1_DL@ds.uhc.com,apatra6:lreile1:sprasa5:smanand2:agauta14:rkoshaba:eniels1,HCPFKAFKA-I-128
streamit-ingestion-store-prod-ctc.ATTTEST.CSF.FSG.HCP_CMC_RCRC_RC_DESC,*,attunity-kaas-alpha,*:*,beam-streamit:csf-hcp-prod,1,cleanup.policy=compact:delete.retention.ms=1209600000:max.compaction.lag.ms=86400000:compression.type=gzip,STREAMIT_Team-1_DL@ds.uhc.com,apatra6:lreile1:sprasa5:smanand2:agauta14:rkoshaba:eniels1,HCPFKAFKA-I-128
streamit-ingestion-store-prod-ctc.ATTTEST.CSF.FSG.HCP_CMC_SEDS_SE_DESC,*,attunity-kaas-alpha,*:*,beam-streamit:csf-hcp-prod,1,cleanup.policy=compact:delete.retention.ms=1209600000:max.compaction.lag.ms=86400000:compression.type=gzip,STREAMIT_Team-1_DL@ds.uhc.com,apatra6:lreile1:sprasa5:smanand2:agauta14:rkoshaba:eniels1,HCPFKAFKA-I-128
streamit-ingestion-store-prod-ctc.ATTTEST.CSF.FSG.HCP_CMC_SEPY_SE_PYMT,*,attunity-kaas-alpha,*:*,beam-streamit:csf-hcp-prod,16,cleanup.policy=compact:delete.retention.ms=1209600000:max.compaction.lag.ms=86400000:compression.type=gzip,STREAMIT_Team-1_DL@ds.uhc.com,apatra6:lreile1:sprasa5:smanand2:agauta14:rkoshaba:eniels1,HCPFKAFKA-I-128
streamit-ingestion-store-prod-ctc.ATTTEST.CSF.FSG.HCP_CMC_SETR_TIER,*,attunity-kaas-alpha,*:*,beam-streamit:csf-hcp-prod,1,cleanup.policy=compact:delete.retention.ms=1209600000:max.compaction.lag.ms=86400000:compression.type=gzip,STREAMIT_Team-1_DL@ds.uhc.com,apatra6:lreile1:sprasa5:smanand2:agauta14:rkoshaba:eniels1,HCPFKAFKA-I-128
streamit-ingestion-store-prod-ctc.ATTTEST.CSF.FSG.HCP_CMC_SGSG_SUB_GROUP,*,attunity-kaas-alpha,*:*,beam-streamit:csf-hcp-prod,1,cleanup.policy=compact:delete.retention.ms=1209600000:max.compaction.lag.ms=86400000:compression.type=gzip,STREAMIT_Team-1_DL@ds.uhc.com,apatra6:lreile1:sprasa5:smanand2:agauta14:rkoshaba:eniels1,HCPFKAFKA-I-128
streamit-ingestion-store-prod-ctc.ATTTEST.CSF.FSG.HCP_CMC_WMDS_DESC,*,attunity-kaas-alpha,*:*,beam-streamit:csf-hcp-prod,1,cleanup.policy=compact:delete.retention.ms=1209600000:max.compaction.lag.ms=86400000:compression.type=gzip,STREAMIT_Team-1_DL@ds.uhc.com,apatra6:lreile1:sprasa5:smanand2:agauta14:rkoshaba:eniels1,HCPFKAFKA-I-128
streamit-ingestion-store-prod-ctc.ATTTEST.CSF.FSG.HCP_FSG_CLMS_CMPAYEXT_REASDE,*,attunity-kaas-alpha,*:*,beam-streamit:csf-hcp-prod,1,cleanup.policy=compact:delete.retention.ms=1209600000:max.compaction.lag.ms=86400000:compression.type=gzip,STREAMIT_Team-1_DL@ds.uhc.com,apatra6:lreile1:sprasa5:smanand2:agauta14:rkoshaba:eniels1,HCPFKAFKA-I-128
streamit-ingestion-store-prod-ctc.ATTTEST.CSF.FSG.HCP_FSG_INCW_INST_CROSSW,*,attunity-kaas-alpha,*:*,beam-streamit:csf-hcp-prod,1,cleanup.policy=compact:delete.retention.ms=1209600000:max.compaction.lag.ms=86400000:compression.type=gzip,STREAMIT_Team-1_DL@ds.uhc.com,apatra6:lreile1:sprasa5:smanand2:agauta14:rkoshaba:eniels1,HCPFKAFKA-I-128
streamit-ingestion-store-prod-ctc.ATTTEST.CSF.FSG.HCP_MEME_ATAD,*,attunity-kaas-alpha,*:*,beam-streamit:csf-hcp-prod,10,cleanup.policy=compact:delete.retention.ms=1209600000:max.compaction.lag.ms=86400000:compression.type=gzip,STREAMIT_Team-1_DL@ds.uhc.com,apatra6:lreile1:sprasa5:smanand2:agauta14:rkoshaba:eniels1,HCPFKAFKA-I-128
streamit-ingestion-store-prod-ctc.ATTTEST.CSF.FSG.HCP_MEME_ATMM,*,attunity-kaas-alpha,*:*,beam-streamit:csf-hcp-prod,1,cleanup.policy=compact:delete.retention.ms=1209600000:max.compaction.lag.ms=86400000:compression.type=gzip,STREAMIT_Team-1_DL@ds.uhc.com,apatra6:lreile1:sprasa5:smanand2:agauta14:rkoshaba:eniels1,HCPFKAFKA-I-128
streamit-ingestion-store-prod-ctc.ATTTEST.CSF.FSG.HCP_MEME_ATND,*,attunity-kaas-alpha,*:*,beam-streamit:csf-hcp-prod,8,cleanup.policy=compact:delete.retention.ms=1209600000:max.compaction.lag.ms=86400000:compression.type=gzip,STREAMIT_Team-1_DL@ds.uhc.com,apatra6:lreile1:sprasa5:smanand2:agauta14:rkoshaba:eniels1,HCPFKAFKA-I-128
streamit-ingestion-store-prod-ctc.ATTTEST.CSF.FSG.HCP_MEME_ATUF,*,attunity-kaas-alpha,*:*,beam-streamit:csf-hcp-prod,16,cleanup.policy=compact:delete.retention.ms=1209600000:max.compaction.lag.ms=86400000:compression.type=gzip,STREAMIT_Team-1_DL@ds.uhc.com,apatra6:lreile1:sprasa5:smanand2:agauta14:rkoshaba:eniels1,HCPFKAFKA-I-128
streamit-ingestion-store-prod-ctc.ATTTEST.CSF.FSG.HCP_NWX_NRST_RS_TERMS,*,attunity-kaas-alpha,*:*,beam-streamit:csf-hcp-prod,8,cleanup.policy=compact:delete.retention.ms=1209600000:max.compaction.lag.ms=86400000:compression.type=gzip,STREAMIT_Team-1_DL@ds.uhc.com,apatra6:lreile1:sprasa5:smanand2:agauta14:rkoshaba:eniels1,HCPFKAFKA-I-128
streamit-ingestion-store-prod-ctc.ATTTEST.CSF.FSG.HCP_SBSB_ATAD,*,attunity-kaas-alpha,*:*,beam-streamit:csf-hcp-prod,10,cleanup.policy=compact:delete.retention.ms=1209600000:max.compaction.lag.ms=86400000:compression.type=gzip,STREAMIT_Team-1_DL@ds.uhc.com,apatra6:lreile1:sprasa5:smanand2:agauta14:rkoshaba:eniels1,HCPFKAFKA-I-128
streamit-ingestion-store-prod-ctc.ATTTEST.CSF.FSG.HCP_SBSB_ATMM,*,attunity-kaas-alpha,*:*,beam-streamit:csf-hcp-prod,1,cleanup.policy=compact:delete.retention.ms=1209600000:max.compaction.lag.ms=86400000:compression.type=gzip,STREAMIT_Team-1_DL@ds.uhc.com,apatra6:lreile1:sprasa5:smanand2:agauta14:rkoshaba:eniels1,HCPFKAFKA-I-128
streamit-ingestion-store-prod-ctc.ATTTEST.CSF.FSG.HCP_SBSB_ATND,*,attunity-kaas-alpha,*:*,beam-streamit:csf-hcp-prod,8,cleanup.policy=compact:delete.retention.ms=1209600000:max.compaction.lag.ms=86400000:compression.type=gzip,STREAMIT_Team-1_DL@ds.uhc.com,apatra6:lreile1:sprasa5:smanand2:agauta14:rkoshaba:eniels1,HCPFKAFKA-I-128
streamit-ingestion-store-prod-ctc.ATTTEST.CSF.FSG.HCP_SBSB_ATUF,*,attunity-kaas-alpha,*:*,beam-streamit:csf-hcp-prod,1,cleanup.policy=compact:delete.retention.ms=1209600000:max.compaction.lag.ms=86400000:compression.type=gzip,STREAMIT_Team-1_DL@ds.uhc.com,apatra6:lreile1:sprasa5:smanand2:agauta14:rkoshaba:eniels1,HCPFKAFKA-I-128
streamit-ingestion-store-prod-ctc.ATTTEST.CSF.FSG.JT_MB_COB_EXT_MECB_COB,*,attunity-kaas-alpha,*:*,beam-streamit:csf-hcp-prod,16,cleanup.policy=compact:delete.retention.ms=1209600000:max.compaction.lag.ms=86400000:compression.type=gzip,STREAMIT_Team-1_DL@ds.uhc.com,apatra6:lreile1:sprasa5:smanand2:agauta14:rkoshaba:eniels1,HCPFKAFKA-I-128
streamit-ingestion-store-prod-ctc.ATTTEST.CSF.FAC.CMC_CLSD_SUPP_DATA,*,attunity-kaas-alpha,*:*,beam-streamit:csf-hcp-prod,2,cleanup.policy=compact:delete.retention.ms=1209600000:max.compaction.lag.ms=86400000:compression.type=gzip,STREAMIT_Team-1_DL@ds.uhc.com,apatra6:lreile1:sprasa5:smanand2:agauta14:rkoshaba:eniels1,HCPFKAFKA-I-128
streamit-ingestion-store-prod-ctc.ATTTEST.CSF.FAC.CMC_CLID_DATA,*,attunity-kaas-alpha,*:*,beam-streamit:csf-hcp-prod,111,cleanup.policy=compact:delete.retention.ms=1209600000:max.compaction.lag.ms=86400000:compression.type=gzip,STREAMIT_Team-1_DL@ds.uhc.com,apatra6:lreile1:sprasa5:smanand2:agauta14:rkoshaba:eniels1,HCPFKAFKA-I-128
streamit-ingestion-store-prod-ctc.ATTTEST.CSF.FSG.FSG_CLAIM_EXTN,*,attunity-kaas-alpha,*:*,beam-streamit:csf-hcp-prod,201,cleanup.policy=compact:delete.retention.ms=1209600000:max.compaction.lag.ms=86400000:compression.type=gzip,STREAMIT_Team-1_DL@ds.uhc.com,apatra6:lreile1:sprasa5:smanand2:agauta14:rkoshaba:eniels1,HCPFKAFKA-I-128
streamit-ingestion-store-prod-ctc.ATTTEST.CSF.FAC_AR.CMC_CLCL_CLAIM,*,attunity-kaas-alpha,*:*:*,beam-streamit:csf-hcp-prod:hcp-data-prd,100,cleanup.policy=compact:delete.retention.ms=1209600000:max.compaction.lag.ms=86400000:compression.type=gzip,STREAMIT_Team-1_DL@ds.uhc.com,apatra6:lreile1:sprasa5:smanand2:agauta14:rkoshaba:eniels1,HCPFKAFKA-I-128
streamit-ingestion-store-prod-ctc.ATTTEST.CSF.FAC_AR.CMC_CLED_EDI_DATA,*,attunity-kaas-alpha,*:*:*,beam-streamit:csf-hcp-prod:hcp-data-prd,50,cleanup.policy=compact:delete.retention.ms=1209600000:max.compaction.lag.ms=86400000:compression.type=gzip,STREAMIT_Team-1_DL@ds.uhc.com,apatra6:lreile1:sprasa5:smanand2:agauta14:rkoshaba:eniels1,HCPFKAFKA-I-128
streamit-ingestion-store-prod-ctc.ATTTEST.CSF.FAC_AR.CMC_CDML_CL_LINE,*,attunity-kaas-alpha,*:*:*,beam-streamit:csf-hcp-prod:hcp-data-prd,200,cleanup.policy=compact:delete.retention.ms=1209600000:max.compaction.lag.ms=86400000:compression.type=gzip,STREAMIT_Team-1_DL@ds.uhc.com,apatra6:lreile1:sprasa5:smanand2:agauta14:rkoshaba:eniels1,HCPFKAFKA-I-128
streamit-ingestion-store-prod-ctc.ATTTEST.CSF.FAC_AR.CMC_CDSD_SUPP_DATA,*,attunity-kaas-alpha,*:*,beam-streamit:csf-hcp-prod,200,cleanup.policy=compact:delete.retention.ms=1209600000:max.compaction.lag.ms=86400000:compression.type=gzip,STREAMIT_Team-1_DL@ds.uhc.com,apatra6:lreile1:sprasa5:smanand2:agauta14:rkoshaba:eniels1,HCPFKAFKA-I-128
streamit-ingestion-store-prod-ctc.ATTTEST.CSF.FAC_AR.CMC_CDPE_PROV_DATA,*,attunity-kaas-alpha,*:*,beam-streamit:csf-hcp-prod,16,cleanup.policy=compact:delete.retention.ms=1209600000:max.compaction.lag.ms=86400000:compression.type=gzip,STREAMIT_Team-1_DL@ds.uhc.com,apatra6:lreile1:sprasa5:smanand2:agauta14:rkoshaba:eniels1,HCPFKAFKA-I-128
streamit-ingestion-store-prod-ctc.ATTTEST.CSF.FAC_AR.CMC_CLMI_MISC,*,attunity-kaas-alpha,*:*,beam-streamit:csf-hcp-prod,100,cleanup.policy=compact:delete.retention.ms=1209600000:max.compaction.lag.ms=86400000:compression.type=gzip,STREAMIT_Team-1_DL@ds.uhc.com,apatra6:lreile1:sprasa5:smanand2:agauta14:rkoshaba:eniels1,HCPFKAFKA-I-128
streamit-ingestion-store-prod-ctc.ATTTEST.CSF.FAC_AR.CMC_CLHP_HOSP,*,attunity-kaas-alpha,*:*:*,beam-streamit:csf-hcp-prod:hcp-data-prd,50,cleanup.policy=compact:delete.retention.ms=1209600000:max.compaction.lag.ms=86400000:compression.type=gzip,STREAMIT_Team-1_DL@ds.uhc.com,apatra6:lreile1:sprasa5:smanand2:agauta14:rkoshaba:eniels1,HCPFKAFKA-I-128
streamit-ingestion-store-prod-ctc.ATTTEST.CSF.FAC_AR.CMC_CLMF_MULT_FUNC,*,attunity-kaas-alpha,*:*,beam-streamit:csf-hcp-prod,100,cleanup.policy=compact:delete.retention.ms=1209600000:max.compaction.lag.ms=86400000:compression.type=gzip,STREAMIT_Team-1_DL@ds.uhc.com,apatra6:lreile1:sprasa5:smanand2:agauta14:rkoshaba:eniels1,HCPFKAFKA-I-128
streamit-ingestion-store-prod-ctc.ATTTEST.CSF.FAC_AR.CMC_CLSD_SUPP_DATA,*,attunity-kaas-alpha,*:*,beam-streamit:csf-hcp-prod,1,cleanup.policy=compact:delete.retention.ms=1209600000:max.compaction.lag.ms=86400000:compression.type=gzip,STREAMIT_Team-1_DL@ds.uhc.com,apatra6:lreile1:sprasa5:smanand2:agauta14:rkoshaba:eniels1,HCPFKAFKA-I-128
streamit-ingestion-store-prod-ctc.ATTTEST.CSF.FAC_AR.CMC_CLST_STATUS,*,attunity-kaas-alpha,*:*,beam-streamit:csf-hcp-prod,50,cleanup.policy=compact:delete.retention.ms=1209600000:max.compaction.lag.ms=86400000:compression.type=gzip,STREAMIT_Team-1_DL@ds.uhc.com,apatra6:lreile1:sprasa5:smanand2:agauta14:rkoshaba:eniels1,HCPFKAFKA-I-128
streamit-ingestion-store-prod-ctc.ATTTEST.CSF.FAC_AR.CMC_CDCB_LI_COB,*,attunity-kaas-alpha,*:*,beam-streamit:csf-hcp-prod,100,cleanup.policy=compact:delete.retention.ms=1209600000:max.compaction.lag.ms=86400000:compression.type=gzip,STREAMIT_Team-1_DL@ds.uhc.com,apatra6:lreile1:sprasa5:smanand2:agauta14:rkoshaba:eniels1,HCPFKAFKA-I-128
streamit-ingestion-store-prod-ctc.ATTTEST.CSF.FAC_AR.CMC_CLPE_PROV_DATA,*,attunity-kaas-alpha,*:*,beam-streamit:csf-hcp-prod,200,cleanup.policy=compact:delete.retention.ms=1209600000:max.compaction.lag.ms=86400000:compression.type=gzip,STREAMIT_Team-1_DL@ds.uhc.com,apatra6:lreile1:sprasa5:smanand2:agauta14:rkoshaba:eniels1,HCPFKAFKA-I-128
streamit-ingestion-store-prod-ctc.ATTTEST.CSF.FAC_AR.CMC_CLHC_COND_CODE,*,attunity-kaas-alpha,*:*,beam-streamit:csf-hcp-prod,16,cleanup.policy=compact:delete.retention.ms=1209600000:max.compaction.lag.ms=86400000:compression.type=gzip,STREAMIT_Team-1_DL@ds.uhc.com,apatra6:lreile1:sprasa5:smanand2:agauta14:rkoshaba:eniels1,HCPFKAFKA-I-128
streamit-ingestion-store-prod-ctc.ATTTEST.CSF.FAC_AR.CMC_CLMD_DIAG,*,attunity-kaas-alpha,*:*,beam-streamit:csf-hcp-prod,200,cleanup.policy=compact:delete.retention.ms=1209600000:max.compaction.lag.ms=86400000:compression.type=gzip,STREAMIT_Team-1_DL@ds.uhc.com,apatra6:lreile1:sprasa5:smanand2:agauta14:rkoshaba:eniels1,HCPFKAFKA-I-128
streamit-ingestion-store-prod-ctc.ATTTEST.CSF.FAC_AR.CMC_CLHI_PROC,*,attunity-kaas-alpha,*:*,beam-streamit:csf-hcp-prod,8,cleanup.policy=compact:delete.retention.ms=1209600000:max.compaction.lag.ms=86400000:compression.type=gzip,STREAMIT_Team-1_DL@ds.uhc.com,apatra6:lreile1:sprasa5:smanand2:agauta14:rkoshaba:eniels1,HCPFKAFKA-I-128
streamit-ingestion-store-prod-ctc.ATTTEST.CSF.FAC_AR.CMC_CLHO_OCC_CODE,*,attunity-kaas-alpha,*:*,beam-streamit:csf-hcp-prod,32,cleanup.policy=compact:delete.retention.ms=1209600000:max.compaction.lag.ms=86400000:compression.type=gzip,STREAMIT_Team-1_DL@ds.uhc.com,apatra6:lreile1:sprasa5:smanand2:agauta14:rkoshaba:eniels1,HCPFKAFKA-I-128
streamit-ingestion-store-prod-ctc.ATTTEST.CSF.FAC_AR.CMC_CLVC_VAL_CODE,*,attunity-kaas-alpha,*:*,beam-streamit:csf-hcp-prod,32,cleanup.policy=compact:delete.retention.ms=1209600000:max.compaction.lag.ms=86400000:compression.type=gzip,STREAMIT_Team-1_DL@ds.uhc.com,apatra6:lreile1:sprasa5:smanand2:agauta14:rkoshaba:eniels1,HCPFKAFKA-I-128
streamit-ingestion-store-prod-ctc.ATTTEST.CSF.FAC_AR.CMC_CLID_DATA,*,attunity-kaas-alpha,*:*,beam-streamit:csf-hcp-prod,110,cleanup.policy=compact:delete.retention.ms=1209600000:max.compaction.lag.ms=86400000:compression.type=gzip,STREAMIT_Team-1_DL@ds.uhc.com,apatra6:lreile1:sprasa5:smanand2:agauta14:rkoshaba:eniels1,HCPFKAFKA-I-128
streamit-ingestion-store-prod-ctc.ATTTEST.CSF.FAC_AR.CMC_CDID_DATA,*,attunity-kaas-alpha,*:*,beam-streamit:csf-hcp-prod,100,cleanup.policy=compact:delete.retention.ms=1209600000:max.compaction.lag.ms=86400000:compression.type=gzip,STREAMIT_Team-1_DL@ds.uhc.com,apatra6:lreile1:sprasa5:smanand2:agauta14:rkoshaba:eniels1,HCPFKAFKA-I-128
streamit-ingestion-store-prod-ctc.ATTTEST.CSF.FAC_AR.CMC_CLCB_CL_COB,*,attunity-kaas-alpha,*:*,beam-streamit:csf-hcp-prod,50,cleanup.policy=compact:delete.retention.ms=1209600000:max.compaction.lag.ms=86400000:compression.type=gzip,STREAMIT_Team-1_DL@ds.uhc.com,apatra6:lreile1:sprasa5:smanand2:agauta14:rkoshaba:eniels1,HCPFKAFKA-I-128
streamit-ingestion-store-prod-ctc.ATTTEST.CSF.FAC_AR.CMC_CLOR_CL_OVR,*,attunity-kaas-alpha,*:*,beam-streamit:csf-hcp-prod,100,cleanup.policy=compact:delete.retention.ms=1209600000:max.compaction.lag.ms=86400000:compression.type=gzip,STREAMIT_Team-1_DL@ds.uhc.com,apatra6:lreile1:sprasa5:smanand2:agauta14:rkoshaba:eniels1,HCPFKAFKA-I-128
streamit-ingestion-store-prod-ctc.ATTTEST.CSF.FAC_AR.CMC_CDNP_NWX_PRCNG,*,attunity-kaas-alpha,*:*,beam-streamit:csf-hcp-prod,200,cleanup.policy=compact:delete.retention.ms=1209600000:max.compaction.lag.ms=86400000:compression.type=gzip,STREAMIT_Team-1_DL@ds.uhc.com,apatra6:lreile1:sprasa5:smanand2:agauta14:rkoshaba:eniels1,HCPFKAFKA-I-128
streamit-ingestion-store-prod-ctc.ATTTEST.CSF.FAC_AR.CMC_CDOR_LI_OVR,*,attunity-kaas-alpha,*:*,beam-streamit:csf-hcp-prod,200,cleanup.policy=compact:delete.retention.ms=1209600000:max.compaction.lag.ms=86400000:compression.type=gzip,STREAMIT_Team-1_DL@ds.uhc.com,apatra6:lreile1:sprasa5:smanand2:agauta14:rkoshaba:eniels1,HCPFKAFKA-I-128
streamit-ingestion-store-prod-ctc.ATTTEST.CSF.FSG.HCP_SECURITY_ROLES,*,attunity-kaas-alpha,*:*,beam-streamit:csf-hcp-prod,1,cleanup.policy=compact:delete.retention.ms=1209600000:max.compaction.lag.ms=86400000:compression.type=gzip,STREAMIT_Team-1_DL@ds.uhc.com,apatra6:lreile1:sprasa5:smanand2:agauta14:rkoshaba:eniels1,HCPFKAFKA-I-128
streamit-ingestion-store-prod-ctc.ATTTEST.CSF.FAC.CMC_MEWM_ME_MSG,*,attunity-kaas-alpha,*:*,beam-streamit:csf-hcp-prod,1,cleanup.policy=compact:delete.retention.ms=1209600000:max.compaction.lag.ms=86400000:compression.type=gzip,STREAMIT_Team-1_DL@ds.uhc.com,apatra6:lreile1:sprasa5:smanand2:agauta14:rkoshaba:eniels1,HCPFKAFKA-I-128
streamit-ingestion-store-prod-ctc.ATTTEST.CSF.FSG.HCP_CMC_LTID_DIAG_IX,*,attunity-kaas-alpha,*:*,beam-streamit:csf-hcp-prod,1,cleanup.policy=compact:delete.retention.ms=1209600000:max.compaction.lag.ms=86400000:compression.type=gzip,STREAMIT_Team-1_DL@ds.uhc.com,apatra6:lreile1:sprasa5:smanand2:agauta14:rkoshaba:eniels1,HCPFKAFKA-I-128
streamit-ingestion-store-prod-ctc.ATTTEST.CSF.FSG.HCP_PDPD_PDVC,*,attunity-kaas-alpha,*:*,beam-streamit:csf-hcp-prod,1,cleanup.policy=compact:delete.retention.ms=1209600000:max.compaction.lag.ms=86400000:compression.type=gzip,STREAMIT_Team-1_DL@ds.uhc.com,apatra6:lreile1:sprasa5:smanand2:agauta14:rkoshaba:eniels1,HCPFKAFKA-I-128
streamit-ingestion-store-prod-ctc.ATTTEST.CSF.FSG.HCP_PDPD_PDVC_SEPYDT,*,attunity-kaas-alpha,*:*,beam-streamit:csf-hcp-prod,1,cleanup.policy=compact:delete.retention.ms=1209600000:max.compaction.lag.ms=86400000:compression.type=gzip,STREAMIT_Team-1_DL@ds.uhc.com,apatra6:lreile1:sprasa5:smanand2:agauta14:rkoshaba:eniels1,HCPFKAFKA-I-128
streamit-ingestion-store-prod-ctc.ATTTEST.CSF.FSG.HCP_SESE_ACCUM,*,attunity-kaas-alpha,*:*,beam-streamit:csf-hcp-prod,1,cleanup.policy=compact:delete.retention.ms=1209600000:max.compaction.lag.ms=86400000:compression.type=gzip,STREAMIT_Team-1_DL@ds.uhc.com,apatra6:lreile1:sprasa5:smanand2:agauta14:rkoshaba:eniels1,HCPFKAFKA-I-128
streamit-ingestion-store-prod-ctc.ATTTEST.CSF.FSG.HCP_CMC_SESE_SERVICE,*,attunity-kaas-alpha,*:*,beam-streamit:csf-hcp-prod,1,cleanup.policy=compact:delete.retention.ms=1209600000:max.compaction.lag.ms=86400000:compression.type=gzip,STREAMIT_Team-1_DL@ds.uhc.com,apatra6:lreile1:sprasa5:smanand2:agauta14:rkoshaba:eniels1,HCPFKAFKA-I-128
streamit-ingestion-store-prod-ctc.ATTTEST.CSF.FSG.HCP_CMC_SETR_TIER_MOD,*,attunity-kaas-alpha,*:*,beam-streamit:csf-hcp-prod,1,cleanup.policy=compact:delete.retention.ms=1209600000:max.compaction.lag.ms=86400000:compression.type=gzip,STREAMIT_Team-1_DL@ds.uhc.com,apatra6:lreile1:sprasa5:smanand2:agauta14:rkoshaba:eniels1,HCPFKAFKA-I-128
streamit-ingestion-store-prod-ctc.ATTTEST.CSF.FAC.CMC_MCTI_TAX_INFO,*,attunity-kaas-alpha,*:*,beam-streamit:csf-hcp-prod,16,cleanup.policy=compact:delete.retention.ms=1209600000:max.compaction.lag.ms=86400000:compression.type=gzip,STREAMIT_Team-1_DL@ds.uhc.com,apatra6:lreile1:sprasa5:smanand2:agauta14:rkoshaba:eniels1,HCPFKAFKA-I-128
streamit-ingestion-store-prod-ctc.ATTTEST.CSF.FAC.CMC_PRWM_PR_MSG,*,attunity-kaas-alpha,*:*,beam-streamit:csf-hcp-prod,16,cleanup.policy=compact:delete.retention.ms=1209600000:max.compaction.lag.ms=86400000:compression.type=gzip,STREAMIT_Team-1_DL@ds.uhc.com,apatra6:lreile1:sprasa5:smanand2:agauta14:rkoshaba:eniels1,HCPFKAFKA-I-128
streamit-ingestion-store-prod-ctc.ATTTEST.CSF.FSG.HCP_CMC_PRPG_PROG,*,attunity-kaas-alpha,*:*,beam-streamit:csf-hcp-prod,1,cleanup.policy=compact:delete.retention.ms=1209600000:max.compaction.lag.ms=86400000:compression.type=gzip,STREAMIT_Team-1_DL@ds.uhc.com,apatra6:lreile1:sprasa5:smanand2:agauta14:rkoshaba:eniels1,HCPFKAFKA-I-128
streamit-ingestion-store-prod-ctc.ATTTEST.CSF.FAC.CMC_CKPY_PAYEE_SUM,*,attunity-kaas-alpha,*:*,beam-streamit:csf-hcp-prod,100,cleanup.policy=compact:delete.retention.ms=1209600000:max.compaction.lag.ms=86400000:compression.type=gzip,STREAMIT_Team-1_DL@ds.uhc.com,apatra6:lreile1:sprasa5:smanand2:agauta14:rkoshaba:eniels1,HCPFKAFKA-I-128
streamit-ingestion-store-prod-ctc.ATTTEST.CSF.FAC.CMC_CLOV_OVERPAY,*,attunity-kaas-alpha,*:*,beam-streamit:csf-hcp-prod,16,cleanup.policy=compact:delete.retention.ms=1209600000:max.compaction.lag.ms=86400000:compression.type=gzip,STREAMIT_Team-1_DL@ds.uhc.com,apatra6:lreile1:sprasa5:smanand2:agauta14:rkoshaba:eniels1,HCPFKAFKA-I-128
streamit-ingestion-store-prod-ctc.ATTTEST.CSF.FAC.CMC_ACRH_RED_HIST,*,attunity-kaas-alpha,*:*,beam-streamit:csf-hcp-prod,16,cleanup.policy=compact:delete.retention.ms=1209600000:max.compaction.lag.ms=86400000:compression.type=gzip,STREAMIT_Team-1_DL@ds.uhc.com,apatra6:lreile1:sprasa5:smanand2:agauta14:rkoshaba:eniels1,HCPFKAFKA-I-128
streamit-ingestion-store-prod-ctc.ATTTEST.CSF.FAC.CMC_ACPR_PYMT_RED,*,attunity-kaas-alpha,*:*,beam-streamit:csf-hcp-prod,16,cleanup.policy=compact:delete.retention.ms=1209600000:max.compaction.lag.ms=86400000:compression.type=gzip,STREAMIT_Team-1_DL@ds.uhc.com,apatra6:lreile1:sprasa5:smanand2:agauta14:rkoshaba:eniels1,HCPFKAFKA-I-128
streamit-ingestion-store-prod-ctc.ATTTEST.CSF.FSG.HCP_FSG_BRCL_CODELIST,*,attunity-kaas-alpha,*:*,beam-streamit:csf-hcp-prod,1,cleanup.policy=compact:delete.retention.ms=1209600000:max.compaction.lag.ms=86400000:compression.type=gzip,STREAMIT_Team-1_DL@ds.uhc.com,apatra6:lreile1:sprasa5:smanand2:agauta14:rkoshaba:eniels1,HCPFKAFKA-I-128
streamit-ingestion-store-prod-ctc.ATTTEST.CSF.FSG.ICESCH_OUTPUT,*,attunity-kaas-alpha,*:*,beam-streamit:csf-hcp-prod,200,cleanup.policy=compact:delete.retention.ms=1209600000:max.compaction.lag.ms=86400000:compression.type=gzip,STREAMIT_Team-1_DL@ds.uhc.com,apatra6:lreile1:sprasa5:smanand2:agauta14:rkoshaba:eniels1,HCPFKAFKA-I-128
streamit-ingestion-store-prod-ctc.ATTTEST.CSF.FSG.HCP_CMC_CBCB_COB,*,attunity-kaas-alpha,*:*,beam-streamit:csf-hcp-prod,1,cleanup.policy=compact:delete.retention.ms=1209600000:max.compaction.lag.ms=86400000:compression.type=gzip,STREAMIT_Team-1_DL@ds.uhc.com,apatra6:lreile1:sprasa5:smanand2:agauta14:rkoshaba:eniels1,HCPFKAFKA-I-128
streamit-ingestion-store-prod-ctc.ATTTEST.CSF.FAC.CMC_CKID_INDIC,*,attunity-kaas-alpha,*:*,beam-streamit:csf-hcp-prod,50,cleanup.policy=compact:delete.retention.ms=1209600000:max.compaction.lag.ms=86400000:compression.type=gzip,STREAMIT_Team-1_DL@ds.uhc.com,apatra6:lreile1:sprasa5:smanand2:agauta14:rkoshaba:eniels1,HCPFKAFKA-I-128
streamit-ingestion-store-prod-ctc.ATTTEST.CSF.FSG.HCP_CMC_HBCD_BILL_DESC,*,attunity-kaas-alpha,*:*,beam-streamit:csf-hcp-prod,1,cleanup.policy=compact:delete.retention.ms=1209600000:max.compaction.lag.ms=86400000:compression.type=gzip,STREAMIT_Team-1_DL@ds.uhc.com,apatra6:lreile1:sprasa5:smanand2:agauta14:rkoshaba:eniels1,HCPFKAFKA-I-128
streamit-ingestion-store-prod-ctc.ATTTEST.CSF.FSG.JT_CLMS_CMPAYEXT_CLAIM_DTL,*,attunity-kaas-alpha,*:*,beam-streamit:csf-hcp-prod,8,cleanup.policy=compact:delete.retention.ms=1209600000:max.compaction.lag.ms=86400000:compression.type=gzip,STREAMIT_Team-1_DL@ds.uhc.com,apatra6:lreile1:sprasa5:smanand2:agauta14:rkoshaba:eniels1,HCPFKAFKA-I-128
streamit-ingestion-store-prod-ctc.ATTTEST.CSF.FSG.HCP_PDPD_PDBSS,*,attunity-kaas-alpha,*:*,beam-streamit:csf-hcp-prod,8,cleanup.policy=compact:delete.retention.ms=1209600000:max.compaction.lag.ms=86400000:compression.type=gzip,STREAMIT_Team-1_DL@ds.uhc.com,apatra6:lreile1:sprasa5:smanand2:agauta14:rkoshaba:eniels1,HCPFKAFKA-I-128
streamit-ingestion-store-prod-ctc.ATTTEST.CSF.FSG.HCP_PDPD_PDBSD,*,attunity-kaas-alpha,*:*,beam-streamit:csf-hcp-prod,1,cleanup.policy=compact:delete.retention.ms=1209600000:max.compaction.lag.ms=86400000:compression.type=gzip,STREAMIT_Team-1_DL@ds.uhc.com,apatra6:lreile1:sprasa5:smanand2:agauta14:rkoshaba:eniels1,HCPFKAFKA-I-128
streamit-ingestion-store-prod-ctc.ATTTEST.CSF.FAC.CMC_MEES_EXCHANGE,*,attunity-kaas-alpha,*:*,beam-streamit:csf-hcp-prod,8,cleanup.policy=compact:delete.retention.ms=1209600000:max.compaction.lag.ms=86400000:compression.type=gzip,STREAMIT_Team-1_DL@ds.uhc.com,apatra6:lreile1:sprasa5:smanand2:agauta14:rkoshaba:eniels1,HCPFKAFKA-I-128
streamit-ingestion-store-prod-ctc.ATTTEST.CSF.FAC.CMC_MESU_SUBSIDY,*,attunity-kaas-alpha,*:*,beam-streamit:csf-hcp-prod,8,cleanup.policy=compact:delete.retention.ms=1209600000:max.compaction.lag.ms=86400000:compression.type=gzip,STREAMIT_Team-1_DL@ds.uhc.com,apatra6:lreile1:sprasa5:smanand2:agauta14:rkoshaba:eniels1,HCPFKAFKA-I-128
streamit-ingestion-store-prod-ctc.ATTTEST.CSF.FAC.CMC_SBSR_SB_RATE,*,attunity-kaas-alpha,*:*,beam-streamit:csf-hcp-prod,8,cleanup.policy=compact:delete.retention.ms=1209600000:max.compaction.lag.ms=86400000:compression.type=gzip,STREAMIT_Team-1_DL@ds.uhc.com,apatra6:lreile1:sprasa5:smanand2:agauta14:rkoshaba:eniels1,HCPFKAFKA-I-128
streamit-ingestion-store-prod-ctc.ATTTEST.CSF.FAC.CMC_SBTD_TEG_DATA,*,attunity-kaas-alpha,*:*,beam-streamit:csf-hcp-prod,8,cleanup.policy=compact:delete.retention.ms=1209600000:max.compaction.lag.ms=86400000:compression.type=gzip,STREAMIT_Team-1_DL@ds.uhc.com,apatra6:lreile1:sprasa5:smanand2:agauta14:rkoshaba:eniels1,HCPFKAFKA-I-128
streamit-ingestion-store-prod-ctc.ATTTEST.CSF.FSG.FSG_MBCB_EXCH_GRACE_PER_DATA,*,attunity-kaas-alpha,*:*,beam-streamit:csf-hcp-prod,8,cleanup.policy=compact:delete.retention.ms=1209600000:max.compaction.lag.ms=86400000:compression.type=gzip,STREAMIT_Team-1_DL@ds.uhc.com,apatra6:lreile1:sprasa5:smanand2:agauta14:rkoshaba:eniels1,HCPFKAFKA-I-128
streamit-ingestion-store-prod-ctc.ATTTEST.CSF.FAC.CMC_CDEC_LI_ENC,*,attunity-kaas-alpha,*:*,beam-streamit:csf-hcp-prod,32,cleanup.policy=compact:delete.retention.ms=1209600000:max.compaction.lag.ms=86400000:compression.type=gzip,STREAMIT_Team-1_DL@ds.uhc.com,apatra6:lreile1:sprasa5:smanand2:agauta14:rkoshaba:eniels1,HCPFKAFKA-I-128
streamit-ingestion-store-prod-ctc.ATTTEST.CSF.FSG.HCP_PDPD_PDBC,*,attunity-kaas-alpha,*:*,beam-streamit:csf-hcp-prod,1,cleanup.policy=compact:delete.retention.ms=1209600000:max.compaction.lag.ms=86400000:compression.type=gzip,STREAMIT_Team-1_DL@ds.uhc.com,apatra6:lreile1:sprasa5:smanand2:agauta14:rkoshaba:eniels1,HCPFKAFKA-I-128
