topic,producer-hosts,producer-cn,consumer-hosts,consumer-cn,partitions,config,email,ms-id,compatibility,aha-id
hcp.tst.data.csp.claim-accumulator.v1,*,beam-streamit,*:*,csf-hcp-prod:einc,32,cleanup.policy=compact:delete.retention.ms=1209600000:max.compaction.lag.ms=86400000:compression.type=gzip,STREAMIT_Team-1_DL@ds.uhc.com,apatra6:lreile1:sprasa5:smanand2:agauta14:rkoshaba:eniels1,FULL,HCPFKAFKA-I-128
hcp.tst.data.csp.claim-accumulator.v3,*,beam-streamit,*:*,csf-hcp-prod:einc,32,cleanup.policy=compact:delete.retention.ms=1209600000:max.compaction.lag.ms=86400000:compression.type=gzip,STREAMIT_Team-1_DL@ds.uhc.com,apatra6:lreile1:sprasa5:smanand2:agauta14:rkoshaba:eniels1,FULL,HCPFKAFKA-I-128
hcp.tst.data.csp.claim-accumulator_archive.v1,*,beam-streamit,*:*,csf-hcp-prod:einc,32,cleanup.policy=compact:delete.retention.ms=1209600000:max.compaction.lag.ms=86400000:compression.type=gzip,STREAMIT_Team-1_DL@ds.uhc.com,apatra6:lreile1:sprasa5:smanand2:agauta14:rkoshaba:eniels1,FULL,HCPFKAFKA-I-128
hcp.tst.data.csp.claim-accumulator_archive.v3,*,beam-streamit,*:*,csf-hcp-prod:einc,32,cleanup.policy=compact:delete.retention.ms=1209600000:max.compaction.lag.ms=86400000:compression.type=gzip,STREAMIT_Team-1_DL@ds.uhc.com,apatra6:lreile1:sprasa5:smanand2:agauta14:rkoshaba:eniels1,FULL,HCPFKAFKA-I-128
hcp.tst.data.csp.claim-adjudication-process-code.v1,*,beam-streamit,*:*,csf-hcp-prod:einc,100,cleanup.policy=compact:delete.retention.ms=1209600000:max.compaction.lag.ms=86400000:compression.type=gzip,STREAMIT_Team-1_DL@ds.uhc.com,apatra6:lreile1:sprasa5:smanand2:agauta14:rkoshaba:eniels1,FULL,HCPFKAFKA-I-128
hcp.tst.data.csp.claim-adjudication-process-code.v3,*,beam-streamit,*:*,csf-hcp-prod:einc,100,cleanup.policy=compact:delete.retention.ms=1209600000:max.compaction.lag.ms=86400000:compression.type=gzip,STREAMIT_Team-1_DL@ds.uhc.com,apatra6:lreile1:sprasa5:smanand2:agauta14:rkoshaba:eniels1,FULL,HCPFKAFKA-I-128
hcp.tst.data.csp.claim-adjudication-process-code_archive.v1,*,beam-streamit,*:*,csf-hcp-prod:einc,100,cleanup.policy=compact:delete.retention.ms=1209600000:max.compaction.lag.ms=86400000:compression.type=gzip,STREAMIT_Team-1_DL@ds.uhc.com,apatra6:lreile1:sprasa5:smanand2:agauta14:rkoshaba:eniels1,FULL,HCPFKAFKA-I-128
hcp.tst.data.csp.claim-adjudication-process-code_archive.v3,*,beam-streamit,*:*,csf-hcp-prod:einc,100,cleanup.policy=compact:delete.retention.ms=1209600000:max.compaction.lag.ms=86400000:compression.type=gzip,STREAMIT_Team-1_DL@ds.uhc.com,apatra6:lreile1:sprasa5:smanand2:agauta14:rkoshaba:eniels1,FULL,HCPFKAFKA-I-128
hcp.tst.data.csp.claim-adjudication-service-process-code.v1,*,beam-streamit,*:*,csf-hcp-prod:einc,200,cleanup.policy=compact:delete.retention.ms=1209600000:max.compaction.lag.ms=86400000:compression.type=gzip,STREAMIT_Team-1_DL@ds.uhc.com,apatra6:lreile1:sprasa5:smanand2:agauta14:rkoshaba:eniels1,FULL,HCPFKAFKA-I-128
hcp.tst.data.csp.claim-adjudication-service-process-code.v3,*,beam-streamit,*:*,csf-hcp-prod:einc,200,cleanup.policy=compact:delete.retention.ms=1209600000:max.compaction.lag.ms=86400000:compression.type=gzip,STREAMIT_Team-1_DL@ds.uhc.com,apatra6:lreile1:sprasa5:smanand2:agauta14:rkoshaba:eniels1,FULL,HCPFKAFKA-I-128
hcp.tst.data.csp.claim-adjudication-service-process-code_archive.v1,*,beam-streamit,*:*,csf-hcp-prod:einc,200,cleanup.policy=compact:delete.retention.ms=1209600000:max.compaction.lag.ms=86400000:compression.type=gzip,STREAMIT_Team-1_DL@ds.uhc.com,apatra6:lreile1:sprasa5:smanand2:agauta14:rkoshaba:eniels1,FULL,HCPFKAFKA-I-128
hcp.tst.data.csp.claim-adjudication-service-process-code_archive.v3,*,beam-streamit,*:*,csf-hcp-prod:einc,200,cleanup.policy=compact:delete.retention.ms=1209600000:max.compaction.lag.ms=86400000:compression.type=gzip,STREAMIT_Team-1_DL@ds.uhc.com,apatra6:lreile1:sprasa5:smanand2:agauta14:rkoshaba:eniels1,FULL,HCPFKAFKA-I-128
hcp.tst.data.csp.claim-ambulance.v1,*,beam-streamit,*:*,csf-hcp-prod:einc,100,cleanup.policy=compact:delete.retention.ms=1209600000:max.compaction.lag.ms=86400000:compression.type=gzip,STREAMIT_Team-1_DL@ds.uhc.com,apatra6:lreile1:sprasa5:smanand2:agauta14:rkoshaba:eniels1,FULL,HCPFKAFKA-I-128
hcp.tst.data.csp.claim-ambulance.v3,*,beam-streamit,*:*,csf-hcp-prod:einc,100,cleanup.policy=compact:delete.retention.ms=1209600000:max.compaction.lag.ms=86400000:compression.type=gzip,STREAMIT_Team-1_DL@ds.uhc.com,apatra6:lreile1:sprasa5:smanand2:agauta14:rkoshaba:eniels1,FULL,HCPFKAFKA-I-128
hcp.tst.data.csp.claim-ambulance_archive.v1,*,beam-streamit,*:*,csf-hcp-prod:einc,100,cleanup.policy=compact:delete.retention.ms=1209600000:max.compaction.lag.ms=86400000:compression.type=gzip,STREAMIT_Team-1_DL@ds.uhc.com,apatra6:lreile1:sprasa5:smanand2:agauta14:rkoshaba:eniels1,FULL,HCPFKAFKA-I-128
hcp.tst.data.csp.claim-ambulance_archive.v3,*,beam-streamit,*:*,csf-hcp-prod:einc,100,cleanup.policy=compact:delete.retention.ms=1209600000:max.compaction.lag.ms=86400000:compression.type=gzip,STREAMIT_Team-1_DL@ds.uhc.com,apatra6:lreile1:sprasa5:smanand2:agauta14:rkoshaba:eniels1,FULL,HCPFKAFKA-I-128
hcp.tst.data.csp.claim-grouper-output.v1,*,beam-streamit,*:*,csf-hcp-prod:einc,50,cleanup.policy=compact:delete.retention.ms=1209600000:max.compaction.lag.ms=86400000:compression.type=gzip,STREAMIT_Team-1_DL@ds.uhc.com,apatra6:lreile1:sprasa5:smanand2:agauta14:rkoshaba:eniels1,FULL,HCPFKAFKA-I-128
hcp.tst.data.csp.claim-grouper-output.v3,*,beam-streamit,*:*,csf-hcp-prod:einc,50,cleanup.policy=compact:delete.retention.ms=1209600000:max.compaction.lag.ms=86400000:compression.type=gzip,STREAMIT_Team-1_DL@ds.uhc.com,apatra6:lreile1:sprasa5:smanand2:agauta14:rkoshaba:eniels1,FULL,HCPFKAFKA-I-128
hcp.tst.data.csp.claim-grouper-output_archive.v1,*,beam-streamit,*:*,csf-hcp-prod:einc,50,cleanup.policy=compact:delete.retention.ms=1209600000:max.compaction.lag.ms=86400000:compression.type=gzip,STREAMIT_Team-1_DL@ds.uhc.com,apatra6:lreile1:sprasa5:smanand2:agauta14:rkoshaba:eniels1,FULL,HCPFKAFKA-I-128
hcp.tst.data.csp.claim-grouper-output_archive.v3,*,beam-streamit,*:*,csf-hcp-prod:einc,50,cleanup.policy=compact:delete.retention.ms=1209600000:max.compaction.lag.ms=86400000:compression.type=gzip,STREAMIT_Team-1_DL@ds.uhc.com,apatra6:lreile1:sprasa5:smanand2:agauta14:rkoshaba:eniels1,FULL,HCPFKAFKA-I-128
hcp.tst.data.csp.claim-other-payer.v1,*,beam-streamit,*:*,csf-hcp-prod:einc,100,cleanup.policy=compact:delete.retention.ms=1209600000:max.compaction.lag.ms=86400000:compression.type=gzip,STREAMIT_Team-1_DL@ds.uhc.com,apatra6:lreile1:sprasa5:smanand2:agauta14:rkoshaba:eniels1,FULL,HCPFKAFKA-I-128
hcp.tst.data.csp.claim-other-payer.v3,*,beam-streamit,*:*,csf-hcp-prod:einc,100,cleanup.policy=compact:delete.retention.ms=1209600000:max.compaction.lag.ms=86400000:compression.type=gzip,STREAMIT_Team-1_DL@ds.uhc.com,apatra6:lreile1:sprasa5:smanand2:agauta14:rkoshaba:eniels1,FULL,HCPFKAFKA-I-128
hcp.tst.data.csp.claim-other-payer_archive.v1,*,beam-streamit,*:*,csf-hcp-prod:einc,100,cleanup.policy=compact:delete.retention.ms=1209600000:max.compaction.lag.ms=86400000:compression.type=gzip,STREAMIT_Team-1_DL@ds.uhc.com,apatra6:lreile1:sprasa5:smanand2:agauta14:rkoshaba:eniels1,FULL,HCPFKAFKA-I-128
hcp.tst.data.csp.claim-other-payer_archive.v3,*,beam-streamit,*:*,csf-hcp-prod:einc,100,cleanup.policy=compact:delete.retention.ms=1209600000:max.compaction.lag.ms=86400000:compression.type=gzip,STREAMIT_Team-1_DL@ds.uhc.com,apatra6:lreile1:sprasa5:smanand2:agauta14:rkoshaba:eniels1,FULL,HCPFKAFKA-I-128
hcp.tst.data.csp.claim-service-ambulance.v1,*,beam-streamit,*:*,csf-hcp-prod:einc,50,cleanup.policy=compact:delete.retention.ms=1209600000:max.compaction.lag.ms=86400000:compression.type=gzip,STREAMIT_Team-1_DL@ds.uhc.com,apatra6:lreile1:sprasa5:smanand2:agauta14:rkoshaba:eniels1,FULL,HCPFKAFKA-I-128
hcp.tst.data.csp.claim-service-ambulance.v3,*,beam-streamit,*:*,csf-hcp-prod:einc,50,cleanup.policy=compact:delete.retention.ms=1209600000:max.compaction.lag.ms=86400000:compression.type=gzip,STREAMIT_Team-1_DL@ds.uhc.com,apatra6:lreile1:sprasa5:smanand2:agauta14:rkoshaba:eniels1,FULL,HCPFKAFKA-I-128
hcp.tst.data.csp.claim-service-ambulance_archive.v1,*,beam-streamit,*:*,csf-hcp-prod:einc,50,cleanup.policy=compact:delete.retention.ms=1209600000:max.compaction.lag.ms=86400000:compression.type=gzip,STREAMIT_Team-1_DL@ds.uhc.com,apatra6:lreile1:sprasa5:smanand2:agauta14:rkoshaba:eniels1,FULL,HCPFKAFKA-I-128
hcp.tst.data.csp.claim-service-ambulance_archive.v3,*,beam-streamit,*:*,csf-hcp-prod:einc,50,cleanup.policy=compact:delete.retention.ms=1209600000:max.compaction.lag.ms=86400000:compression.type=gzip,STREAMIT_Team-1_DL@ds.uhc.com,apatra6:lreile1:sprasa5:smanand2:agauta14:rkoshaba:eniels1,FULL,HCPFKAFKA-I-128
hcp.tst.data.csp.claim-service-line-accumulator.v1,*,beam-streamit,*:*,csf-hcp-prod:einc,32,cleanup.policy=compact:delete.retention.ms=1209600000:max.compaction.lag.ms=86400000:compression.type=gzip,STREAMIT_Team-1_DL@ds.uhc.com,apatra6:lreile1:sprasa5:smanand2:agauta14:rkoshaba:eniels1,FULL,HCPFKAFKA-I-128
hcp.tst.data.csp.claim-service-line-accumulator.v3,*,beam-streamit,*:*,csf-hcp-prod:einc,32,cleanup.policy=compact:delete.retention.ms=1209600000:max.compaction.lag.ms=86400000:compression.type=gzip,STREAMIT_Team-1_DL@ds.uhc.com,apatra6:lreile1:sprasa5:smanand2:agauta14:rkoshaba:eniels1,FULL,HCPFKAFKA-I-128
hcp.tst.data.csp.claim-service-line-accumulator_archive.v1,*,beam-streamit,*:*,csf-hcp-prod:einc,32,cleanup.policy=compact:delete.retention.ms=1209600000:max.compaction.lag.ms=86400000:compression.type=gzip,STREAMIT_Team-1_DL@ds.uhc.com,apatra6:lreile1:sprasa5:smanand2:agauta14:rkoshaba:eniels1,FULL,HCPFKAFKA-I-128
hcp.tst.data.csp.claim-service-line-accumulator_archive.v3,*,beam-streamit,*:*,csf-hcp-prod:einc,32,cleanup.policy=compact:delete.retention.ms=1209600000:max.compaction.lag.ms=86400000:compression.type=gzip,STREAMIT_Team-1_DL@ds.uhc.com,apatra6:lreile1:sprasa5:smanand2:agauta14:rkoshaba:eniels1,FULL,HCPFKAFKA-I-128
hcp.tst.data.csp.claim-service-line-extension.v3,*,beam-streamit,*,csf-hcp-prod,200,cleanup.policy=compact:delete.retention.ms=1209600000:max.compaction.lag.ms=86400000:compression.type=gzip,STREAMIT_Team-1_DL@ds.uhc.com,apatra6:lreile1:sprasa5:smanand2:agauta14:rkoshaba:eniels1,FULL,HCPFKAFKA-I-128
hcp.tst.data.csp.claim-service-line.v1,*,beam-streamit,*:*,csf-hcp-prod:einc,200,cleanup.policy=compact:delete.retention.ms=1209600000:max.compaction.lag.ms=86400000:compression.type=gzip,STREAMIT_Team-1_DL@ds.uhc.com,apatra6:lreile1:sprasa5:smanand2:agauta14:rkoshaba:eniels1,FULL,HCPFKAFKA-I-128
hcp.tst.data.csp.claim-service-line.v3,*,beam-streamit,*:*,csf-hcp-prod:einc,200,cleanup.policy=compact:delete.retention.ms=1209600000:max.compaction.lag.ms=86400000:compression.type=gzip,STREAMIT_Team-1_DL@ds.uhc.com,apatra6:lreile1:sprasa5:smanand2:agauta14:rkoshaba:eniels1,FULL,HCPFKAFKA-I-128
hcp.tst.data.csp.claim-service-line_archive.v1,*,beam-streamit,*:*,csf-hcp-prod:einc,200,cleanup.policy=compact:delete.retention.ms=1209600000:max.compaction.lag.ms=86400000:compression.type=gzip,STREAMIT_Team-1_DL@ds.uhc.com,apatra6:lreile1:sprasa5:smanand2:agauta14:rkoshaba:eniels1,FULL,HCPFKAFKA-I-128
hcp.tst.data.csp.claim-service-line_archive.v3,*,beam-streamit,*:*,csf-hcp-prod:einc,200,cleanup.policy=compact:delete.retention.ms=1209600000:max.compaction.lag.ms=86400000:compression.type=gzip,STREAMIT_Team-1_DL@ds.uhc.com,apatra6:lreile1:sprasa5:smanand2:agauta14:rkoshaba:eniels1,FULL,HCPFKAFKA-I-128
hcp.tst.data.csp.claim-service-other-payer.v1,*,beam-streamit,*:*,csf-hcp-prod:einc,100,cleanup.policy=compact:delete.retention.ms=1209600000:max.compaction.lag.ms=86400000:compression.type=gzip,STREAMIT_Team-1_DL@ds.uhc.com,apatra6:lreile1:sprasa5:smanand2:agauta14:rkoshaba:eniels1,FULL,HCPFKAFKA-I-128
hcp.tst.data.csp.claim-service-other-payer.v3,*,beam-streamit,*:*,csf-hcp-prod:einc,100,cleanup.policy=compact:delete.retention.ms=1209600000:max.compaction.lag.ms=86400000:compression.type=gzip,STREAMIT_Team-1_DL@ds.uhc.com,apatra6:lreile1:sprasa5:smanand2:agauta14:rkoshaba:eniels1,FULL,HCPFKAFKA-I-128
hcp.tst.data.csp.claim-service-other-payer_archive.v1,*,beam-streamit,*:*,csf-hcp-prod:einc,100,cleanup.policy=compact:delete.retention.ms=1209600000:max.compaction.lag.ms=86400000:compression.type=gzip,STREAMIT_Team-1_DL@ds.uhc.com,apatra6:lreile1:sprasa5:smanand2:agauta14:rkoshaba:eniels1,FULL,HCPFKAFKA-I-128
hcp.tst.data.csp.claim-service-other-payer_archive.v3,*,beam-streamit,*:*,csf-hcp-prod:einc,100,cleanup.policy=compact:delete.retention.ms=1209600000:max.compaction.lag.ms=86400000:compression.type=gzip,STREAMIT_Team-1_DL@ds.uhc.com,apatra6:lreile1:sprasa5:smanand2:agauta14:rkoshaba:eniels1,FULL,HCPFKAFKA-I-128
hcp.tst.data.csp.claim-service-pricing.v1,*,beam-streamit,*:*,csf-hcp-prod:einc,200,cleanup.policy=compact:delete.retention.ms=1209600000:max.compaction.lag.ms=86400000:compression.type=gzip,STREAMIT_Team-1_DL@ds.uhc.com,apatra6:lreile1:sprasa5:smanand2:agauta14:rkoshaba:eniels1,FULL,HCPFKAFKA-I-128
hcp.tst.data.csp.claim-service-pricing.v3,*,beam-streamit,*:*,csf-hcp-prod:einc,200,cleanup.policy=compact:delete.retention.ms=1209600000:max.compaction.lag.ms=86400000:compression.type=gzip,STREAMIT_Team-1_DL@ds.uhc.com,apatra6:lreile1:sprasa5:smanand2:agauta14:rkoshaba:eniels1,FULL,HCPFKAFKA-I-128
hcp.tst.data.csp.claim-service-pricing_archive.v1,*,beam-streamit,*:*,csf-hcp-prod:einc,200,cleanup.policy=compact:delete.retention.ms=1209600000:max.compaction.lag.ms=86400000:compression.type=gzip,STREAMIT_Team-1_DL@ds.uhc.com,apatra6:lreile1:sprasa5:smanand2:agauta14:rkoshaba:eniels1,FULL,HCPFKAFKA-I-128
hcp.tst.data.csp.claim-service-pricing_archive.v3,*,beam-streamit,*:*,csf-hcp-prod:einc,200,cleanup.policy=compact:delete.retention.ms=1209600000:max.compaction.lag.ms=86400000:compression.type=gzip,STREAMIT_Team-1_DL@ds.uhc.com,apatra6:lreile1:sprasa5:smanand2:agauta14:rkoshaba:eniels1,FULL,HCPFKAFKA-I-128
hcp.tst.data.csp.claim-transaction-extn.v1,*,beam-streamit,*,csf-hcp-prod,100,cleanup.policy=compact:delete.retention.ms=1209600000:max.compaction.lag.ms=86400000:compression.type=gzip,STREAMIT_Team-1_DL@ds.uhc.com,apatra6:lreile1:sprasa5:smanand2:agauta14:rkoshaba:eniels1,,HCPFKAFKA-I-128
hcp.tst.data.csp.claim-transaction-extn.v3,*,beam-streamit,*,csf-hcp-prod,100,cleanup.policy=compact:delete.retention.ms=1209600000:max.compaction.lag.ms=86400000:compression.type=gzip,STREAMIT_Team-1_DL@ds.uhc.com,apatra6:lreile1:sprasa5:smanand2:agauta14:rkoshaba:eniels1,FULL,HCPFKAFKA-I-128
hcp.tst.data.csp.claim-transaction-standardized-attribute.v1,*,beam-streamit,*,csf-hcp-prod,100,cleanup.policy=compact:delete.retention.ms=1209600000:max.compaction.lag.ms=86400000:compression.type=gzip,STREAMIT_Team-1_DL@ds.uhc.com,apatra6:lreile1:sprasa5:smanand2:agauta14:rkoshaba:eniels1,,HCPFKAFKA-I-128
hcp.tst.data.csp.claim-transaction-standardized-attribute.v3,*,beam-streamit,*,csf-hcp-prod,100,cleanup.policy=compact:delete.retention.ms=1209600000:max.compaction.lag.ms=86400000:compression.type=gzip,STREAMIT_Team-1_DL@ds.uhc.com,apatra6:lreile1:sprasa5:smanand2:agauta14:rkoshaba:eniels1,FULL,HCPFKAFKA-I-128
hcp.tst.data.csp.claim-transaction-standardized-attribute_archive.v3,*,beam-streamit,*,csf-hcp-prod,100,cleanup.policy=compact:delete.retention.ms=1209600000:max.compaction.lag.ms=86400000:compression.type=gzip,STREAMIT_Team-1_DL@ds.uhc.com,apatra6:lreile1:sprasa5:smanand2:agauta14:rkoshaba:eniels1,FULL,HCPFKAFKA-I-128
hcp.tst.data.csp.claim-transaction-status.v1,*,beam-streamit,*:*,csf-hcp-prod:einc,100,cleanup.policy=compact:delete.retention.ms=1209600000:max.compaction.lag.ms=86400000:compression.type=gzip,STREAMIT_Team-1_DL@ds.uhc.com,apatra6:lreile1:sprasa5:smanand2:agauta14:rkoshaba:eniels1,FULL,HCPFKAFKA-I-128
hcp.tst.data.csp.claim-transaction-status.v3,*,beam-streamit,*:*,csf-hcp-prod:einc,100,cleanup.policy=compact:delete.retention.ms=1209600000:max.compaction.lag.ms=86400000:compression.type=gzip,STREAMIT_Team-1_DL@ds.uhc.com,apatra6:lreile1:sprasa5:smanand2:agauta14:rkoshaba:eniels1,FULL,HCPFKAFKA-I-128
hcp.tst.data.csp.claim-transaction-status_archive.v1,*,beam-streamit,*:*,csf-hcp-prod:einc,100,cleanup.policy=compact:delete.retention.ms=1209600000:max.compaction.lag.ms=86400000:compression.type=gzip,STREAMIT_Team-1_DL@ds.uhc.com,apatra6:lreile1:sprasa5:smanand2:agauta14:rkoshaba:eniels1,FULL,HCPFKAFKA-I-128
hcp.tst.data.csp.claim-transaction-status_archive.v3,*,beam-streamit,*:*,csf-hcp-prod:einc,100,cleanup.policy=compact:delete.retention.ms=1209600000:max.compaction.lag.ms=86400000:compression.type=gzip,STREAMIT_Team-1_DL@ds.uhc.com,apatra6:lreile1:sprasa5:smanand2:agauta14:rkoshaba:eniels1,FULL,HCPFKAFKA-I-128
hcp.tst.data.csp.claim-transaction.v1,*,beam-streamit,*:*:*:*,csf-hcp-prod:einc:csp_claims_ob:oea_cob_rules_analytics,100,cleanup.policy=compact:delete.retention.ms=1209600000:max.compaction.lag.ms=86400000:compression.type=gzip,STREAMIT_Team-1_DL@ds.uhc.com:anubhav_dhuliya@optum.com:ravi_chaudhary@uhg.com:sathishkumar.surendran@optum.com:senthilkumar.ramamoorthy@optum.com,apatra6:lreile1:sprasa5:smanand2:agauta14:rkoshaba:eniels1,FULL,HCPFKAFKA-I-128
hcp.tst.data.csp.claim-transaction.v3.topic2,*,beam-streamit,*:*:*:*:*,csf-hcp-prod:einc:mf_decom:oea_cob_rules_analytics:csp_claims_ob,100,cleanup.policy=compact:delete.retention.ms=1209600000:max.compaction.lag.ms=86400000:compression.type=gzip,STREAMIT_Team-1_DL@ds.uhc.com:anubhav_dhuliya@optum.com:ravi_chaudhary@uhg.com:sathishkumar.surendran@optum.com:senthilkumar.ramamoorthy@optum.com,apatra6:lreile1:sprasa5:smanand2:agauta14:rkoshaba:eniels1,FULL,HCPFKAFKA-I-128
hcp.tst.data.csp.claim-transaction_archive.v1,*,beam-streamit,*:*,csf-hcp-prod:einc,100,cleanup.policy=compact:delete.retention.ms=1209600000:max.compaction.lag.ms=86400000:compression.type=gzip,STREAMIT_Team-1_DL@ds.uhc.com,apatra6:lreile1:sprasa5:smanand2:agauta14:rkoshaba:eniels1,FULL,HCPFKAFKA-I-128
hcp.tst.data.csp.claim-transaction_archive.v3.topic2,*,beam-streamit,*:*,csf-hcp-prod:einc,100,cleanup.policy=compact:delete.retention.ms=1209600000:max.compaction.lag.ms=86400000:compression.type=gzip,STREAMIT_Team-1_DL@ds.uhc.com,apatra6:lreile1:sprasa5:smanand2:agauta14:rkoshaba:eniels1,FULL,HCPFKAFKA-I-128
hcp.tst.data.csp.deadletter.eligibility.v1,*,beam-streamit,*:*,csf-hcp-prod:eligibility-api-consumer-csp,1,cleanup.policy=compact:delete.retention.ms=1209600000:max.compaction.lag.ms=86400000:compression.type=gzip,STREAMIT_Team-1_DL@ds.uhc.com,apatra6:lreile1:sprasa5:smanand2:agauta14:rkoshaba:eniels1,,HCPFKAFKA-I-128
hcp.tst.data.csp.deadletter.eligibility.v3,*,beam-streamit,*:*,csf-hcp-prod:eligibility-api-consumer-csp,1,cleanup.policy=compact:delete.retention.ms=1209600000:max.compaction.lag.ms=86400000:compression.type=gzip,STREAMIT_Team-1_DL@ds.uhc.com,apatra6:lreile1:sprasa5:smanand2:agauta14:rkoshaba:eniels1,FULL,HCPFKAFKA-I-128
hcp.tst.data.csp.deadletter.medicaid-entitlement.v2,*,beam-streamit,*:*,csf-hcp-prod:eligibility-api-consumer-csp,1,cleanup.policy=compact:delete.retention.ms=1209600000:max.compaction.lag.ms=86400000:compression.type=gzip,STREAMIT_Team-1_DL@ds.uhc.com,apatra6:lreile1:sprasa5:smanand2:agauta14:rkoshaba:eniels1,,HCPFKAFKA-I-128
hcp.tst.data.csp.deadletter.medicaid-entitlement.v3,*,beam-streamit,*:*,csf-hcp-prod:eligibility-api-consumer-csp,1,cleanup.policy=compact:delete.retention.ms=1209600000:max.compaction.lag.ms=86400000:compression.type=gzip,STREAMIT_Team-1_DL@ds.uhc.com,apatra6:lreile1:sprasa5:smanand2:agauta14:rkoshaba:eniels1,FULL,HCPFKAFKA-I-128
hcp.tst.data.csp.deadletter.medicaid-entitlement_archive.v2,*,beam-streamit,*:*,csf-hcp-prod:eligibility-api-consumer-csp,1,cleanup.policy=compact:delete.retention.ms=1209600000:max.compaction.lag.ms=86400000:compression.type=gzip,STREAMIT_Team-1_DL@ds.uhc.com,apatra6:lreile1:sprasa5:smanand2:agauta14:rkoshaba:eniels1,,HCPFKAFKA-I-128
hcp.tst.data.csp.deadletter.medicaid-entitlement_archive.v3,*,beam-streamit,*:*,csf-hcp-prod:eligibility-api-consumer-csp,1,cleanup.policy=compact:delete.retention.ms=1209600000:max.compaction.lag.ms=86400000:compression.type=gzip,STREAMIT_Team-1_DL@ds.uhc.com,apatra6:lreile1:sprasa5:smanand2:agauta14:rkoshaba:eniels1,FULL,HCPFKAFKA-I-128
hcp.tst.data.csp.deadletter.membership-cob.v1,*,beam-streamit,*:*,csf-hcp-prod:eligibility-api-consumer-csp,1,cleanup.policy=compact:delete.retention.ms=1209600000:max.compaction.lag.ms=86400000:compression.type=gzip,STREAMIT_Team-1_DL@ds.uhc.com,apatra6:lreile1:sprasa5:smanand2:agauta14:rkoshaba:eniels1,,HCPFKAFKA-I-128
hcp.tst.data.csp.deadletter.membership-cob.v3,*,beam-streamit,*:*,csf-hcp-prod:eligibility-api-consumer-csp,1,cleanup.policy=compact:delete.retention.ms=1209600000:max.compaction.lag.ms=86400000:compression.type=gzip,STREAMIT_Team-1_DL@ds.uhc.com,apatra6:lreile1:sprasa5:smanand2:agauta14:rkoshaba:eniels1,FULL,HCPFKAFKA-I-128
hcp.tst.data.csp.deadletter.membership-cob_archive.v1,*,beam-streamit,*:*,csf-hcp-prod:eligibility-api-consumer-csp,1,cleanup.policy=compact:delete.retention.ms=1209600000:max.compaction.lag.ms=86400000:compression.type=gzip,STREAMIT_Team-1_DL@ds.uhc.com,apatra6:lreile1:sprasa5:smanand2:agauta14:rkoshaba:eniels1,,HCPFKAFKA-I-128
hcp.tst.data.csp.deadletter.membership-cob_archive.v3,*,beam-streamit,*:*,csf-hcp-prod:eligibility-api-consumer-csp,1,cleanup.policy=compact:delete.retention.ms=1209600000:max.compaction.lag.ms=86400000:compression.type=gzip,STREAMIT_Team-1_DL@ds.uhc.com,apatra6:lreile1:sprasa5:smanand2:agauta14:rkoshaba:eniels1,FULL,HCPFKAFKA-I-128
hcp.tst.data.csp.deadletter.membership-pref.v1,*,beam-streamit,*:*,csf-hcp-prod:eligibility-api-consumer-csp,1,cleanup.policy=compact:delete.retention.ms=1209600000:max.compaction.lag.ms=86400000:compression.type=gzip,STREAMIT_Team-1_DL@ds.uhc.com,apatra6:lreile1:sprasa5:smanand2:agauta14:rkoshaba:eniels1,,HCPFKAFKA-I-128
hcp.tst.data.csp.deadletter.membership-pref.v3,*,beam-streamit,*:*,csf-hcp-prod:eligibility-api-consumer-csp,1,cleanup.policy=compact:delete.retention.ms=1209600000:max.compaction.lag.ms=86400000:compression.type=gzip,STREAMIT_Team-1_DL@ds.uhc.com,apatra6:lreile1:sprasa5:smanand2:agauta14:rkoshaba:eniels1,FULL,HCPFKAFKA-I-128
hcp.tst.data.csp.deadletter.membership-pref_archive.v1,*,beam-streamit,*:*,csf-hcp-prod:eligibility-api-consumer-csp,1,cleanup.policy=compact:delete.retention.ms=1209600000:max.compaction.lag.ms=86400000:compression.type=gzip,STREAMIT_Team-1_DL@ds.uhc.com,apatra6:lreile1:sprasa5:smanand2:agauta14:rkoshaba:eniels1,,HCPFKAFKA-I-128
hcp.tst.data.csp.deadletter.membership-pref_archive.v3,*,beam-streamit,*:*,csf-hcp-prod:eligibility-api-consumer-csp,1,cleanup.policy=compact:delete.retention.ms=1209600000:max.compaction.lag.ms=86400000:compression.type=gzip,STREAMIT_Team-1_DL@ds.uhc.com,apatra6:lreile1:sprasa5:smanand2:agauta14:rkoshaba:eniels1,FULL,HCPFKAFKA-I-128
hcp.tst.data.csp.deadletter.membership.v1,*,beam-streamit,*:*,csf-hcp-prod:eligibility-api-consumer-csp,1,cleanup.policy=compact:delete.retention.ms=1209600000:max.compaction.lag.ms=86400000:compression.type=gzip,STREAMIT_Team-1_DL@ds.uhc.com,apatra6:lreile1:sprasa5:smanand2:agauta14:rkoshaba:eniels1,,HCPFKAFKA-I-128
hcp.tst.data.csp.deadletter.membership.v3,*,beam-streamit,*:*,csf-hcp-prod:eligibility-api-consumer-csp,1,cleanup.policy=compact:delete.retention.ms=1209600000:max.compaction.lag.ms=86400000:compression.type=gzip,STREAMIT_Team-1_DL@ds.uhc.com,apatra6:lreile1:sprasa5:smanand2:agauta14:rkoshaba:eniels1,FULL,HCPFKAFKA-I-128
hcp.tst.data.csp.deadletter.membership_archive.v1,*,beam-streamit,*:*,csf-hcp-prod:eligibility-api-consumer-csp,1,cleanup.policy=compact:delete.retention.ms=1209600000:max.compaction.lag.ms=86400000:compression.type=gzip,STREAMIT_Team-1_DL@ds.uhc.com,apatra6:lreile1:sprasa5:smanand2:agauta14:rkoshaba:eniels1,,HCPFKAFKA-I-128
hcp.tst.data.csp.deadletter.membership_archive.v3,*,beam-streamit,*:*,csf-hcp-prod:eligibility-api-consumer-csp,1,cleanup.policy=compact:delete.retention.ms=1209600000:max.compaction.lag.ms=86400000:compression.type=gzip,STREAMIT_Team-1_DL@ds.uhc.com,apatra6:lreile1:sprasa5:smanand2:agauta14:rkoshaba:eniels1,FULL,HCPFKAFKA-I-128
hcp.tst.data.csp.deadletter.provider-selection.v1,*,beam-streamit,*:*,csf-hcp-prod:eligibility-api-consumer-csp,1,cleanup.policy=compact:delete.retention.ms=1209600000:max.compaction.lag.ms=86400000:compression.type=gzip,STREAMIT_Team-1_DL@ds.uhc.com,apatra6:lreile1:sprasa5:smanand2:agauta14:rkoshaba:eniels1,,HCPFKAFKA-I-128
hcp.tst.data.csp.deadletter.provider-selection.v3,*,beam-streamit,*:*,csf-hcp-prod:eligibility-api-consumer-csp,1,cleanup.policy=compact:delete.retention.ms=1209600000:max.compaction.lag.ms=86400000:compression.type=gzip,STREAMIT_Team-1_DL@ds.uhc.com,apatra6:lreile1:sprasa5:smanand2:agauta14:rkoshaba:eniels1,FULL,HCPFKAFKA-I-128
hcp.tst.data.csp.deadletter.provider-selection_archive.v1,*,beam-streamit,*:*,csf-hcp-prod:eligibility-api-consumer-csp,1,cleanup.policy=compact:delete.retention.ms=1209600000:max.compaction.lag.ms=86400000:compression.type=gzip,STREAMIT_Team-1_DL@ds.uhc.com,apatra6:lreile1:sprasa5:smanand2:agauta14:rkoshaba:eniels1,,HCPFKAFKA-I-128
hcp.tst.data.csp.deadletter.provider-selection_archive.v3,*,beam-streamit,*:*,csf-hcp-prod:eligibility-api-consumer-csp,1,cleanup.policy=compact:delete.retention.ms=1209600000:max.compaction.lag.ms=86400000:compression.type=gzip,STREAMIT_Team-1_DL@ds.uhc.com,apatra6:lreile1:sprasa5:smanand2:agauta14:rkoshaba:eniels1,FULL,HCPFKAFKA-I-128
hcp.tst.data.csp.deadletter.source-individual.v1,*,beam-streamit,*:*,csf-hcp-prod:eligibility-api-consumer-csp,1,cleanup.policy=compact:delete.retention.ms=1209600000:max.compaction.lag.ms=86400000:compression.type=gzip,STREAMIT_Team-1_DL@ds.uhc.com,apatra6:lreile1:sprasa5:smanand2:agauta14:rkoshaba:eniels1,,HCPFKAFKA-I-128
hcp.tst.data.csp.deadletter.source-individual.v3,*,beam-streamit,*:*,csf-hcp-prod:eligibility-api-consumer-csp,1,cleanup.policy=compact:delete.retention.ms=1209600000:max.compaction.lag.ms=86400000:compression.type=gzip,STREAMIT_Team-1_DL@ds.uhc.com,apatra6:lreile1:sprasa5:smanand2:agauta14:rkoshaba:eniels1,FULL,HCPFKAFKA-I-128
hcp.tst.data.csp.deadletter.source-individual_archive.v1,*,beam-streamit,*:*,csf-hcp-prod:eligibility-api-consumer-csp,1,cleanup.policy=compact:delete.retention.ms=1209600000:max.compaction.lag.ms=86400000:compression.type=gzip,STREAMIT_Team-1_DL@ds.uhc.com,apatra6:lreile1:sprasa5:smanand2:agauta14:rkoshaba:eniels1,,HCPFKAFKA-I-128
hcp.tst.data.csp.deadletter.source-individual_archive.v3,*,beam-streamit,*:*,csf-hcp-prod:eligibility-api-consumer-csp,1,cleanup.policy=compact:delete.retention.ms=1209600000:max.compaction.lag.ms=86400000:compression.type=gzip,STREAMIT_Team-1_DL@ds.uhc.com,apatra6:lreile1:sprasa5:smanand2:agauta14:rkoshaba:eniels1,FULL,HCPFKAFKA-I-128
hcp.tst.data.csp.eligibility.v1,*,beam-streamit,*:*:*:*:*,csf-hcp-prod:eligibility-api-consumer-csp:ecap:cspfacets-membership-xerox-chngext:eligibility-tn-carrier-extract,100,cleanup.policy=compact:delete.retention.ms=1209600000:max.compaction.lag.ms=86400000:compression.type=gzip,STREAMIT_Team-1_DL@ds.uhc.com:mukherjee_shubhankar@optum.com:adya_jha@optum.com:ankur_goyal@optum.com,apatra6:lreile1:sprasa5:smanand2:agauta14:rkoshaba:eniels1:ajha34:agoyal14:smukhe43,,HCPFKAFKA-I-128
hcp.tst.data.csp.eligibility.v3,*,beam-streamit,*:*:*:*:*:*,csf-hcp-prod:eligibility-api-consumer-csp:ecap:cspfacets-membership-xerox-chngext:eligibility-tn-carrier-extract:imdm-streams,100,cleanup.policy=compact:delete.retention.ms=1209600000:max.compaction.lag.ms=86400000:compression.type=gzip,STREAMIT_Team-1_DL@ds.uhc.com:mukherjee_shubhankar@optum.com:adya_jha@optum.com:ankur_goyal@optum.com:ashok_k_reddy@optum.com,apatra6:lreile1:sprasa5:smanand2:agauta14:rkoshaba:eniels1:ajha34:agoyal14:smukhe43:areddy18,FULL,HCPFKAFKA-I-128
hcp.tst.data.csp.medicaid-entitlement.v2,*,beam-streamit,*:*:*,csf-hcp-prod:eligibility-api-consumer-csp:eligibility-tn-carrier-extract,100,cleanup.policy=compact:delete.retention.ms=1209600000:max.compaction.lag.ms=86400000:compression.type=gzip,STREAMIT_Team-1_DL@ds.uhc.com:mukherjee_shubhankar@optum.com:adya_jha@optum.com:ankur_goyal@optum.com,apatra6:lreile1:sprasa5:smanand2:agauta14:rkoshaba:eniels1:ajha34:agoyal14:smukhe43,,HCPFKAFKA-I-128
hcp.tst.data.csp.medicaid-entitlement.v3,*,beam-streamit,*:*:*,csf-hcp-prod:eligibility-api-consumer-csp:eligibility-tn-carrier-extract,100,cleanup.policy=compact:delete.retention.ms=1209600000:max.compaction.lag.ms=86400000:compression.type=gzip,STREAMIT_Team-1_DL@ds.uhc.com:mukherjee_shubhankar@optum.com:adya_jha@optum.com:ankur_goyal@optum.com,apatra6:lreile1:sprasa5:smanand2:agauta14:rkoshaba:eniels1:ajha34:agoyal14:smukhe43,FULL,HCPFKAFKA-I-128
hcp.tst.data.csp.medicaid-entitlement_archive.v2,*,beam-streamit,*:*,csf-hcp-prod:eligibility-api-consumer-csp,100,cleanup.policy=compact:delete.retention.ms=1209600000:max.compaction.lag.ms=86400000:compression.type=gzip,STREAMIT_Team-1_DL@ds.uhc.com,apatra6:lreile1:sprasa5:smanand2:agauta14:rkoshaba:eniels1,,HCPFKAFKA-I-128
hcp.tst.data.csp.medicaid-entitlement_archive.v3,*,beam-streamit,*:*,csf-hcp-prod:eligibility-api-consumer-csp,100,cleanup.policy=compact:delete.retention.ms=1209600000:max.compaction.lag.ms=86400000:compression.type=gzip,STREAMIT_Team-1_DL@ds.uhc.com,apatra6:lreile1:sprasa5:smanand2:agauta14:rkoshaba:eniels1,FULL,HCPFKAFKA-I-128
hcp.tst.data.csp.membership-cob.v1,*,beam-streamit,*:*:*,csf-hcp-prod:eligibility-api-consumer-csp:eligibility-tn-carrier-extract,32,cleanup.policy=compact:delete.retention.ms=1209600000:max.compaction.lag.ms=86400000:compression.type=gzip,STREAMIT_Team-1_DL@ds.uhc.com:mukherjee_shubhankar@optum.com:adya_jha@optum.com,apatra6:lreile1:sprasa5:smanand2:agauta14:rkoshaba:eniels1:ajha34:agoyal14:smukhe43,,HCPFKAFKA-I-128
hcp.tst.data.csp.membership-cob.v3,*,beam-streamit,*:*:*,csf-hcp-prod:eligibility-api-consumer-csp:eligibility-tn-carrier-extract,32,cleanup.policy=compact:delete.retention.ms=1209600000:max.compaction.lag.ms=86400000:compression.type=gzip,STREAMIT_Team-1_DL@ds.uhc.com:ankur_goyal@optum.com:mukherjee_shubhankar@optum.com:adya_jha@optum.com,apatra6:lreile1:sprasa5:smanand2:agauta14:rkoshaba:eniels1:ajha34:agoyal14:smukhe43,FULL,HCPFKAFKA-I-128
hcp.tst.data.csp.membership-cob_archive.v1,*,beam-streamit,*:*,csf-hcp-prod:eligibility-api-consumer-csp,32,cleanup.policy=compact:delete.retention.ms=1209600000:max.compaction.lag.ms=86400000:compression.type=gzip,STREAMIT_Team-1_DL@ds.uhc.com,apatra6:lreile1:sprasa5:smanand2:agauta14:rkoshaba:eniels1,,HCPFKAFKA-I-128
hcp.tst.data.csp.membership-cob_archive.v3,*,beam-streamit,*:*,csf-hcp-prod:eligibility-api-consumer-csp,32,cleanup.policy=compact:delete.retention.ms=1209600000:max.compaction.lag.ms=86400000:compression.type=gzip,STREAMIT_Team-1_DL@ds.uhc.com,apatra6:lreile1:sprasa5:smanand2:agauta14:rkoshaba:eniels1,FULL,HCPFKAFKA-I-128
hcp.tst.data.csp.membership-pref.v1,*,beam-streamit,*:*,csf-hcp-prod:eligibility-api-consumer-csp,1,cleanup.policy=compact:delete.retention.ms=1209600000:max.compaction.lag.ms=86400000:compression.type=gzip,STREAMIT_Team-1_DL@ds.uhc.com,apatra6:lreile1:sprasa5:smanand2:agauta14:rkoshaba:eniels1,,HCPFKAFKA-I-128
hcp.tst.data.csp.membership-pref.v3,*,beam-streamit,*:*:*,csf-hcp-prod:eligibility-api-consumer-csp:c360-eas-streams,1,cleanup.policy=compact:delete.retention.ms=1209600000:max.compaction.lag.ms=86400000:compression.type=gzip,STREAMIT_Team-1_DL@ds.uhc.com,apatra6:lreile1:sprasa5:smanand2:agauta14:rkoshaba:eniels1,FULL,HCPFKAFKA-I-128
hcp.tst.data.csp.membership-pref_archive.v1,*,beam-streamit,*:*,csf-hcp-prod:eligibility-api-consumer-csp,1,cleanup.policy=compact:delete.retention.ms=1209600000:max.compaction.lag.ms=86400000:compression.type=gzip,STREAMIT_Team-1_DL@ds.uhc.com,apatra6:lreile1:sprasa5:smanand2:agauta14:rkoshaba:eniels1,,HCPFKAFKA-I-128
hcp.tst.data.csp.membership-pref_archive.v3,*,beam-streamit,*:*,csf-hcp-prod:eligibility-api-consumer-csp,1,cleanup.policy=compact:delete.retention.ms=1209600000:max.compaction.lag.ms=86400000:compression.type=gzip,STREAMIT_Team-1_DL@ds.uhc.com,apatra6:lreile1:sprasa5:smanand2:agauta14:rkoshaba:eniels1,FULL,HCPFKAFKA-I-128
hcp.tst.data.csp.membership.v1,*,beam-streamit,*:*,csf-hcp-prod:eligibility-api-consumer-csp,50,cleanup.policy=compact:delete.retention.ms=1209600000:max.compaction.lag.ms=86400000:compression.type=gzip,STREAMIT_Team-1_DL@ds.uhc.com,apatra6:lreile1:sprasa5:smanand2:agauta14:rkoshaba:eniels1,,HCPFKAFKA-I-128
hcp.tst.data.csp.membership.v3,*,beam-streamit,*:*:*,csf-hcp-prod:eligibility-api-consumer-csp:c360-eas-streams,50,cleanup.policy=compact:delete.retention.ms=1209600000:max.compaction.lag.ms=86400000:compression.type=gzip,STREAMIT_Team-1_DL@ds.uhc.com,apatra6:lreile1:sprasa5:smanand2:agauta14:rkoshaba:eniels1,FULL,HCPFKAFKA-I-128
hcp.tst.data.csp.membership_archive.v1,*,beam-streamit,*:*,csf-hcp-prod:eligibility-api-consumer-csp,50,cleanup.policy=compact:delete.retention.ms=1209600000:max.compaction.lag.ms=86400000:compression.type=gzip,STREAMIT_Team-1_DL@ds.uhc.com,apatra6:lreile1:sprasa5:smanand2:agauta14:rkoshaba:eniels1,,HCPFKAFKA-I-128
hcp.tst.data.csp.membership_archive.v3,*,beam-streamit,*:*,csf-hcp-prod:eligibility-api-consumer-csp,50,cleanup.policy=compact:delete.retention.ms=1209600000:max.compaction.lag.ms=86400000:compression.type=gzip,STREAMIT_Team-1_DL@ds.uhc.com,apatra6:lreile1:sprasa5:smanand2:agauta14:rkoshaba:eniels1,FULL,HCPFKAFKA-I-128
hcp.tst.data.csp.provider-selection.v1,*,beam-streamit,*:*:*,csf-hcp-prod:eligibility-api-consumer-csp:ecap,100,cleanup.policy=compact:delete.retention.ms=1209600000:max.compaction.lag.ms=86400000:compression.type=gzip,STREAMIT_Team-1_DL@ds.uhc.com,apatra6:lreile1:sprasa5:smanand2:agauta14:rkoshaba:eniels1,,HCPFKAFKA-I-128
hcp.tst.data.csp.provider-selection.v3,*,beam-streamit,*:*:*,csf-hcp-prod:eligibility-api-consumer-csp:ecap,100,cleanup.policy=compact:delete.retention.ms=1209600000:max.compaction.lag.ms=86400000:compression.type=gzip,STREAMIT_Team-1_DL@ds.uhc.com,apatra6:lreile1:sprasa5:smanand2:agauta14:rkoshaba:eniels1,FULL,HCPFKAFKA-I-128
hcp.tst.data.csp.provider-selection_archive.v1,*,beam-streamit,*:*,csf-hcp-prod:eligibility-api-consumer-csp,100,cleanup.policy=compact:delete.retention.ms=1209600000:max.compaction.lag.ms=86400000:compression.type=gzip,STREAMIT_Team-1_DL@ds.uhc.com,apatra6:lreile1:sprasa5:smanand2:agauta14:rkoshaba:eniels1,,HCPFKAFKA-I-128
hcp.tst.data.csp.provider-selection_archive.v3,*,beam-streamit,*:*,csf-hcp-prod:eligibility-api-consumer-csp,100,cleanup.policy=compact:delete.retention.ms=1209600000:max.compaction.lag.ms=86400000:compression.type=gzip,STREAMIT_Team-1_DL@ds.uhc.com,apatra6:lreile1:sprasa5:smanand2:agauta14:rkoshaba:eniels1,FULL,HCPFKAFKA-I-128
hcp.tst.data.csp.provider.v1,*,beam-streamit,*,csf-hcp-prod,100,cleanup.policy=compact:delete.retention.ms=1209600000:max.compaction.lag.ms=86400000:compression.type=gzip,STREAMIT_Team-1_DL@ds.uhc.com,apatra6:lreile1:sprasa5:smanand2:agauta14:rkoshaba:eniels1,,HCPFKAFKA-I-128
hcp.tst.data.csp.provider.v3,*,beam-streamit,*,csf-hcp-prod,100,cleanup.policy=compact:delete.retention.ms=1209600000:max.compaction.lag.ms=86400000:compression.type=gzip,STREAMIT_Team-1_DL@ds.uhc.com,apatra6:lreile1:sprasa5:smanand2:agauta14:rkoshaba:eniels1,FULL,HCPFKAFKA-I-128
hcp.tst.data.csp.provider_archive.v1,*,beam-streamit,*,csf-hcp-prod,100,cleanup.policy=compact:delete.retention.ms=1209600000:max.compaction.lag.ms=86400000:compression.type=gzip,STREAMIT_Team-1_DL@ds.uhc.com,apatra6:lreile1:sprasa5:smanand2:agauta14:rkoshaba:eniels1,,HCPFKAFKA-I-128
hcp.tst.data.csp.provider_archive.v3,*,beam-streamit,*,csf-hcp-prod,100,cleanup.policy=compact:delete.retention.ms=1209600000:max.compaction.lag.ms=86400000:compression.type=gzip,STREAMIT_Team-1_DL@ds.uhc.com,apatra6:lreile1:sprasa5:smanand2:agauta14:rkoshaba:eniels1,FULL,HCPFKAFKA-I-128
hcp.tst.data.csp.provider-cap.v1,*,beam-streamit,*,csf-hcp-prod,8,cleanup.policy=compact:delete.retention.ms=1209600000:max.compaction.lag.ms=86400000:compression.type=gzip,STREAMIT_Team-1_DL@ds.uhc.com,apatra6:lreile1:sprasa5:smanand2:agauta14:rkoshaba:eniels1,,HCPFKAFKA-I-128
hcp.tst.data.csp.provider-cap.v3,*,beam-streamit,*:*,csf-hcp-prod:pdp-pes-nonprod,8,cleanup.policy=compact:delete.retention.ms=1209600001:max.compaction.lag.ms=86400000:compression.type=gzip,STREAMIT_Team-1_DL@ds.uhc.com,apatra6:lreile1:sprasa5:smanand2:agauta14:rkoshaba:eniels1,FULL,HCPFKAFKA-I-128
hcp.tst.data.csp.service-adjudication-group.v1,*,beam-streamit,*,csf-hcp-prod,200,cleanup.policy=compact:delete.retention.ms=1209600000:max.compaction.lag.ms=86400000:compression.type=gzip,STREAMIT_Team-1_DL@ds.uhc.com,apatra6:lreile1:sprasa5:smanand2:agauta14:rkoshaba:eniels1,,HCPFKAFKA-I-128
hcp.tst.data.csp.service-adjudication-group.v3,*,beam-streamit,*,csf-hcp-prod,200,cleanup.policy=compact:delete.retention.ms=1209600000:max.compaction.lag.ms=86400000:compression.type=gzip,STREAMIT_Team-1_DL@ds.uhc.com,apatra6:lreile1:sprasa5:smanand2:agauta14:rkoshaba:eniels1,FULL,HCPFKAFKA-I-128
hcp.tst.data.csp.service-adjudication-group_archive.v1,*,beam-streamit,*,csf-hcp-prod,200,cleanup.policy=compact:delete.retention.ms=1209600000:max.compaction.lag.ms=86400000:compression.type=gzip,STREAMIT_Team-1_DL@ds.uhc.com,apatra6:lreile1:sprasa5:smanand2:agauta14:rkoshaba:eniels1,,HCPFKAFKA-I-128
hcp.tst.data.csp.service-adjudication-group_archive.v3,*,beam-streamit,*,csf-hcp-prod,200,cleanup.policy=compact:delete.retention.ms=1209600000:max.compaction.lag.ms=86400000:compression.type=gzip,STREAMIT_Team-1_DL@ds.uhc.com,apatra6:lreile1:sprasa5:smanand2:agauta14:rkoshaba:eniels1,FULL,HCPFKAFKA-I-128
hcp.tst.data.csp.source-individual.v1,*,beam-streamit,*:*,csf-hcp-prod:eligibility-api-consumer-csp,32,cleanup.policy=compact:delete.retention.ms=1209600000:max.compaction.lag.ms=86400000:compression.type=gzip,STREAMIT_Team-1_DL@ds.uhc.com,apatra6:lreile1:sprasa5:smanand2:agauta14:rkoshaba:eniels1,,HCPFKAFKA-I-128
hcp.tst.data.csp.source-individual.v3,*,beam-streamit,*:*,csf-hcp-prod:eligibility-api-consumer-csp,32,cleanup.policy=compact:delete.retention.ms=1209600000:max.compaction.lag.ms=86400000:compression.type=gzip,STREAMIT_Team-1_DL@ds.uhc.com,apatra6:lreile1:sprasa5:smanand2:agauta14:rkoshaba:eniels1,FULL,HCPFKAFKA-I-128
hcp.tst.data.csp.source-individual_archive.v1,*,beam-streamit,*:*,csf-hcp-prod:eligibility-api-consumer-csp,32,cleanup.policy=compact:delete.retention.ms=1209600000:max.compaction.lag.ms=86400000:compression.type=gzip,STREAMIT_Team-1_DL@ds.uhc.com,apatra6:lreile1:sprasa5:smanand2:agauta14:rkoshaba:eniels1,,HCPFKAFKA-I-128
hcp.tst.data.csp.source-individual_archive.v3,*,beam-streamit,*:*,csf-hcp-prod:eligibility-api-consumer-csp,32,cleanup.policy=compact:delete.retention.ms=1209600000:max.compaction.lag.ms=86400000:compression.type=gzip,STREAMIT_Team-1_DL@ds.uhc.com,apatra6:lreile1:sprasa5:smanand2:agauta14:rkoshaba:eniels1,FULL,HCPFKAFKA-I-128
hcp.tst.data.csp.streamit-security.v1,*,beam-streamit,*,csf-hcp-prod,1,cleanup.policy=compact:delete.retention.ms=1209600000:max.compaction.lag.ms=86400000:compression.type=gzip,STREAMIT_Team-1_DL@ds.uhc.com,apatra6:lreile1:sprasa5:smanand2:agauta14:rkoshaba:eniels1,,HCPFKAFKA-I-128
hcp.tst.data.csp.streamit-security.v3,*,beam-streamit,*,csf-hcp-prod,1,cleanup.policy=compact:delete.retention.ms=1209600000:max.compaction.lag.ms=86400000:compression.type=gzip,STREAMIT_Team-1_DL@ds.uhc.com,apatra6:lreile1:sprasa5:smanand2:agauta14:rkoshaba:eniels1,FULL,HCPFKAFKA-I-128
hcp.tst.data.csp.ecap-benefit.v3,*,beam-streamit,*:*,csf-hcp-prod:ecap_tst,1,cleanup.policy=compact:delete.retention.ms=1209600001:max.compaction.lag.ms=86400000:compression.type=gzip,STREAMIT_Team-1_DL@ds.uhc.com:ECapSSS_DL@ds.uhc.com,apatra6:lreile1:sprasa5:smanand2:agauta14:rkoshaba:eniels1,FULL,HCPFKAFKA-I-128
hcp.tst.data.csp.benefit-administration.v1,*,beam-streamit,*,csf-hcp-prod,32,cleanup.policy=compact:delete.retention.ms=1209600000:max.compaction.lag.ms=86400000:compression.type=gzip,STREAMIT_Team-1_DL@ds.uhc.com,apatra6:lreile1:sprasa5:smanand2:agauta14:rkoshaba:eniels1,,HCPFKAFKA-I-128
hcp.tst.data.csp.benefit-administration.v3,*,beam-streamit,*,csf-hcp-prod,32,cleanup.policy=compact:delete.retention.ms=1209600001:max.compaction.lag.ms=86400000:compression.type=gzip,STREAMIT_Team-1_DL@ds.uhc.com,apatra6:lreile1:sprasa5:smanand2:agauta14:rkoshaba:eniels1,FULL,HCPFKAFKA-I-128
hcp.tst.data.csp.product-component.v3,*,beam-streamit,*,csf-hcp-prod,1,cleanup.policy=compact:delete.retention.ms=1209600000:max.compaction.lag.ms=86400000:compression.type=gzip,STREAMIT_Team-1_DL@ds.uhc.com,apatra6:lreile1:sprasa5:smanand2:agauta14:rkoshaba:eniels1,FULL,HCPFKAFKA-I-128
hcp.tst.data.csp.provider-selection.v3.topic2,*,beam-streamit,*:*:*,csf-hcp-prod:eligibility-api-consumer-csp:ecap,100,cleanup.policy=compact:delete.retention.ms=1209600000:max.compaction.lag.ms=86400000:compression.type=gzip,STREAMIT_Team-1_DL@ds.uhc.com,apatra6:lreile1:sprasa5:smanand2:agauta14:rkoshaba:eniels1,FULL,HCPFKAFKA-I-128
