topic,producer_hosts,producer_cn,consumer_hosts,consumer_cn,partitions,config,email,ms-id,compatibility
hcp-eligibility.ATTPROD.CDBV2.F6435DBP.BIL_DTL_COV,*,beam-hcp,*,ebaas-hcp-cdb-prod,10,cleanup.policy=compact:delete.retention.ms=1209600000:max.compaction.lag.ms=86400000:compression.type=gzip,michael.a.schlosser@optum.com:timothy.drahn@optum.com:joseph.gunvalson@optum.com,mschlos2:tdrahn:jgunvals,FULL
hcp-eligibility.ATTPROD.CDBV2.F6435DBP.CANCEL_RSN_TYP,*,beam-hcp,*,ebaas-hcp-cdb-prod,1,cleanup.policy=compact:delete.retention.ms=1209600000:max.compaction.lag.ms=86400000:compression.type=gzip,michael.a.schlosser@optum.com:timothy.drahn@optum.com:joseph.gunvalson@optum.com,mschlos2:tdrahn:jgunvals,FULL
hcp-eligibility.ATTPROD.CDBV2.F6435DBP.CDB_FLTR,*,beam-hcp,*,ebaas-hcp-cdb-prod,10,cleanup.policy=compact:delete.retention.ms=1209600000:max.compaction.lag.ms=86400000:compression.type=gzip,michael.a.schlosser@optum.com:timothy.drahn@optum.com:joseph.gunvalson@optum.com,mschlos2:tdrahn:jgunvals,FULL
hcp-eligibility.ATTPROD.CDBV2.F6435DBP.CDB_MBR_POPULATION,*,beam-hcp,*,ebaas-hcp-cdb-prod,50,cleanup.policy=compact:delete.retention.ms=1209600000:max.compaction.lag.ms=86400000:compression.type=gzip,michael.a.schlosser@optum.com:timothy.drahn@optum.com:joseph.gunvalson@optum.com,mschlos2:tdrahn:jgunvals,FULL
hcp-eligibility.ATTPROD.CDBV2.F6435DBP.CLM_DIAG_PSTN_TYP,*,beam-hcp,*,ebaas-hcp-cdb-prod,1,cleanup.policy=compact:delete.retention.ms=1209600000:max.compaction.lag.ms=86400000:compression.type=gzip,michael.a.schlosser@optum.com:timothy.drahn@optum.com:joseph.gunvalson@optum.com,mschlos2:tdrahn:jgunvals,FULL
hcp-eligibility.ATTPROD.CDBV2.F6435DBP.CNSM_ATR,*,beam-hcp,*,ebaas-hcp-cdb-prod,10,cleanup.policy=compact:delete.retention.ms=1209600000:max.compaction.lag.ms=86400000:compression.type=gzip,michael.a.schlosser@optum.com:timothy.drahn@optum.com:joseph.gunvalson@optum.com,mschlos2:tdrahn:jgunvals,FULL
hcp-eligibility.ATTPROD.CDBV2.F6435DBP.CNSM_AUTH_REP,*,beam-hcp,*,ebaas-hcp-cdb-prod,20,cleanup.policy=compact:delete.retention.ms=1209600000:max.compaction.lag.ms=86400000:compression.type=gzip,michael.a.schlosser@optum.com:timothy.drahn@optum.com:joseph.gunvalson@optum.com,mschlos2:tdrahn:jgunvals,FULL
hcp-eligibility.ATTPROD.CDBV2.F6435DBP.CNSM_BRKR_ENTY,*,beam-hcp,*,ebaas-hcp-cdb-prod,10,cleanup.policy=compact:delete.retention.ms=1209600000:max.compaction.lag.ms=86400000:compression.type=gzip,michael.a.schlosser@optum.com:timothy.drahn@optum.com:joseph.gunvalson@optum.com,mschlos2:tdrahn:jgunvals,FULL
hcp-eligibility.ATTPROD.CDBV2.F6435DBP.CNSM_CAL,*,beam-hcp,*,ebaas-hcp-cdb-prod,20,cleanup.policy=compact:delete.retention.ms=1209600000:max.compaction.lag.ms=86400000:compression.type=gzip,michael.a.schlosser@optum.com:timothy.drahn@optum.com:joseph.gunvalson@optum.com,mschlos2:tdrahn:jgunvals,FULL
hcp-eligibility.ATTPROD.CDBV2.F6435DBP.CNSM_CMNCT_MECH,*,beam-hcp,*,ebaas-hcp-cdb-prod,4,cleanup.policy=compact:delete.retention.ms=1209600000:max.compaction.lag.ms=86400000:compression.type=gzip,michael.a.schlosser@optum.com:timothy.drahn@optum.com:joseph.gunvalson@optum.com,mschlos2:tdrahn:jgunvals,FULL
hcp-eligibility.ATTPROD.CDBV2.F6435DBP.CNSM_CNTC_PREF,*,beam-hcp,*,ebaas-hcp-cdb-prod,10,cleanup.policy=compact:delete.retention.ms=1209600000:max.compaction.lag.ms=86400000:compression.type=gzip,michael.a.schlosser@optum.com:timothy.drahn@optum.com:joseph.gunvalson@optum.com,mschlos2:tdrahn:jgunvals,FULL
hcp-eligibility.ATTPROD.CDBV2.F6435DBP.CNSM_COB_ACC_DIAG,*,beam-hcp,*,ebaas-hcp-cdb-prod,1,cleanup.policy=compact:delete.retention.ms=1209600000:max.compaction.lag.ms=86400000:compression.type=gzip,michael.a.schlosser@optum.com:timothy.drahn@optum.com:joseph.gunvalson@optum.com,mschlos2:tdrahn:jgunvals,FULL
hcp-eligibility.ATTPROD.CDBV2.F6435DBP.CNSM_COB_PRIMACY,*,beam-hcp,*,ebaas-hcp-cdb-prod,20,cleanup.policy=compact:delete.retention.ms=1209600000:max.compaction.lag.ms=86400000:compression.type=gzip,timothy.drahn@optum.com:michael.a.schlosser@optum.com:joseph.gunvalson@optum.com,tdrahn:mschlos2:jgunvals,FULL
hcp-eligibility.ATTPROD.CDBV2.F6435DBP.CNSM_COB_PRISEC,*,beam-hcp,*,ebaas-hcp-cdb-prod,20,cleanup.policy=compact:delete.retention.ms=1209600000:max.compaction.lag.ms=86400000:compression.type=gzip,michael.a.schlosser@optum.com:timothy.drahn@optum.com:joseph.gunvalson@optum.com,mschlos2:tdrahn:jgunvals,FULL
hcp-eligibility.ATTPROD.CDBV2.F6435DBP.CNSM_COMMT,*,beam-hcp,*,ebaas-hcp-cdb-prod,10,cleanup.policy=compact:delete.retention.ms=1209600000:max.compaction.lag.ms=86400000:compression.type=gzip,michael.a.schlosser@optum.com:timothy.drahn@optum.com:joseph.gunvalson@optum.com,mschlos2:tdrahn:jgunvals,FULL
hcp-eligibility.ATTPROD.CDBV2.F6435DBP.CNSM_CORSP_PREF,*,beam-hcp,*,ebaas-hcp-cdb-prod,10,cleanup.policy=compact:delete.retention.ms=1209600000:max.compaction.lag.ms=86400000:compression.type=gzip,michael.a.schlosser@optum.com:timothy.drahn@optum.com:joseph.gunvalson@optum.com,mschlos2:tdrahn:jgunvals,FULL
hcp-eligibility.ATTPROD.CDBV2.F6435DBP.CNSM_COV_CUST_DEFN_FLD,*,beam-hcp,*,ebaas-hcp-cdb-prod,100,cleanup.policy=compact:delete.retention.ms=1209600000:max.compaction.lag.ms=86400000:compression.type=gzip,michael.a.schlosser@optum.com:timothy.drahn@optum.com:joseph.gunvalson@optum.com,mschlos2:tdrahn:jgunvals,FULL
hcp-eligibility.ATTPROD.CDBV2.F6435DBP.CNSM_CPTIN_STS,*,beam-hcp,*,ebaas-hcp-cdb-prod,10,cleanup.policy=compact:delete.retention.ms=1209600000:max.compaction.lag.ms=86400000:compression.type=gzip,michael.a.schlosser@optum.com:timothy.drahn@optum.com:joseph.gunvalson@optum.com,mschlos2:tdrahn:jgunvals,FULL
hcp-eligibility.ATTPROD.CDBV2.F6435DBP.CNSM_CUST_DEFN_FLD,*,beam-hcp,*,ebaas-hcp-cdb-prod,20,cleanup.policy=compact:delete.retention.ms=1209600000:max.compaction.lag.ms=86400000:compression.type=gzip,michael.a.schlosser@optum.com:timothy.drahn@optum.com:joseph.gunvalson@optum.com,mschlos2:tdrahn:jgunvals,FULL
hcp-eligibility.ATTPROD.CDBV2.F6435DBP.CNSM_DEMO,*,beam-hcp,*,ebaas-hcp-cdb-prod,10,cleanup.policy=compact:delete.retention.ms=1209600000:max.compaction.lag.ms=86400000:compression.type=gzip,timothy.drahn@optum.com:michael.a.schlosser@optum.com:joseph.gunvalson@optum.com,tdrahn:mschlos2:jgunvals,FULL
hcp-eligibility.ATTPROD.CDBV2.F6435DBP.CNSM_DOC_CTL,*,beam-hcp,*,ebaas-hcp-cdb-prod,20,cleanup.policy=compact:delete.retention.ms=1209600000:max.compaction.lag.ms=86400000:compression.type=gzip,michael.a.schlosser@optum.com:timothy.drahn@optum.com:joseph.gunvalson@optum.com,mschlos2:tdrahn:jgunvals,FULL
hcp-eligibility.ATTPROD.CDBV2.F6435DBP.CNSM_DOC_REQ,*,beam-hcp,*,ebaas-hcp-cdb-prod,20,cleanup.policy=compact:delete.retention.ms=1209600000:max.compaction.lag.ms=86400000:compression.type=gzip,michael.a.schlosser@optum.com:timothy.drahn@optum.com:joseph.gunvalson@optum.com,mschlos2:tdrahn:jgunvals,FULL
hcp-eligibility.ATTPROD.CDBV2.F6435DBP.CNSM_DOC_SPRS,*,beam-hcp,*,ebaas-hcp-cdb-prod,20,cleanup.policy=compact:delete.retention.ms=1209600000:max.compaction.lag.ms=86400000:compression.type=gzip,michael.a.schlosser@optum.com:timothy.drahn@optum.com:joseph.gunvalson@optum.com,mschlos2:tdrahn:jgunvals,FULL
hcp-eligibility.ATTPROD.CDBV2.F6435DBP.CNSM_DTL,*,beam-hcp,*,ebaas-hcp-cdb-prod,10,cleanup.policy=compact:delete.retention.ms=1209600000:max.compaction.lag.ms=86400000:compression.type=gzip,michael.a.schlosser@optum.com:timothy.drahn@optum.com:joseph.gunvalson@optum.com,mschlos2:tdrahn:jgunvals,FULL
hcp-eligibility.ATTPROD.CDBV2.F6435DBP.CNSM_EFT,*,beam-hcp,*,ebaas-hcp-cdb-prod,10,cleanup.policy=compact:delete.retention.ms=1209600000:max.compaction.lag.ms=86400000:compression.type=gzip,michael.a.schlosser@optum.com:timothy.drahn@optum.com:joseph.gunvalson@optum.com,mschlos2:tdrahn:jgunvals,FULL
hcp-eligibility.ATTPROD.CDBV2.F6435DBP.CNSM_EMPL_ID,*,beam-hcp,*,ebaas-hcp-cdb-prod,10,cleanup.policy=compact:delete.retention.ms=1209600000:max.compaction.lag.ms=86400000:compression.type=gzip,michael.a.schlosser@optum.com:timothy.drahn@optum.com:joseph.gunvalson@optum.com,mschlos2:tdrahn:jgunvals,FULL
hcp-eligibility.ATTPROD.CDBV2.F6435DBP.CNSM_ETHNC_SEL,*,beam-hcp,*,ebaas-hcp-cdb-prod,10,cleanup.policy=compact:delete.retention.ms=1209600000:max.compaction.lag.ms=86400000:compression.type=gzip,michael.a.schlosser@optum.com:timothy.drahn@optum.com:joseph.gunvalson@optum.com,mschlos2:tdrahn:jgunvals,FULL
hcp-eligibility.ATTPROD.CDBV2.F6435DBP.CNSM_HPLN_LANG_PRF,*,beam-hcp,*,ebaas-hcp-cdb-prod,20,cleanup.policy=compact:delete.retention.ms=1209600000:max.compaction.lag.ms=86400000:compression.type=gzip,michael.a.schlosser@optum.com:timothy.drahn@optum.com:joseph.gunvalson@optum.com,mschlos2:tdrahn:jgunvals,FULL
hcp-eligibility.ATTPROD.CDBV2.F6435DBP.CNSM_INDIRECT_ETHNC_SEL,*,beam-hcp,*,ebaas-hcp-cdb-prod,10,cleanup.policy=compact:delete.retention.ms=1209600000:max.compaction.lag.ms=86400000:compression.type=gzip,michael.a.schlosser@optum.com:timothy.drahn@optum.com:joseph.gunvalson@optum.com,mschlos2:tdrahn:jgunvals,FULL
hcp-eligibility.ATTPROD.CDBV2.F6435DBP.CNSM_INDIRECT_LANG_PREF,*,beam-hcp,*,ebaas-hcp-cdb-prod,20,cleanup.policy=compact:delete.retention.ms=1209600000:max.compaction.lag.ms=86400000:compression.type=gzip,michael.a.schlosser@optum.com:timothy.drahn@optum.com:joseph.gunvalson@optum.com,mschlos2:tdrahn:jgunvals,FULL
hcp-eligibility.ATTPROD.CDBV2.F6435DBP.CNSM_INDIRECT_RACE_SEL,*,beam-hcp,*,ebaas-hcp-cdb-prod,20,cleanup.policy=compact:delete.retention.ms=1209600000:max.compaction.lag.ms=86400000:compression.type=gzip,michael.a.schlosser@optum.com:timothy.drahn@optum.com:joseph.gunvalson@optum.com,mschlos2:tdrahn:jgunvals,FULL
hcp-eligibility.ATTPROD.CDBV2.F6435DBP.CNSM_LAB_INFO,*,beam-hcp,*,ebaas-hcp-cdb-prod,10,cleanup.policy=compact:delete.retention.ms=1209600000:max.compaction.lag.ms=86400000:compression.type=gzip,michael.a.schlosser@optum.com:timothy.drahn@optum.com:joseph.gunvalson@optum.com,mschlos2:tdrahn:jgunvals,FULL
hcp-eligibility.ATTPROD.CDBV2.F6435DBP.CNSM_LANG_PREF,*,beam-hcp,*,ebaas-hcp-cdb-prod,10,cleanup.policy=compact:delete.retention.ms=1209600000:max.compaction.lag.ms=86400000:compression.type=gzip,michael.a.schlosser@optum.com:timothy.drahn@optum.com:joseph.gunvalson@optum.com,mschlos2:tdrahn:jgunvals,FULL
hcp-eligibility.ATTPROD.CDBV2.F6435DBP.CNSM_MBR_LYLTY_ACK,*,beam-hcp,*,ebaas-hcp-cdb-prod,10,cleanup.policy=compact:delete.retention.ms=1209600000:max.compaction.lag.ms=86400000:compression.type=gzip,michael.a.schlosser@optum.com:timothy.drahn@optum.com:joseph.gunvalson@optum.com,mschlos2:tdrahn:jgunvals,FULL
hcp-eligibility.ATTPROD.CDBV2.F6435DBP.CNSM_MDCR_ELIG,*,beam-hcp,*,ebaas-hcp-cdb-prod,20,cleanup.policy=compact:delete.retention.ms=1209600000:max.compaction.lag.ms=86400000:compression.type=gzip,timothy.drahn@optum.com:michael.a.schlosser@optum.com:joseph.gunvalson@optum.com,tdrahn:mschlos2:jgunvals,FULL
hcp-eligibility.ATTPROD.CDBV2.F6435DBP.CNSM_MDCR_ENRL,*,beam-hcp,*,ebaas-hcp-cdb-prod,20,cleanup.policy=compact:delete.retention.ms=1209600000:max.compaction.lag.ms=86400000:compression.type=gzip,timothy.drahn@optum.com:michael.a.schlosser@optum.com:joseph.gunvalson@optum.com,tdrahn:mschlos2:jgunvals,FULL
hcp-eligibility.ATTPROD.CDBV2.F6435DBP.CNSM_MDCR_ENTL,*,beam-hcp,*,ebaas-hcp-cdb-prod,20,cleanup.policy=compact:delete.retention.ms=1209600000:max.compaction.lag.ms=86400000:compression.type=gzip,timothy.drahn@optum.com:michael.a.schlosser@optum.com:joseph.gunvalson@optum.com,tdrahn:mschlos2:jgunvals,FULL
hcp-eligibility.ATTPROD.CDBV2.F6435DBP.CNSM_MDCR_PRIMACY,*,beam-hcp,*,ebaas-hcp-cdb-prod,20,cleanup.policy=compact:delete.retention.ms=1209600000:max.compaction.lag.ms=86400000:compression.type=gzip,timothy.drahn@optum.com:michael.a.schlosser@optum.com:joseph.gunvalson@optum.com,tdrahn:mschlos2:jgunvals,FULL
hcp-eligibility.ATTPROD.CDBV2.F6435DBP.CNSM_MDCR_PRISEC,*,beam-hcp,*,ebaas-hcp-cdb-prod,20,cleanup.policy=compact:delete.retention.ms=1209600000:max.compaction.lag.ms=86400000:compression.type=gzip,michael.a.schlosser@optum.com:timothy.drahn@optum.com:joseph.gunvalson@optum.com,mschlos2:tdrahn:jgunvals,FULL
hcp-eligibility.ATTPROD.CDBV2.F6435DBP.CNSM_OTHR_INS,*,beam-hcp,*,ebaas-hcp-cdb-prod,50,cleanup.policy=compact:delete.retention.ms=1209600000:max.compaction.lag.ms=86400000:compression.type=gzip,timothy.drahn@optum.com:michael.a.schlosser@optum.com:joseph.gunvalson@optum.com,tdrahn:mschlos2:jgunvals,FULL
hcp-eligibility.ATTPROD.CDBV2.F6435DBP.CNSM_POL_AMT,*,beam-hcp,*,ebaas-hcp-cdb-prod,20,cleanup.policy=compact:delete.retention.ms=1209600000:max.compaction.lag.ms=86400000:compression.type=gzip,michael.a.schlosser@optum.com:timothy.drahn@optum.com:joseph.gunvalson@optum.com,mschlos2:tdrahn:jgunvals,FULL
hcp-eligibility.ATTPROD.CDBV2.F6435DBP.CNSM_PRXST_COND,*,beam-hcp,*,ebaas-hcp-cdb-prod,10,cleanup.policy=compact:delete.retention.ms=1209600000:max.compaction.lag.ms=86400000:compression.type=gzip,michael.a.schlosser@optum.com:timothy.drahn@optum.com:joseph.gunvalson@optum.com,mschlos2:tdrahn:jgunvals,FULL
hcp-eligibility.ATTPROD.CDBV2.F6435DBP.CNSM_RACE_SEL,*,beam-hcp,*,ebaas-hcp-cdb-prod,10,cleanup.policy=compact:delete.retention.ms=1209600000:max.compaction.lag.ms=86400000:compression.type=gzip,michael.a.schlosser@optum.com:timothy.drahn@optum.com:joseph.gunvalson@optum.com,mschlos2:tdrahn:jgunvals,FULL
hcp-eligibility.ATTPROD.CDBV2.F6435DBP.CNSM_SLRY_BAS_DED_OOP,*,beam-hcp,*,ebaas-hcp-cdb-prod,10,cleanup.policy=compact:delete.retention.ms=1209600000:max.compaction.lag.ms=86400000:compression.type=gzip,michael.a.schlosser@optum.com:timothy.drahn@optum.com:joseph.gunvalson@optum.com,mschlos2:tdrahn:jgunvals,FULL
hcp-eligibility.ATTPROD.CDBV2.F6435DBP.CNSM_STS,*,beam-hcp,*,ebaas-hcp-cdb-prod,20,cleanup.policy=compact:delete.retention.ms=1209600000:max.compaction.lag.ms=86400000:compression.type=gzip,timothy.drahn@optum.com:michael.a.schlosser@optum.com:joseph.gunvalson@optum.com,tdrahn:mschlos2:jgunvals,FULL
hcp-eligibility.ATTPROD.CDBV2.F6435DBP.COV_INFO,*,beam-hcp,*,ebaas-hcp-cdb-prod,20,cleanup.policy=compact:delete.retention.ms=1209600000:max.compaction.lag.ms=86400000:compression.type=gzip,michael.a.schlosser@optum.com:timothy.drahn@optum.com:joseph.gunvalson@optum.com,mschlos2:tdrahn:jgunvals,FULL
hcp-eligibility.ATTPROD.CDBV2.F6435DBP.COV_LVL_TYP,*,beam-hcp,*,ebaas-hcp-cdb-prod,1,cleanup.policy=compact:delete.retention.ms=1209600000:max.compaction.lag.ms=86400000:compression.type=gzip,michael.a.schlosser@optum.com:timothy.drahn@optum.com:joseph.gunvalson@optum.com,mschlos2:tdrahn:jgunvals,FULL
hcp-eligibility.ATTPROD.CDBV2.F6435DBP.COV_PD_THRU_RSN_TYP,*,beam-hcp,*,ebaas-hcp-cdb-prod,1,cleanup.policy=compact:delete.retention.ms=1209600000:max.compaction.lag.ms=86400000:compression.type=gzip,michael.a.schlosser@optum.com:timothy.drahn@optum.com:joseph.gunvalson@optum.com,mschlos2:tdrahn:jgunvals,FULL
hcp-eligibility.ATTPROD.CDBV2.F6435DBP.COV_REQ_INFO,*,beam-hcp,*,ebaas-hcp-cdb-prod,10,cleanup.policy=compact:delete.retention.ms=1209600000:max.compaction.lag.ms=86400000:compression.type=gzip,michael.a.schlosser@optum.com:timothy.drahn@optum.com:joseph.gunvalson@optum.com,mschlos2:tdrahn:jgunvals,FULL
hcp-eligibility.ATTPROD.CDBV2.F6435DBP.COV_TYP,*,beam-hcp,*,ebaas-hcp-cdb-prod,1,cleanup.policy=compact:delete.retention.ms=1209600000:max.compaction.lag.ms=86400000:compression.type=gzip,michael.a.schlosser@optum.com:timothy.drahn@optum.com:joseph.gunvalson@optum.com,mschlos2:tdrahn:jgunvals,FULL
hcp-eligibility.ATTPROD.CDBV2.F6435DBP.CSP_PLN_VAR_TYP,*,beam-hcp,*,ebaas-hcp-cdb-prod,1,cleanup.policy=compact:delete.retention.ms=1209600000:max.compaction.lag.ms=86400000:compression.type=gzip,michael.a.schlosser@optum.com:timothy.drahn@optum.com:joseph.gunvalson@optum.com,mschlos2:tdrahn:jgunvals,FULL
hcp-eligibility.ATTPROD.CDBV2.F6435DBP.CTZN_STS_TYP,*,beam-hcp,*,ebaas-hcp-cdb-prod,1,cleanup.policy=compact:delete.retention.ms=1209600000:max.compaction.lag.ms=86400000:compression.type=gzip,michael.a.schlosser@optum.com:timothy.drahn@optum.com:joseph.gunvalson@optum.com,mschlos2:tdrahn:jgunvals,FULL
hcp-eligibility.ATTPROD.CDBV2.F6435DBP.CUST_DEFN_FLD_TYP,*,beam-hcp,*,ebaas-hcp-cdb-prod,1,cleanup.policy=compact:delete.retention.ms=1209600000:max.compaction.lag.ms=86400000:compression.type=gzip,michael.a.schlosser@optum.com:timothy.drahn@optum.com:joseph.gunvalson@optum.com,mschlos2:tdrahn:jgunvals,FULL
hcp-eligibility.ATTPROD.CDBV2.F6435DBP.CUST_ID_CRD_INFO_DTL,*,beam-hcp,*,ebaas-hcp-cdb-prod,10,cleanup.policy=compact:delete.retention.ms=1209600000:max.compaction.lag.ms=86400000:compression.type=gzip,michael.a.schlosser@optum.com:timothy.drahn@optum.com:joseph.gunvalson@optum.com,mschlos2:tdrahn:jgunvals,FULL
hcp-eligibility.ATTPROD.CDBV2.F6435DBP.CUST_INFO,*,beam-hcp,*,ebaas-hcp-cdb-prod,10,cleanup.policy=compact:delete.retention.ms=1209600000:max.compaction.lag.ms=86400000:compression.type=gzip,michael.a.schlosser@optum.com:timothy.drahn@optum.com:joseph.gunvalson@optum.com,mschlos2:tdrahn:jgunvals,FULL
hcp-eligibility.ATTPROD.CDBV2.F6435DBP.CUST_POL_XREF,*,beam-hcp,*,ebaas-hcp-cdb-prod,10,cleanup.policy=compact:delete.retention.ms=1209600000:max.compaction.lag.ms=86400000:compression.type=gzip,michael.a.schlosser@optum.com:timothy.drahn@optum.com:joseph.gunvalson@optum.com,mschlos2:tdrahn:jgunvals,FULL
hcp-eligibility.ATTPROD.CDBV2.F6435DBP.DATA_SRC_TYP,*,beam-hcp,*,ebaas-hcp-cdb-prod,1,cleanup.policy=compact:delete.retention.ms=1209600000:max.compaction.lag.ms=86400000:compression.type=gzip,michael.a.schlosser@optum.com:timothy.drahn@optum.com:joseph.gunvalson@optum.com,mschlos2:tdrahn:jgunvals,FULL
hcp-eligibility.ATTPROD.CDBV2.F6435DBP.EE_STS_TYP,*,beam-hcp,*,ebaas-hcp-cdb-prod,1,cleanup.policy=compact:delete.retention.ms=1209600000:max.compaction.lag.ms=86400000:compression.type=gzip,michael.a.schlosser@optum.com:timothy.drahn@optum.com:joseph.gunvalson@optum.com,mschlos2:tdrahn:jgunvals,FULL
hcp-eligibility.ATTPROD.CDBV2.F6435DBP.ELCTR_ADR_STS_TYP,*,beam-hcp,*,ebaas-hcp-cdb-prod,1,cleanup.policy=compact:delete.retention.ms=1209600000:max.compaction.lag.ms=86400000:compression.type=gzip,michael.a.schlosser@optum.com:timothy.drahn@optum.com:joseph.gunvalson@optum.com,mschlos2:tdrahn:jgunvals,FULL
hcp-eligibility.ATTPROD.CDBV2.F6435DBP.ELCTR_ADR_TYP,*,beam-hcp,*,ebaas-hcp-cdb-prod,1,cleanup.policy=compact:delete.retention.ms=1209600000:max.compaction.lag.ms=86400000:compression.type=gzip,michael.a.schlosser@optum.com:timothy.drahn@optum.com:joseph.gunvalson@optum.com,mschlos2:tdrahn:jgunvals,FULL
hcp-eligibility.ATTPROD.CDBV2.F6435DBP.ELCTR_MSG_FMT_TYP,*,beam-hcp,*,ebaas-hcp-cdb-prod,1,cleanup.policy=compact:delete.retention.ms=1209600000:max.compaction.lag.ms=86400000:compression.type=gzip,michael.a.schlosser@optum.com:timothy.drahn@optum.com:joseph.gunvalson@optum.com,mschlos2:tdrahn:jgunvals,FULL
hcp-eligibility.ATTPROD.CDBV2.F6435DBP.EMPMT_CLSS_TYP,*,beam-hcp,*,ebaas-hcp-cdb-prod,1,cleanup.policy=compact:delete.retention.ms=1209600000:max.compaction.lag.ms=86400000:compression.type=gzip,michael.a.schlosser@optum.com:timothy.drahn@optum.com:joseph.gunvalson@optum.com,mschlos2:tdrahn:jgunvals,FULL
hcp-eligibility.ATTPROD.CDBV2.F6435DBP.FAM_LST_UPDT,*,beam-hcp,*,ebaas-hcp-cdb-prod,50,cleanup.policy=compact:delete.retention.ms=1209600000:max.compaction.lag.ms=86400000:compression.type=gzip,michael.a.schlosser@optum.com:timothy.drahn@optum.com:joseph.gunvalson@optum.com,mschlos2:tdrahn:jgunvals,FULL
hcp-eligibility.ATTPROD.CDBV2.F6435DBP.GDR_TYP,*,beam-hcp,*,ebaas-hcp-cdb-prod,1,cleanup.policy=compact:delete.retention.ms=1209600000:max.compaction.lag.ms=86400000:compression.type=gzip,michael.a.schlosser@optum.com:timothy.drahn@optum.com:joseph.gunvalson@optum.com,mschlos2:tdrahn:jgunvals,FULL
hcp-eligibility.ATTPROD.CDBV2.F6435DBP.HLT_SRV_INFO,*,beam-hcp,*,ebaas-hcp-cdb-prod,10,cleanup.policy=compact:delete.retention.ms=1209600000:max.compaction.lag.ms=86400000:compression.type=gzip,michael.a.schlosser@optum.com:timothy.drahn@optum.com:joseph.gunvalson@optum.com,mschlos2:tdrahn:jgunvals,FULL
hcp-eligibility.ATTPROD.CDBV2.F6435DBP.HLT_SRV_PRDLN,*,beam-hcp,*,ebaas-hcp-cdb-prod,1,cleanup.policy=compact:delete.retention.ms=1209600000:max.compaction.lag.ms=86400000:compression.type=gzip,michael.a.schlosser@optum.com:timothy.drahn@optum.com:joseph.gunvalson@optum.com,mschlos2:tdrahn:jgunvals,FULL
hcp-eligibility.ATTPROD.CDBV2.F6435DBP.HLT_SRV_PRDT_TYP,*,beam-hcp,*,ebaas-hcp-cdb-prod,1,cleanup.policy=compact:delete.retention.ms=1209600000:max.compaction.lag.ms=86400000:compression.type=gzip,michael.a.schlosser@optum.com:timothy.drahn@optum.com:joseph.gunvalson@optum.com,mschlos2:tdrahn:jgunvals,FULL
hcp-eligibility.ATTPROD.CDBV2.F6435DBP.ICD_USE_TYP,*,beam-hcp,*,ebaas-hcp-cdb-prod,1,cleanup.policy=compact:delete.retention.ms=1209600000:max.compaction.lag.ms=86400000:compression.type=gzip,michael.a.schlosser@optum.com:timothy.drahn@optum.com:joseph.gunvalson@optum.com,mschlos2:tdrahn:jgunvals,FULL
hcp-eligibility.ATTPROD.CDBV2.F6435DBP.ID_CRD_SW_TYP,*,beam-hcp,*,ebaas-hcp-cdb-prod,10,cleanup.policy=compact:delete.retention.ms=1209600000:max.compaction.lag.ms=86400000:compression.type=gzip,michael.a.schlosser@optum.com:timothy.drahn@optum.com:joseph.gunvalson@optum.com,mschlos2:tdrahn:jgunvals,FULL
hcp-eligibility.ATTPROD.CDBV2.F6435DBP.IMDM_PRTY_MTCH_PROC,*,beam-hcp,*,ebaas-hcp-cdb-prod,10,cleanup.policy=compact:delete.retention.ms=1209600000:max.compaction.lag.ms=86400000:compression.type=gzip,michael.a.schlosser@optum.com:timothy.drahn@optum.com:joseph.gunvalson@optum.com,mschlos2:tdrahn:jgunvals,FULL
hcp-eligibility.ATTPROD.CDBV2.F6435DBP.IMDM_PRTY_MTCH_PROC_FAM,*,beam-hcp,*,ebaas-hcp-cdb-prod,1,cleanup.policy=compact:delete.retention.ms=1209600000:max.compaction.lag.ms=86400000:compression.type=gzip,michael.a.schlosser@optum.com:timothy.drahn@optum.com:joseph.gunvalson@optum.com,mschlos2:tdrahn:jgunvals,FULL
hcp-eligibility.ATTPROD.CDBV2.F6435DBP.INDIRECT_ETHNC_PREF_TYP,*,beam-hcp,*,ebaas-hcp-cdb-prod,1,cleanup.policy=compact:delete.retention.ms=1209600000:max.compaction.lag.ms=86400000:compression.type=gzip,michael.a.schlosser@optum.com:timothy.drahn@optum.com:joseph.gunvalson@optum.com,mschlos2:tdrahn:jgunvals,FULL
hcp-eligibility.ATTPROD.CDBV2.F6435DBP.INDIRECT_RACE_PREF_TYP,*,beam-hcp,*,ebaas-hcp-cdb-prod,1,cleanup.policy=compact:delete.retention.ms=1209600000:max.compaction.lag.ms=86400000:compression.type=gzip,michael.a.schlosser@optum.com:timothy.drahn@optum.com:joseph.gunvalson@optum.com,mschlos2:tdrahn:jgunvals,FULL
hcp-eligibility.ATTPROD.CDBV2.F6435DBP.IRS_1095_IRS_LTR_SND,*,beam-hcp,*,ebaas-hcp-cdb-prod,75,cleanup.policy=compact:delete.retention.ms=1209600000:max.compaction.lag.ms=86400000:compression.type=gzip,michael.a.schlosser@optum.com:timothy.drahn@optum.com:joseph.gunvalson@optum.com,mschlos2:tdrahn:jgunvals,FULL
hcp-eligibility.ATTPROD.CDBV2.F6435DBP.IRS_1095_LTR_EXCL,*,beam-hcp,*,ebaas-hcp-cdb-prod,1,cleanup.policy=compact:delete.retention.ms=1209600000:max.compaction.lag.ms=86400000:compression.type=gzip,michael.a.schlosser@optum.com:timothy.drahn@optum.com:joseph.gunvalson@optum.com,mschlos2:tdrahn:jgunvals,FULL
hcp-eligibility.ATTPROD.CDBV2.F6435DBP.IRS_1095_LTR_SND,*,beam-hcp,*,ebaas-hcp-cdb-prod,75,cleanup.policy=compact:delete.retention.ms=1209600000:max.compaction.lag.ms=86400000:compression.type=gzip,michael.a.schlosser@optum.com:timothy.drahn@optum.com:joseph.gunvalson@optum.com,mschlos2:tdrahn:jgunvals,FULL
hcp-eligibility.ATTPROD.CDBV2.F6435DBP.IRS_1095_ST_LTR_SND,*,beam-hcp,*,ebaas-hcp-cdb-prod,75,cleanup.policy=compact:delete.retention.ms=1209600000:max.compaction.lag.ms=86400000:compression.type=gzip,michael.a.schlosser@optum.com:timothy.drahn@optum.com:joseph.gunvalson@optum.com,mschlos2:tdrahn:jgunvals,FULL
hcp-eligibility.ATTPROD.CDBV2.F6435DBP.LAB_TYP,*,beam-hcp,*,ebaas-hcp-cdb-prod,1,cleanup.policy=compact:delete.retention.ms=1209600000:max.compaction.lag.ms=86400000:compression.type=gzip,michael.a.schlosser@optum.com:timothy.drahn@optum.com:joseph.gunvalson@optum.com,mschlos2:tdrahn:jgunvals,FULL
hcp-eligibility.ATTPROD.CDBV2.F6435DBP.LANG_PREF_TYP,*,beam-hcp,*,ebaas-hcp-cdb-prod,1,cleanup.policy=compact:delete.retention.ms=1209600000:max.compaction.lag.ms=86400000:compression.type=gzip,michael.a.schlosser@optum.com:timothy.drahn@optum.com:joseph.gunvalson@optum.com,mschlos2:tdrahn:jgunvals,FULL
hcp-eligibility.ATTPROD.CDBV2.F6435DBP.LF_BEN_SET_DET,*,beam-hcp,*,ebaas-hcp-cdb-prod,4,cleanup.policy=compact:delete.retention.ms=1209600000:max.compaction.lag.ms=86400000:compression.type=gzip,michael.a.schlosser@optum.com:timothy.drahn@optum.com:joseph.gunvalson@optum.com,mschlos2:tdrahn:jgunvals,FULL
hcp-eligibility.ATTPROD.CDBV2.F6435DBP.L_CNSM_SRCH,*,beam-hcp,*,ebaas-hcp-cdb-prod,300,cleanup.policy=compact:delete.retention.ms=1209600000:max.compaction.lag.ms=86400000:compression.type=gzip,timothy.drahn@optum.com:michael.a.schlosser@optum.com:joseph.gunvalson@optum.com,tdrahn:mschlos2:jgunvals,FULL
hcp-eligibility.ATTPROD.CDBV2.F6435DBP.L_COV_PRDT_DT,*,beam-hcp,*,ebaas-hcp-cdb-prod,300,cleanup.policy=compact:delete.retention.ms=1209600000:max.compaction.lag.ms=86400000:compression.type=gzip,timothy.drahn@optum.com:michael.a.schlosser@optum.com:joseph.gunvalson@optum.com,tdrahn:mschlos2:jgunvals,FULL
hcp-eligibility.ATTPROD.CDBV2.F6435DBP.L_COV_PRDT_PCD,*,beam-hcp,*,ebaas-hcp-cdb-prod,10,cleanup.policy=compact:delete.retention.ms=1209600000:max.compaction.lag.ms=86400000:compression.type=gzip,michael.a.schlosser@optum.com:timothy.drahn@optum.com:joseph.gunvalson@optum.com,mschlos2:tdrahn:jgunvals,FULL
hcp-eligibility.ATTPROD.CDBV2.F6435DBP.L_COV_PRDT_PCP,*,beam-hcp,*,ebaas-hcp-cdb-prod,50,cleanup.policy=compact:delete.retention.ms=1209600000:max.compaction.lag.ms=86400000:compression.type=gzip,michael.a.schlosser@optum.com:timothy.drahn@optum.com:joseph.gunvalson@optum.com,mschlos2:tdrahn:jgunvals,FULL
hcp-eligibility.ATTPROD.CDBV2.F6435DBP.L_FINC_ACCT,*,beam-hcp,*,ebaas-hcp-cdb-prod,20,cleanup.policy=compact:delete.retention.ms=1209600000:max.compaction.lag.ms=86400000:compression.type=gzip,michael.a.schlosser@optum.com:timothy.drahn@optum.com:joseph.gunvalson@optum.com,mschlos2:tdrahn:jgunvals,FULL
hcp-eligibility.ATTPROD.CDBV2.F6435DBP.L_HLT_SRV_DT,*,beam-hcp,*,ebaas-hcp-cdb-prod,50,cleanup.policy=compact:delete.retention.ms=1209600000:max.compaction.lag.ms=86400000:compression.type=gzip,michael.a.schlosser@optum.com:timothy.drahn@optum.com:joseph.gunvalson@optum.com,mschlos2:tdrahn:jgunvals,FULL
hcp-eligibility.ATTPROD.CDBV2.F6435DBP.L_LF_DIS_PRDT_DT,*,beam-hcp,*,ebaas-hcp-cdb-prod,20,cleanup.policy=compact:delete.retention.ms=1209600000:max.compaction.lag.ms=86400000:compression.type=gzip,michael.a.schlosser@optum.com:timothy.drahn@optum.com:joseph.gunvalson@optum.com,mschlos2:tdrahn:jgunvals,FULL
hcp-eligibility.ATTPROD.CDBV2.F6435DBP.MDCR_PART_TYP,*,beam-hcp,*,ebaas-hcp-cdb-prod,1,cleanup.policy=compact:delete.retention.ms=1209600000:max.compaction.lag.ms=86400000:compression.type=gzip,michael.a.schlosser@optum.com:timothy.drahn@optum.com:joseph.gunvalson@optum.com,mschlos2:tdrahn:jgunvals,FULL
hcp-eligibility.ATTPROD.CDBV2.F6435DBP.MGRT_SRC_ID_XREF,*,beam-hcp,*,ebaas-hcp-cdb-prod,10,cleanup.policy=compact:delete.retention.ms=1209600000:max.compaction.lag.ms=86400000:compression.type=gzip,michael.a.schlosser@optum.com:timothy.drahn@optum.com:joseph.gunvalson@optum.com,mschlos2:tdrahn:jgunvals,FULL
hcp-eligibility.ATTPROD.CDBV2.F6435DBP.MKT_SITE,*,beam-hcp,*,ebaas-hcp-cdb-prod,10,cleanup.policy=compact:delete.retention.ms=1209600000:max.compaction.lag.ms=86400000:compression.type=gzip,michael.a.schlosser@optum.com:timothy.drahn@optum.com:joseph.gunvalson@optum.com,mschlos2:tdrahn:jgunvals,FULL
hcp-eligibility.ATTPROD.CDBV2.F6435DBP.ML_CNSM_ADR,*,beam-hcp,*,ebaas-hcp-cdb-prod,50,cleanup.policy=compact:delete.retention.ms=1209600000:max.compaction.lag.ms=86400000:compression.type=gzip,timothy.drahn@optum.com:michael.a.schlosser@optum.com:joseph.gunvalson@optum.com,tdrahn:mschlos2:jgunvals,FULL
hcp-eligibility.ATTPROD.CDBV2.F6435DBP.ML_CNSM_ELCTR_ADR,*,beam-hcp,*,ebaas-hcp-cdb-prod,50,cleanup.policy=compact:delete.retention.ms=1209600000:max.compaction.lag.ms=86400000:compression.type=gzip,timothy.drahn@optum.com:michael.a.schlosser@optum.com:joseph.gunvalson@optum.com,tdrahn:mschlos2:jgunvals,FULL
hcp-eligibility.ATTPROD.CDBV2.F6435DBP.ML_CNSM_TEL,*,beam-hcp,*,ebaas-hcp-cdb-prod,50,cleanup.policy=compact:delete.retention.ms=1209600000:max.compaction.lag.ms=86400000:compression.type=gzip,timothy.drahn@optum.com:michael.a.schlosser@optum.com:joseph.gunvalson@optum.com,tdrahn:mschlos2:jgunvals,FULL
hcp-eligibility.ATTPROD.CDBV2.F6435DBP.ML_CNSM_XREF,*,beam-hcp,*,ebaas-hcp-cdb-prod,300,cleanup.policy=compact:delete.retention.ms=1209600000:max.compaction.lag.ms=86400000:compression.type=gzip,timothy.drahn@optum.com:michael.a.schlosser@optum.com:joseph.gunvalson@optum.com,tdrahn:mschlos2:jgunvals,FULL
hcp-eligibility.ATTPROD.CDBV2.F6435DBP.MRTL_STS_TYP,*,beam-hcp,*,ebaas-hcp-cdb-prod,1,cleanup.policy=compact:delete.retention.ms=1209600000:max.compaction.lag.ms=86400000:compression.type=gzip,michael.a.schlosser@optum.com:timothy.drahn@optum.com:joseph.gunvalson@optum.com,mschlos2:tdrahn:jgunvals,FULL
hcp-eligibility.ATTPROD.CDBV2.F6435DBP.OI_PRIMACY_RSN_TYP,*,beam-hcp,*,ebaas-hcp-cdb-prod,1,cleanup.policy=compact:delete.retention.ms=1209600000:max.compaction.lag.ms=86400000:compression.type=gzip,michael.a.schlosser@optum.com:timothy.drahn@optum.com:joseph.gunvalson@optum.com,mschlos2:tdrahn:jgunvals,FULL
hcp-eligibility.ATTPROD.CDBV2.F6435DBP.OTHR_INS_DTL,*,beam-hcp,*,ebaas-hcp-cdb-prod,4,cleanup.policy=compact:delete.retention.ms=1209600000:max.compaction.lag.ms=86400000:compression.type=gzip,michael.a.schlosser@optum.com:timothy.drahn@optum.com:joseph.gunvalson@optum.com,mschlos2:tdrahn:jgunvals,FULL
hcp-eligibility.ATTPROD.CDBV2.F6435DBP.PLN_BEN_SET,*,beam-hcp,*,ebaas-hcp-cdb-prod,20,cleanup.policy=compact:delete.retention.ms=1209600000:max.compaction.lag.ms=86400000:compression.type=gzip,michael.a.schlosser@optum.com:timothy.drahn@optum.com:joseph.gunvalson@optum.com,mschlos2:tdrahn:jgunvals,FULL
hcp-eligibility.ATTPROD.CDBV2.F6435DBP.PLN_BEN_SET_DET,*,beam-hcp,*,ebaas-hcp-cdb-prod,20,cleanup.policy=compact:delete.retention.ms=1209600000:max.compaction.lag.ms=86400000:compression.type=gzip,michael.a.schlosser@optum.com:timothy.drahn@optum.com:joseph.gunvalson@optum.com,mschlos2:tdrahn:jgunvals,FULL
hcp-eligibility.ATTPROD.CDBV2.F6435DBP.POL_DET,*,beam-hcp,*,ebaas-hcp-cdb-prod,10,cleanup.policy=compact:delete.retention.ms=1209600000:max.compaction.lag.ms=86400000:compression.type=gzip,michael.a.schlosser@optum.com:timothy.drahn@optum.com:joseph.gunvalson@optum.com,mschlos2:tdrahn:jgunvals,FULL
hcp-eligibility.ATTPROD.CDBV2.F6435DBP.POL_INFO,*,beam-hcp,*,ebaas-hcp-cdb-prod,10,cleanup.policy=compact:delete.retention.ms=1209600000:max.compaction.lag.ms=86400000:compression.type=gzip,michael.a.schlosser@optum.com:timothy.drahn@optum.com:joseph.gunvalson@optum.com,mschlos2:tdrahn:jgunvals,FULL
hcp-eligibility.ATTPROD.CDBV2.F6435DBP.PREF_CTR_CNSM_ADR,*,beam-hcp,*,ebaas-hcp-cdb-prod,20,cleanup.policy=compact:delete.retention.ms=1209600000:max.compaction.lag.ms=86400000:compression.type=gzip,michael.a.schlosser@optum.com:timothy.drahn@optum.com:joseph.gunvalson@optum.com,mschlos2:tdrahn:jgunvals,FULL
hcp-eligibility.ATTPROD.CDBV2.F6435DBP.PREF_CTR_CNSM_TEL,*,beam-hcp,*,ebaas-hcp-cdb-prod,10,cleanup.policy=compact:delete.retention.ms=1209600000:max.compaction.lag.ms=86400000:compression.type=gzip,michael.a.schlosser@optum.com:timothy.drahn@optum.com:joseph.gunvalson@optum.com,mschlos2:tdrahn:jgunvals,FULL
hcp-eligibility.ATTPROD.CDBV2.F6435DBP.PREF_CTR_ELCTR_ADR,*,beam-hcp,*,ebaas-hcp-cdb-prod,20,cleanup.policy=compact:delete.retention.ms=1209600000:max.compaction.lag.ms=86400000:compression.type=gzip,michael.a.schlosser@optum.com:timothy.drahn@optum.com:joseph.gunvalson@optum.com,mschlos2:tdrahn:jgunvals,FULL
hcp-eligibility.ATTPROD.CDBV2.F6435DBP.PREF_CTR_LANG_PREF,*,beam-hcp,*,ebaas-hcp-cdb-prod,10,cleanup.policy=compact:delete.retention.ms=1209600000:max.compaction.lag.ms=86400000:compression.type=gzip,michael.a.schlosser@optum.com:timothy.drahn@optum.com:joseph.gunvalson@optum.com,mschlos2:tdrahn:jgunvals,FULL
hcp-eligibility.ATTPROD.CDBV2.F6435DBP.PROC_CTL_DTL,*,beam-hcp,*,ebaas-hcp-cdb-prod,10,cleanup.policy=compact:delete.retention.ms=1209600000:max.compaction.lag.ms=86400000:compression.type=gzip,michael.a.schlosser@optum.com:timothy.drahn@optum.com:joseph.gunvalson@optum.com,mschlos2:tdrahn:jgunvals,FULL
hcp-eligibility.ATTPROD.CDBV2.F6435DBP.RX_BEN_SET_DET,*,beam-hcp,*,ebaas-hcp-cdb-prod,10,cleanup.policy=compact:delete.retention.ms=1209600000:max.compaction.lag.ms=86400000:compression.type=gzip,michael.a.schlosser@optum.com:timothy.drahn@optum.com:joseph.gunvalson@optum.com,mschlos2:tdrahn:jgunvals,FULL
hcp-eligibility.ATTPROD.CDBV2.F6435DBP.SBSCR_REL_TYP,*,beam-hcp,*,ebaas-hcp-cdb-prod,1,cleanup.policy=compact:delete.retention.ms=1209600000:max.compaction.lag.ms=86400000:compression.type=gzip,michael.a.schlosser@optum.com:timothy.drahn@optum.com:joseph.gunvalson@optum.com,mschlos2:tdrahn:jgunvals,FULL
hcp-eligibility.ATTPROD.CDBV2.F6435DBP.SRC_CDB_XREF,*,beam-hcp,*,ebaas-hcp-cdb-prod,200,cleanup.policy=compact:delete.retention.ms=1209600000:max.compaction.lag.ms=86400000:compression.type=gzip,timothy.drahn@optum.com:michael.a.schlosser@optum.com:joseph.gunvalson@optum.com,tdrahn:mschlos2:jgunvals,FULL
hcp-eligibility.ATTPROD.CDBV2.F6435DBP.SRC_SYS_ID,*,beam-hcp,*,ebaas-hcp-cdb-prod,1,cleanup.policy=compact:delete.retention.ms=1209600000:max.compaction.lag.ms=86400000:compression.type=gzip,michael.a.schlosser@optum.com:timothy.drahn@optum.com:joseph.gunvalson@optum.com,mschlos2:tdrahn:jgunvals,FULL
hcp-eligibility.ATTPROD.CDBV2.F6435DBP.TOPS_COV_LVL_TYP,*,beam-hcp,*,ebaas-hcp-cdb-prod,1,cleanup.policy=compact:delete.retention.ms=1209600000:max.compaction.lag.ms=86400000:compression.type=gzip,michael.a.schlosser@optum.com:timothy.drahn@optum.com:joseph.gunvalson@optum.com,mschlos2:tdrahn:jgunvals,FULL
hcp-eligibility.ATTPROD.CDBV2.F6435DBP.UHG_ETHNC_SEL_TYP,*,beam-hcp,*,ebaas-hcp-cdb-prod,1,cleanup.policy=compact:delete.retention.ms=1209600000:max.compaction.lag.ms=86400000:compression.type=gzip,michael.a.schlosser@optum.com:timothy.drahn@optum.com:joseph.gunvalson@optum.com,mschlos2:tdrahn:jgunvals,FULL
hcp-eligibility.ATTPROD.CDBV2.F6435DBP.UHG_RACE_SEL_TYP,*,beam-hcp,*,ebaas-hcp-cdb-prod,1,cleanup.policy=compact:delete.retention.ms=1209600000:max.compaction.lag.ms=86400000:compression.type=gzip,michael.a.schlosser@optum.com:timothy.drahn@optum.com:joseph.gunvalson@optum.com,mschlos2:tdrahn:jgunvals,FULL
hcp-eligibility.ATTPROD.CDBV2.F6435DBP.VEND_BEN_DTL,*,beam-hcp,*,ebaas-hcp-cdb-prod,20,cleanup.policy=compact:delete.retention.ms=1209600000:max.compaction.lag.ms=86400000:compression.type=gzip,michael.a.schlosser@optum.com:timothy.drahn@optum.com:joseph.gunvalson@optum.com,mschlos2:tdrahn:jgunvals,FULL
hcp-eligibility.ATTPROD.CDBV2.F6435SRP.CDB_SECURITY,*,beam-hcp,*,ebaas-hcp-cdb-prod,1,cleanup.policy=compact:delete.retention.ms=1209600000:max.compaction.lag.ms=86400000:compression.type=gzip,michael.a.schlosser@optum.com:timothy.drahn@optum.com:joseph.gunvalson@optum.com,mschlos2:tdrahn:jgunvals,FULL
hcp-eligibility.ATTPROD.CDBV2.F6435SRP.SRCH_SRC_CD_CNTL,*,beam-hcp,*,ebaas-hcp-cdb-prod,4,cleanup.policy=compact:delete.retention.ms=1209600000:max.compaction.lag.ms=86400000:compression.type=gzip,michael.a.schlosser@optum.com:timothy.drahn@optum.com:joseph.gunvalson@optum.com,mschlos2:tdrahn:jgunvals,FULL
