topic,producer_hosts,producer_cn,consumer_hosts,consumer_cn,partitions,config,email,ms-id,compatibility
hcp-eligibility.ATTTEST.CDB.F6435DBS.BIL_DTL_COV,*,beam-hcp,*,ebaas-hcp-cdb-systestalpha,3,cleanup.policy=compact:delete.retention.ms=1209600000:max.compaction.lag.ms=86400000:compression.type=gzip,michael.a.schlosser@optum.com:timothy.drahn@optum.com:joseph.gunvalson@optum.com,mschlos2:tdrahn:jgunvals,FULL
hcp-eligibility.ATTTEST.CDB.F6435DBS.CANCEL_RSN_TYP,*,beam-hcp,*,ebaas-hcp-cdb-systestalpha,1,cleanup.policy=compact:delete.retention.ms=1209600000:max.compaction.lag.ms=86400000:compression.type=gzip,michael.a.schlosser@optum.com:timothy.drahn@optum.com:joseph.gunvalson@optum.com,mschlos2:tdrahn:jgunvals,FULL
hcp-eligibility.ATTTEST.CDB.F6435DBS.CDB_FLTR,*,beam-hcp,*,ebaas-hcp-cdb-systestalpha,3,cleanup.policy=compact:delete.retention.ms=1209600000:max.compaction.lag.ms=86400000:compression.type=gzip,michael.a.schlosser@optum.com:timothy.drahn@optum.com:joseph.gunvalson@optum.com,mschlos2:tdrahn:jgunvals,FULL
hcp-eligibility.ATTTEST.CDB.F6435DBS.CDB_MBR_POPULATION,*,beam-hcp,*,ebaas-hcp-cdb-systestalpha,10,cleanup.policy=compact:delete.retention.ms=1209600000:max.compaction.lag.ms=86400000:compression.type=gzip,michael.a.schlosser@optum.com:timothy.drahn@optum.com:joseph.gunvalson@optum.com,mschlos2:tdrahn:jgunvals,FULL
hcp-eligibility.ATTTEST.CDB.F6435DBS.CLM_DIAG_PSTN_TYP,*,beam-hcp,*,ebaas-hcp-cdb-systestalpha,1,cleanup.policy=compact:delete.retention.ms=1209600000:max.compaction.lag.ms=86400000:compression.type=gzip,michael.a.schlosser@optum.com:timothy.drahn@optum.com:joseph.gunvalson@optum.com,mschlos2:tdrahn:jgunvals,FULL
hcp-eligibility.ATTTEST.CDB.F6435DBS.CNSM_ATR,*,beam-hcp,*,ebaas-hcp-cdb-systestalpha,3,cleanup.policy=compact:delete.retention.ms=1209600000:max.compaction.lag.ms=86400000:compression.type=gzip,michael.a.schlosser@optum.com:timothy.drahn@optum.com:joseph.gunvalson@optum.com,mschlos2:tdrahn:jgunvals,FULL
hcp-eligibility.ATTTEST.CDB.F6435DBS.CNSM_AUTH_REP,*,beam-hcp,*,ebaas-hcp-cdb-systestalpha,10,cleanup.policy=compact:delete.retention.ms=1209600000:max.compaction.lag.ms=86400000:compression.type=gzip,michael.a.schlosser@optum.com:timothy.drahn@optum.com:joseph.gunvalson@optum.com,mschlos2:tdrahn:jgunvals,FULL
hcp-eligibility.ATTTEST.CDB.F6435DBS.CNSM_BRKR_ENTY,*,beam-hcp,*,ebaas-hcp-cdb-systestalpha,3,cleanup.policy=compact:delete.retention.ms=1209600000:max.compaction.lag.ms=86400000:compression.type=gzip,michael.a.schlosser@optum.com:timothy.drahn@optum.com:joseph.gunvalson@optum.com,mschlos2:tdrahn:jgunvals,FULL
hcp-eligibility.ATTTEST.CDB.F6435DBS.CNSM_CAL,*,beam-hcp,*,ebaas-hcp-cdb-systestalpha,10,cleanup.policy=compact:delete.retention.ms=1209600000:max.compaction.lag.ms=86400000:compression.type=gzip,michael.a.schlosser@optum.com:timothy.drahn@optum.com:joseph.gunvalson@optum.com,mschlos2:tdrahn:jgunvals,FULL
hcp-eligibility.ATTTEST.CDB.F6435DBS.CNSM_CMNCT_MECH,*,beam-hcp,*,ebaas-hcp-cdb-systestalpha,1,cleanup.policy=compact:delete.retention.ms=1209600000:max.compaction.lag.ms=86400000:compression.type=gzip,michael.a.schlosser@optum.com:timothy.drahn@optum.com:joseph.gunvalson@optum.com,mschlos2:tdrahn:jgunvals,FULL
hcp-eligibility.ATTTEST.CDB.F6435DBS.CNSM_CNTC_PREF,*,beam-hcp,*,ebaas-hcp-cdb-systestalpha,3,cleanup.policy=compact:delete.retention.ms=1209600000:max.compaction.lag.ms=86400000:compression.type=gzip,michael.a.schlosser@optum.com:timothy.drahn@optum.com:joseph.gunvalson@optum.com,mschlos2:tdrahn:jgunvals,FULL
hcp-eligibility.ATTTEST.CDB.F6435DBS.CNSM_COB_ACC_DIAG,*,beam-hcp,*,ebaas-hcp-cdb-systestalpha,1,cleanup.policy=compact:delete.retention.ms=1209600000:max.compaction.lag.ms=86400000:compression.type=gzip,michael.a.schlosser@optum.com:timothy.drahn@optum.com:joseph.gunvalson@optum.com,mschlos2:tdrahn:jgunvals,FULL
hcp-eligibility.ATTTEST.CDB.F6435DBS.CNSM_COB_PRIMACY,*,beam-hcp,*,ebaas-hcp-cdb-systestalpha,10,cleanup.policy=compact:delete.retention.ms=1209600000:max.compaction.lag.ms=86400000:compression.type=gzip,timothy.drahn@optum.com:michael.a.schlosser@optum.com:joseph.gunvalson@optum.com,tdrahn:mschlos2:jgunvals,FULL
hcp-eligibility.ATTTEST.CDB.F6435DBS.CNSM_COB_PRISEC,*,beam-hcp,*,ebaas-hcp-cdb-systestalpha,10,cleanup.policy=compact:delete.retention.ms=1209600000:max.compaction.lag.ms=86400000:compression.type=gzip,michael.a.schlosser@optum.com:timothy.drahn@optum.com:joseph.gunvalson@optum.com,mschlos2:tdrahn:jgunvals,FULL
hcp-eligibility.ATTTEST.CDB.F6435DBS.CNSM_COMMT,*,beam-hcp,*,ebaas-hcp-cdb-systestalpha,3,cleanup.policy=compact:delete.retention.ms=1209600000:max.compaction.lag.ms=86400000:compression.type=gzip,michael.a.schlosser@optum.com:timothy.drahn@optum.com:joseph.gunvalson@optum.com,mschlos2:tdrahn:jgunvals,FULL
hcp-eligibility.ATTTEST.CDB.F6435DBS.CNSM_CORSP_PREF,*,beam-hcp,*,ebaas-hcp-cdb-systestalpha,3,cleanup.policy=compact:delete.retention.ms=1209600000:max.compaction.lag.ms=86400000:compression.type=gzip,michael.a.schlosser@optum.com:timothy.drahn@optum.com:joseph.gunvalson@optum.com,mschlos2:tdrahn:jgunvals,FULL
hcp-eligibility.ATTTEST.CDB.F6435DBS.CNSM_COV_CUST_DEFN_FLD,*,beam-hcp,*,ebaas-hcp-cdb-systestalpha,50,cleanup.policy=compact:delete.retention.ms=1209600000:max.compaction.lag.ms=86400000:compression.type=gzip,michael.a.schlosser@optum.com:timothy.drahn@optum.com:joseph.gunvalson@optum.com,mschlos2:tdrahn:jgunvals,FULL
hcp-eligibility.ATTTEST.CDB.F6435DBS.CNSM_CPTIN_STS,*,beam-hcp,*,ebaas-hcp-cdb-systestalpha,3,cleanup.policy=compact:delete.retention.ms=1209600000:max.compaction.lag.ms=86400000:compression.type=gzip,michael.a.schlosser@optum.com:timothy.drahn@optum.com:joseph.gunvalson@optum.com,mschlos2:tdrahn:jgunvals,FULL
hcp-eligibility.ATTTEST.CDB.F6435DBS.CNSM_CUST_DEFN_FLD,*,beam-hcp,*,ebaas-hcp-cdb-systestalpha,10,cleanup.policy=compact:delete.retention.ms=1209600000:max.compaction.lag.ms=86400000:compression.type=gzip,michael.a.schlosser@optum.com:timothy.drahn@optum.com:joseph.gunvalson@optum.com,mschlos2:tdrahn:jgunvals,FULL
hcp-eligibility.ATTTEST.CDB.F6435DBS.CNSM_DEMO,*,beam-hcp,*,ebaas-hcp-cdb-systestalpha,3,cleanup.policy=compact:delete.retention.ms=1209600000:max.compaction.lag.ms=86400000:compression.type=gzip,timothy.drahn@optum.com:michael.a.schlosser@optum.com:joseph.gunvalson@optum.com,tdrahn:mschlos2:jgunvals,FULL
hcp-eligibility.ATTTEST.CDB.F6435DBS.CNSM_DOC_CTL,*,beam-hcp,*,ebaas-hcp-cdb-systestalpha,5,cleanup.policy=compact:delete.retention.ms=1209600000:max.compaction.lag.ms=86400000:compression.type=gzip,michael.a.schlosser@optum.com:timothy.drahn@optum.com:joseph.gunvalson@optum.com,mschlos2:tdrahn:jgunvals,FULL
hcp-eligibility.ATTTEST.CDB.F6435DBS.CNSM_DOC_REQ,*,beam-hcp,*,ebaas-hcp-cdb-systestalpha,5,cleanup.policy=compact:delete.retention.ms=1209600000:max.compaction.lag.ms=86400000:compression.type=gzip,michael.a.schlosser@optum.com:timothy.drahn@optum.com:joseph.gunvalson@optum.com,mschlos2:tdrahn:jgunvals,FULL
hcp-eligibility.ATTTEST.CDB.F6435DBS.CNSM_DOC_SPRS,*,beam-hcp,*,ebaas-hcp-cdb-systestalpha,5,cleanup.policy=compact:delete.retention.ms=1209600000:max.compaction.lag.ms=86400000:compression.type=gzip,michael.a.schlosser@optum.com:timothy.drahn@optum.com:joseph.gunvalson@optum.com,mschlos2:tdrahn:jgunvals,FULL
hcp-eligibility.ATTTEST.CDB.F6435DBS.CNSM_DTL,*,beam-hcp,*,ebaas-hcp-cdb-systestalpha,3,cleanup.policy=compact:delete.retention.ms=1209600000:max.compaction.lag.ms=86400000:compression.type=gzip,michael.a.schlosser@optum.com:timothy.drahn@optum.com:joseph.gunvalson@optum.com,mschlos2:tdrahn:jgunvals,FULL
hcp-eligibility.ATTTEST.CDB.F6435DBS.CNSM_EFT,*,beam-hcp,*,ebaas-hcp-cdb-systestalpha,3,cleanup.policy=compact:delete.retention.ms=1209600000:max.compaction.lag.ms=86400000:compression.type=gzip,michael.a.schlosser@optum.com:timothy.drahn@optum.com:joseph.gunvalson@optum.com,mschlos2:tdrahn:jgunvals,FULL
hcp-eligibility.ATTTEST.CDB.F6435DBS.CNSM_EMPL_ID,*,beam-hcp,*,ebaas-hcp-cdb-systestalpha,3,cleanup.policy=compact:delete.retention.ms=1209600000:max.compaction.lag.ms=86400000:compression.type=gzip,michael.a.schlosser@optum.com:timothy.drahn@optum.com:joseph.gunvalson@optum.com,mschlos2:tdrahn:jgunvals,FULL
hcp-eligibility.ATTTEST.CDB.F6435DBS.CNSM_ETHNC_SEL,*,beam-hcp,*,ebaas-hcp-cdb-systestalpha,3,cleanup.policy=compact:delete.retention.ms=1209600000:max.compaction.lag.ms=86400000:compression.type=gzip,michael.a.schlosser@optum.com:timothy.drahn@optum.com:joseph.gunvalson@optum.com,mschlos2:tdrahn:jgunvals,FULL
hcp-eligibility.ATTTEST.CDB.F6435DBS.CNSM_HPLN_LANG_PRF,*,beam-hcp,*,ebaas-hcp-cdb-systestalpha,10,cleanup.policy=compact:delete.retention.ms=1209600000:max.compaction.lag.ms=86400000:compression.type=gzip,michael.a.schlosser@optum.com:timothy.drahn@optum.com:joseph.gunvalson@optum.com,mschlos2:tdrahn:jgunvals,FULL
hcp-eligibility.ATTTEST.CDB.F6435DBS.CNSM_INDIRECT_ETHNC_SEL,*,beam-hcp,*,ebaas-hcp-cdb-systestalpha,3,cleanup.policy=compact:delete.retention.ms=1209600000:max.compaction.lag.ms=86400000:compression.type=gzip,michael.a.schlosser@optum.com:timothy.drahn@optum.com:joseph.gunvalson@optum.com,mschlos2:tdrahn:jgunvals,FULL
hcp-eligibility.ATTTEST.CDB.F6435DBS.CNSM_INDIRECT_LANG_PREF,*,beam-hcp,*,ebaas-hcp-cdb-systestalpha,10,cleanup.policy=compact:delete.retention.ms=1209600000:max.compaction.lag.ms=86400000:compression.type=gzip,michael.a.schlosser@optum.com:timothy.drahn@optum.com:joseph.gunvalson@optum.com,mschlos2:tdrahn:jgunvals,FULL
hcp-eligibility.ATTTEST.CDB.F6435DBS.CNSM_INDIRECT_RACE_SEL,*,beam-hcp,*,ebaas-hcp-cdb-systestalpha,10,cleanup.policy=compact:delete.retention.ms=1209600000:max.compaction.lag.ms=86400000:compression.type=gzip,michael.a.schlosser@optum.com:timothy.drahn@optum.com:joseph.gunvalson@optum.com,mschlos2:tdrahn:jgunvals,FULL
hcp-eligibility.ATTTEST.CDB.F6435DBS.CNSM_LAB_INFO,*,beam-hcp,*,ebaas-hcp-cdb-systestalpha,3,cleanup.policy=compact:delete.retention.ms=1209600000:max.compaction.lag.ms=86400000:compression.type=gzip,michael.a.schlosser@optum.com:timothy.drahn@optum.com:joseph.gunvalson@optum.com,mschlos2:tdrahn:jgunvals,FULL
hcp-eligibility.ATTTEST.CDB.F6435DBS.CNSM_LANG_PREF,*,beam-hcp,*,ebaas-hcp-cdb-systestalpha,3,cleanup.policy=compact:delete.retention.ms=1209600000:max.compaction.lag.ms=86400000:compression.type=gzip,michael.a.schlosser@optum.com:timothy.drahn@optum.com:joseph.gunvalson@optum.com,mschlos2:tdrahn:jgunvals,FULL
hcp-eligibility.ATTTEST.CDB.F6435DBS.CNSM_MBR_LYLTY_ACK,*,beam-hcp,*,ebaas-hcp-cdb-systestalpha,3,cleanup.policy=compact:delete.retention.ms=1209600000:max.compaction.lag.ms=86400000:compression.type=gzip,michael.a.schlosser@optum.com:timothy.drahn@optum.com:joseph.gunvalson@optum.com,mschlos2:tdrahn:jgunvals,FULL
hcp-eligibility.ATTTEST.CDB.F6435DBS.CNSM_MDCR_ELIG,*,beam-hcp,*,ebaas-hcp-cdb-systestalpha,10,cleanup.policy=compact:delete.retention.ms=1209600000:max.compaction.lag.ms=86400000:compression.type=gzip,timothy.drahn@optum.com:michael.a.schlosser@optum.com:joseph.gunvalson@optum.com,tdrahn:mschlos2:jgunvals,FULL
hcp-eligibility.ATTTEST.CDB.F6435DBS.CNSM_MDCR_ENRL,*,beam-hcp,*,ebaas-hcp-cdb-systestalpha,10,cleanup.policy=compact:delete.retention.ms=1209600000:max.compaction.lag.ms=86400000:compression.type=gzip,timothy.drahn@optum.com:michael.a.schlosser@optum.com:joseph.gunvalson@optum.com,tdrahn:mschlos2:jgunvals,FULL
hcp-eligibility.ATTTEST.CDB.F6435DBS.CNSM_MDCR_ENTL,*,beam-hcp,*,ebaas-hcp-cdb-systestalpha,10,cleanup.policy=compact:delete.retention.ms=1209600000:max.compaction.lag.ms=86400000:compression.type=gzip,timothy.drahn@optum.com:michael.a.schlosser@optum.com:joseph.gunvalson@optum.com,tdrahn:mschlos2:jgunvals,FULL
hcp-eligibility.ATTTEST.CDB.F6435DBS.CNSM_MDCR_PRIMACY,*,beam-hcp,*,ebaas-hcp-cdb-systestalpha,10,cleanup.policy=compact:delete.retention.ms=1209600000:max.compaction.lag.ms=86400000:compression.type=gzip,timothy.drahn@optum.com:michael.a.schlosser@optum.com:joseph.gunvalson@optum.com,tdrahn:mschlos2:jgunvals,FULL
hcp-eligibility.ATTTEST.CDB.F6435DBS.CNSM_MDCR_PRISEC,*,beam-hcp,*,ebaas-hcp-cdb-systestalpha,10,cleanup.policy=compact:delete.retention.ms=1209600000:max.compaction.lag.ms=86400000:compression.type=gzip,michael.a.schlosser@optum.com:timothy.drahn@optum.com:joseph.gunvalson@optum.com,mschlos2:tdrahn:jgunvals,FULL
hcp-eligibility.ATTTEST.CDB.F6435DBS.CNSM_OTHR_INS,*,beam-hcp,*,ebaas-hcp-cdb-systestalpha,30,cleanup.policy=compact:delete.retention.ms=1209600000:max.compaction.lag.ms=86400000:compression.type=gzip,timothy.drahn@optum.com:michael.a.schlosser@optum.com:joseph.gunvalson@optum.com,tdrahn:mschlos2:jgunvals,FULL
hcp-eligibility.ATTTEST.CDB.F6435DBS.CNSM_POL_AMT,*,beam-hcp,*,ebaas-hcp-cdb-systestalpha,10,cleanup.policy=compact:delete.retention.ms=1209600000:max.compaction.lag.ms=86400000:compression.type=gzip,michael.a.schlosser@optum.com:timothy.drahn@optum.com:joseph.gunvalson@optum.com,mschlos2:tdrahn:jgunvals,FULL
hcp-eligibility.ATTTEST.CDB.F6435DBS.CNSM_PRXST_COND,*,beam-hcp,*,ebaas-hcp-cdb-systestalpha,3,cleanup.policy=compact:delete.retention.ms=1209600000:max.compaction.lag.ms=86400000:compression.type=gzip,michael.a.schlosser@optum.com:timothy.drahn@optum.com:joseph.gunvalson@optum.com,mschlos2:tdrahn:jgunvals,FULL
hcp-eligibility.ATTTEST.CDB.F6435DBS.CNSM_RACE_SEL,*,beam-hcp,*,ebaas-hcp-cdb-systestalpha,3,cleanup.policy=compact:delete.retention.ms=1209600000:max.compaction.lag.ms=86400000:compression.type=gzip,michael.a.schlosser@optum.com:timothy.drahn@optum.com:joseph.gunvalson@optum.com,mschlos2:tdrahn:jgunvals,FULL
hcp-eligibility.ATTTEST.CDB.F6435DBS.CNSM_SLRY_BAS_DED_OOP,*,beam-hcp,*,ebaas-hcp-cdb-systestalpha,3,cleanup.policy=compact:delete.retention.ms=1209600000:max.compaction.lag.ms=86400000:compression.type=gzip,michael.a.schlosser@optum.com:timothy.drahn@optum.com:joseph.gunvalson@optum.com,mschlos2:tdrahn:jgunvals,FULL
hcp-eligibility.ATTTEST.CDB.F6435DBS.CNSM_STS,*,beam-hcp,*,ebaas-hcp-cdb-systestalpha,10,cleanup.policy=compact:delete.retention.ms=1209600000:max.compaction.lag.ms=86400000:compression.type=gzip,timothy.drahn@optum.com:michael.a.schlosser@optum.com:joseph.gunvalson@optum.com,tdrahn:mschlos2:jgunvals,FULL
hcp-eligibility.ATTTEST.CDB.F6435DBS.COV_INFO,*,beam-hcp,*,ebaas-hcp-cdb-systestalpha,10,cleanup.policy=compact:delete.retention.ms=1209600000:max.compaction.lag.ms=86400000:compression.type=gzip,michael.a.schlosser@optum.com:timothy.drahn@optum.com:joseph.gunvalson@optum.com,mschlos2:tdrahn:jgunvals,FULL
hcp-eligibility.ATTTEST.CDB.F6435DBS.COV_LVL_TYP,*,beam-hcp,*,ebaas-hcp-cdb-systestalpha,1,cleanup.policy=compact:delete.retention.ms=1209600000:max.compaction.lag.ms=86400000:compression.type=gzip,michael.a.schlosser@optum.com:timothy.drahn@optum.com:joseph.gunvalson@optum.com,mschlos2:tdrahn:jgunvals,FULL
hcp-eligibility.ATTTEST.CDB.F6435DBS.COV_PD_THRU_RSN_TYP,*,beam-hcp,*,ebaas-hcp-cdb-systestalpha,1,cleanup.policy=compact:delete.retention.ms=1209600000:max.compaction.lag.ms=86400000:compression.type=gzip,michael.a.schlosser@optum.com:timothy.drahn@optum.com:joseph.gunvalson@optum.com,mschlos2:tdrahn:jgunvals,FULL
hcp-eligibility.ATTTEST.CDB.F6435DBS.COV_REQ_INFO,*,beam-hcp,*,ebaas-hcp-cdb-systestalpha,3,cleanup.policy=compact:delete.retention.ms=1209600000:max.compaction.lag.ms=86400000:compression.type=gzip,michael.a.schlosser@optum.com:timothy.drahn@optum.com:joseph.gunvalson@optum.com,mschlos2:tdrahn:jgunvals,FULL
hcp-eligibility.ATTTEST.CDB.F6435DBS.COV_TYP,*,beam-hcp,*,ebaas-hcp-cdb-systestalpha,1,cleanup.policy=compact:delete.retention.ms=1209600000:max.compaction.lag.ms=86400000:compression.type=gzip,michael.a.schlosser@optum.com:timothy.drahn@optum.com:joseph.gunvalson@optum.com,mschlos2:tdrahn:jgunvals,FULL
hcp-eligibility.ATTTEST.CDB.F6435DBS.CSP_PLN_VAR_TYP,*,beam-hcp,*,ebaas-hcp-cdb-systestalpha,1,cleanup.policy=compact:delete.retention.ms=1209600000:max.compaction.lag.ms=86400000:compression.type=gzip,michael.a.schlosser@optum.com:timothy.drahn@optum.com:joseph.gunvalson@optum.com,mschlos2:tdrahn:jgunvals,FULL
hcp-eligibility.ATTTEST.CDB.F6435DBS.CTZN_STS_TYP,*,beam-hcp,*,ebaas-hcp-cdb-systestalpha,1,cleanup.policy=compact:delete.retention.ms=1209600000:max.compaction.lag.ms=86400000:compression.type=gzip,michael.a.schlosser@optum.com:timothy.drahn@optum.com:joseph.gunvalson@optum.com,mschlos2:tdrahn:jgunvals,FULL
hcp-eligibility.ATTTEST.CDB.F6435DBS.CUST_DEFN_FLD_TYP,*,beam-hcp,*,ebaas-hcp-cdb-systestalpha,1,cleanup.policy=compact:delete.retention.ms=1209600000:max.compaction.lag.ms=86400000:compression.type=gzip,michael.a.schlosser@optum.com:timothy.drahn@optum.com:joseph.gunvalson@optum.com,mschlos2:tdrahn:jgunvals,FULL
hcp-eligibility.ATTTEST.CDB.F6435DBS.CUST_ID_CRD_INFO_DTL,*,beam-hcp,*,ebaas-hcp-cdb-systestalpha,3,cleanup.policy=compact:delete.retention.ms=1209600000:max.compaction.lag.ms=86400000:compression.type=gzip,michael.a.schlosser@optum.com:timothy.drahn@optum.com:joseph.gunvalson@optum.com,mschlos2:tdrahn:jgunvals,FULL
hcp-eligibility.ATTTEST.CDB.F6435DBS.CUST_INFO,*,beam-hcp,*,ebaas-hcp-cdb-systestalpha,3,cleanup.policy=compact:delete.retention.ms=1209600000:max.compaction.lag.ms=86400000:compression.type=gzip,michael.a.schlosser@optum.com:timothy.drahn@optum.com:joseph.gunvalson@optum.com,mschlos2:tdrahn:jgunvals,FULL
hcp-eligibility.ATTTEST.CDB.F6435DBS.CUST_POL_XREF,*,beam-hcp,*,ebaas-hcp-cdb-systestalpha,3,cleanup.policy=compact:delete.retention.ms=1209600000:max.compaction.lag.ms=86400000:compression.type=gzip,michael.a.schlosser@optum.com:timothy.drahn@optum.com:joseph.gunvalson@optum.com,mschlos2:tdrahn:jgunvals,FULL
hcp-eligibility.ATTTEST.CDB.F6435DBS.DATA_SRC_TYP,*,beam-hcp,*,ebaas-hcp-cdb-systestalpha,1,cleanup.policy=compact:delete.retention.ms=1209600000:max.compaction.lag.ms=86400000:compression.type=gzip,michael.a.schlosser@optum.com:timothy.drahn@optum.com:joseph.gunvalson@optum.com,mschlos2:tdrahn:jgunvals,FULL
hcp-eligibility.ATTTEST.CDB.F6435DBS.EE_STS_TYP,*,beam-hcp,*,ebaas-hcp-cdb-systestalpha,1,cleanup.policy=compact:delete.retention.ms=1209600000:max.compaction.lag.ms=86400000:compression.type=gzip,michael.a.schlosser@optum.com:timothy.drahn@optum.com:joseph.gunvalson@optum.com,mschlos2:tdrahn:jgunvals,FULL
hcp-eligibility.ATTTEST.CDB.F6435DBS.ELCTR_ADR_STS_TYP,*,beam-hcp,*,ebaas-hcp-cdb-systestalpha,1,cleanup.policy=compact:delete.retention.ms=1209600000:max.compaction.lag.ms=86400000:compression.type=gzip,michael.a.schlosser@optum.com:timothy.drahn@optum.com:joseph.gunvalson@optum.com,mschlos2:tdrahn:jgunvals,FULL
hcp-eligibility.ATTTEST.CDB.F6435DBS.ELCTR_ADR_TYP,*,beam-hcp,*,ebaas-hcp-cdb-systestalpha,1,cleanup.policy=compact:delete.retention.ms=1209600000:max.compaction.lag.ms=86400000:compression.type=gzip,michael.a.schlosser@optum.com:timothy.drahn@optum.com:joseph.gunvalson@optum.com,mschlos2:tdrahn:jgunvals,FULL
hcp-eligibility.ATTTEST.CDB.F6435DBS.ELCTR_MSG_FMT_TYP,*,beam-hcp,*,ebaas-hcp-cdb-systestalpha,1,cleanup.policy=compact:delete.retention.ms=1209600000:max.compaction.lag.ms=86400000:compression.type=gzip,michael.a.schlosser@optum.com:timothy.drahn@optum.com:joseph.gunvalson@optum.com,mschlos2:tdrahn:jgunvals,FULL
hcp-eligibility.ATTTEST.CDB.F6435DBS.EMPMT_CLSS_TYP,*,beam-hcp,*,ebaas-hcp-cdb-systestalpha,1,cleanup.policy=compact:delete.retention.ms=1209600000:max.compaction.lag.ms=86400000:compression.type=gzip,michael.a.schlosser@optum.com:timothy.drahn@optum.com:joseph.gunvalson@optum.com,mschlos2:tdrahn:jgunvals,FULL
hcp-eligibility.ATTTEST.CDB.F6435DBS.FAM_LST_UPDT,*,beam-hcp,*,ebaas-hcp-cdb-systestalpha,20,cleanup.policy=compact:delete.retention.ms=1209600000:max.compaction.lag.ms=86400000:compression.type=gzip,michael.a.schlosser@optum.com:timothy.drahn@optum.com:joseph.gunvalson@optum.com,mschlos2:tdrahn:jgunvals,FULL
hcp-eligibility.ATTTEST.CDB.F6435DBS.GDR_TYP,*,beam-hcp,*,ebaas-hcp-cdb-systestalpha,1,cleanup.policy=compact:delete.retention.ms=1209600000:max.compaction.lag.ms=86400000:compression.type=gzip,michael.a.schlosser@optum.com:timothy.drahn@optum.com:joseph.gunvalson@optum.com,mschlos2:tdrahn:jgunvals,FULL
hcp-eligibility.ATTTEST.CDB.F6435DBS.HLT_SRV_INFO,*,beam-hcp,*,ebaas-hcp-cdb-systestalpha,3,cleanup.policy=compact:delete.retention.ms=1209600000:max.compaction.lag.ms=86400000:compression.type=gzip,michael.a.schlosser@optum.com:timothy.drahn@optum.com:joseph.gunvalson@optum.com,mschlos2:tdrahn:jgunvals,FULL
hcp-eligibility.ATTTEST.CDB.F6435DBS.HLT_SRV_PDRT_TYP,*,beam-hcp,*,ebaas-hcp-cdb-systestalpha,1,cleanup.policy=compact:delete.retention.ms=1209600000:max.compaction.lag.ms=86400000:compression.type=gzip,michael.a.schlosser@optum.com:timothy.drahn@optum.com:joseph.gunvalson@optum.com,mschlos2:tdrahn:jgunvals,FULL
hcp-eligibility.ATTTEST.CDB.F6435DBS.HLT_SRV_PRDLN,*,beam-hcp,*,ebaas-hcp-cdb-systestalpha,1,cleanup.policy=compact:delete.retention.ms=1209600000:max.compaction.lag.ms=86400000:compression.type=gzip,michael.a.schlosser@optum.com:timothy.drahn@optum.com:joseph.gunvalson@optum.com,mschlos2:tdrahn:jgunvals,FULL
hcp-eligibility.ATTTEST.CDB.F6435DBS.ICD_USE_TYP,*,beam-hcp,*,ebaas-hcp-cdb-systestalpha,1,cleanup.policy=compact:delete.retention.ms=1209600000:max.compaction.lag.ms=86400000:compression.type=gzip,michael.a.schlosser@optum.com:timothy.drahn@optum.com:joseph.gunvalson@optum.com,mschlos2:tdrahn:jgunvals,FULL
hcp-eligibility.ATTTEST.CDB.F6435DBS.ID_CRD_SW_TYP,*,beam-hcp,*,ebaas-hcp-cdb-systestalpha,3,cleanup.policy=compact:delete.retention.ms=1209600000:max.compaction.lag.ms=86400000:compression.type=gzip,michael.a.schlosser@optum.com:timothy.drahn@optum.com:joseph.gunvalson@optum.com,mschlos2:tdrahn:jgunvals,FULL
hcp-eligibility.ATTTEST.CDB.F6435DBS.IMDM_PRTY_MTCH_PROC,*,beam-hcp,*,ebaas-hcp-cdb-systestalpha,3,cleanup.policy=compact:delete.retention.ms=1209600000:max.compaction.lag.ms=86400000:compression.type=gzip,michael.a.schlosser@optum.com:timothy.drahn@optum.com:joseph.gunvalson@optum.com,mschlos2:tdrahn:jgunvals,FULL
hcp-eligibility.ATTTEST.CDB.F6435DBS.IMDM_PRTY_MTCH_PROC_FAM,*,beam-hcp,*,ebaas-hcp-cdb-systestalpha,1,cleanup.policy=compact:delete.retention.ms=1209600000:max.compaction.lag.ms=86400000:compression.type=gzip,michael.a.schlosser@optum.com:timothy.drahn@optum.com:joseph.gunvalson@optum.com,mschlos2:tdrahn:jgunvals,FULL
hcp-eligibility.ATTTEST.CDB.F6435DBS.INDIRECT_ETHNC_PREF_TYP,*,beam-hcp,*,ebaas-hcp-cdb-systestalpha,1,cleanup.policy=compact:delete.retention.ms=1209600000:max.compaction.lag.ms=86400000:compression.type=gzip,michael.a.schlosser@optum.com:timothy.drahn@optum.com:joseph.gunvalson@optum.com,mschlos2:tdrahn:jgunvals,FULL
hcp-eligibility.ATTTEST.CDB.F6435DBS.INDIRECT_RACE_PREF_TYP,*,beam-hcp,*,ebaas-hcp-cdb-systestalpha,1,cleanup.policy=compact:delete.retention.ms=1209600000:max.compaction.lag.ms=86400000:compression.type=gzip,michael.a.schlosser@optum.com:timothy.drahn@optum.com:joseph.gunvalson@optum.com,mschlos2:tdrahn:jgunvals,FULL
hcp-eligibility.ATTTEST.CDB.F6435DBS.IRS_1095_IRS_LTR_SND,*,beam-hcp,*,ebaas-hcp-cdb-systestalpha,10,cleanup.policy=compact:delete.retention.ms=1209600000:max.compaction.lag.ms=86400000:compression.type=gzip,michael.a.schlosser@optum.com:timothy.drahn@optum.com:joseph.gunvalson@optum.com,mschlos2:tdrahn:jgunvals,FULL
hcp-eligibility.ATTTEST.CDB.F6435DBS.IRS_1095_LTR_EXCL,*,beam-hcp,*,ebaas-hcp-cdb-systestalpha,1,cleanup.policy=compact:delete.retention.ms=1209600000:max.compaction.lag.ms=86400000:compression.type=gzip,michael.a.schlosser@optum.com:timothy.drahn@optum.com:joseph.gunvalson@optum.com,mschlos2:tdrahn:jgunvals,FULL
hcp-eligibility.ATTTEST.CDB.F6435DBS.IRS_1095_LTR_SND,*,beam-hcp,*,ebaas-hcp-cdb-systestalpha,10,cleanup.policy=compact:delete.retention.ms=1209600000:max.compaction.lag.ms=86400000:compression.type=gzip,michael.a.schlosser@optum.com:timothy.drahn@optum.com:joseph.gunvalson@optum.com,mschlos2:tdrahn:jgunvals,FULL
hcp-eligibility.ATTTEST.CDB.F6435DBS.IRS_1095_ST_LTR_SND,*,beam-hcp,*,ebaas-hcp-cdb-systestalpha,10,cleanup.policy=compact:delete.retention.ms=1209600000:max.compaction.lag.ms=86400000:compression.type=gzip,michael.a.schlosser@optum.com:timothy.drahn@optum.com:joseph.gunvalson@optum.com,mschlos2:tdrahn:jgunvals,FULL
hcp-eligibility.ATTTEST.CDB.F6435DBS.LAB_TYP,*,beam-hcp,*,ebaas-hcp-cdb-systestalpha,1,cleanup.policy=compact:delete.retention.ms=1209600000:max.compaction.lag.ms=86400000:compression.type=gzip,michael.a.schlosser@optum.com:timothy.drahn@optum.com:joseph.gunvalson@optum.com,mschlos2:tdrahn:jgunvals,FULL
hcp-eligibility.ATTTEST.CDB.F6435DBS.LANG_PREF_TYP,*,beam-hcp,*,ebaas-hcp-cdb-systestalpha,1,cleanup.policy=compact:delete.retention.ms=1209600000:max.compaction.lag.ms=86400000:compression.type=gzip,michael.a.schlosser@optum.com:timothy.drahn@optum.com:joseph.gunvalson@optum.com,mschlos2:tdrahn:jgunvals,FULL
hcp-eligibility.ATTTEST.CDB.F6435DBS.LF_BEN_SET_DET,*,beam-hcp,*,ebaas-hcp-cdb-systestalpha,1,cleanup.policy=compact:delete.retention.ms=1209600000:max.compaction.lag.ms=86400000:compression.type=gzip,michael.a.schlosser@optum.com:timothy.drahn@optum.com:joseph.gunvalson@optum.com,mschlos2:tdrahn:jgunvals,FULL
hcp-eligibility.ATTTEST.CDB.F6435DBS.L_CNSM_SRCH,*,beam-hcp,*,ebaas-hcp-cdb-systestalpha,100,cleanup.policy=compact:delete.retention.ms=1209600000:max.compaction.lag.ms=86400000:compression.type=gzip,timothy.drahn@optum.com:michael.a.schlosser@optum.com:joseph.gunvalson@optum.com,tdrahn:mschlos2:jgunvals,FULL
hcp-eligibility.ATTTEST.CDB.F6435DBS.L_COV_PRDT_DT,*,beam-hcp,*,ebaas-hcp-cdb-systestalpha,150,cleanup.policy=compact:delete.retention.ms=1209600000:max.compaction.lag.ms=86400000:compression.type=gzip,timothy.drahn@optum.com:michael.a.schlosser@optum.com:joseph.gunvalson@optum.com,tdrahn:mschlos2:jgunvals,FULL
hcp-eligibility.ATTTEST.CDB.F6435DBS.L_COV_PRDT_PCD,*,beam-hcp,*,ebaas-hcp-cdb-systestalpha,5,cleanup.policy=compact:delete.retention.ms=1209600000:max.compaction.lag.ms=86400000:compression.type=gzip,michael.a.schlosser@optum.com:timothy.drahn@optum.com:joseph.gunvalson@optum.com,mschlos2:tdrahn:jgunvals,FULL
hcp-eligibility.ATTTEST.CDB.F6435DBS.L_COV_PRDT_PCP,*,beam-hcp,*,ebaas-hcp-cdb-systestalpha,10,cleanup.policy=compact:delete.retention.ms=1209600000:max.compaction.lag.ms=86400000:compression.type=gzip,michael.a.schlosser@optum.com:timothy.drahn@optum.com:joseph.gunvalson@optum.com,mschlos2:tdrahn:jgunvals,FULL
hcp-eligibility.ATTTEST.CDB.F6435DBS.L_FINC_ACCT,*,beam-hcp,*,ebaas-hcp-cdb-systestalpha,10,cleanup.policy=compact:delete.retention.ms=1209600000:max.compaction.lag.ms=86400000:compression.type=gzip,michael.a.schlosser@optum.com:timothy.drahn@optum.com:joseph.gunvalson@optum.com,mschlos2:tdrahn:jgunvals,FULL
hcp-eligibility.ATTTEST.CDB.F6435DBS.L_HLT_SRV_DT,*,beam-hcp,*,ebaas-hcp-cdb-systestalpha,25,cleanup.policy=compact:delete.retention.ms=1209600000:max.compaction.lag.ms=86400000:compression.type=gzip,michael.a.schlosser@optum.com:timothy.drahn@optum.com:joseph.gunvalson@optum.com,mschlos2:tdrahn:jgunvals,FULL
hcp-eligibility.ATTTEST.CDB.F6435DBS.L_LF_DIS_PRDT_DT,*,beam-hcp,*,ebaas-hcp-cdb-systestalpha,10,cleanup.policy=compact:delete.retention.ms=1209600000:max.compaction.lag.ms=86400000:compression.type=gzip,michael.a.schlosser@optum.com:timothy.drahn@optum.com:joseph.gunvalson@optum.com,mschlos2:tdrahn:jgunvals,FULL
hcp-eligibility.ATTTEST.CDB.F6435DBS.MDCR_PART_TYP,*,beam-hcp,*,ebaas-hcp-cdb-systestalpha,1,cleanup.policy=compact:delete.retention.ms=1209600000:max.compaction.lag.ms=86400000:compression.type=gzip,michael.a.schlosser@optum.com:timothy.drahn@optum.com:joseph.gunvalson@optum.com,mschlos2:tdrahn:jgunvals,FULL
hcp-eligibility.ATTTEST.CDB.F6435DBS.MGRT_SRC_ID_XREF,*,beam-hcp,*,ebaas-hcp-cdb-systestalpha,5,cleanup.policy=compact:delete.retention.ms=1209600000:max.compaction.lag.ms=86400000:compression.type=gzip,michael.a.schlosser@optum.com:timothy.drahn@optum.com:joseph.gunvalson@optum.com,mschlos2:tdrahn:jgunvals,FULL
hcp-eligibility.ATTTEST.CDB.F6435DBS.MKT_SITE,*,beam-hcp,*,ebaas-hcp-cdb-systestalpha,3,cleanup.policy=compact:delete.retention.ms=1209600000:max.compaction.lag.ms=86400000:compression.type=gzip,michael.a.schlosser@optum.com:timothy.drahn@optum.com:joseph.gunvalson@optum.com,mschlos2:tdrahn:jgunvals,FULL
hcp-eligibility.ATTTEST.CDB.F6435DBS.ML_CNSM_ADR,*,beam-hcp,*,ebaas-hcp-cdb-systestalpha,30,cleanup.policy=compact:delete.retention.ms=1209600000:max.compaction.lag.ms=86400000:compression.type=gzip,timothy.drahn@optum.com:michael.a.schlosser@optum.com:joseph.gunvalson@optum.com,tdrahn:mschlos2:jgunvals,FULL
hcp-eligibility.ATTTEST.CDB.F6435DBS.ML_CNSM_ELCTR_ADR,*,beam-hcp,*,ebaas-hcp-cdb-systestalpha,30,cleanup.policy=compact:delete.retention.ms=1209600000:max.compaction.lag.ms=86400000:compression.type=gzip,timothy.drahn@optum.com:michael.a.schlosser@optum.com:joseph.gunvalson@optum.com,tdrahn:mschlos2:jgunvals,FULL
hcp-eligibility.ATTTEST.CDB.F6435DBS.ML_CNSM_TEL,*,beam-hcp,*,ebaas-hcp-cdb-systestalpha,30,cleanup.policy=compact:delete.retention.ms=1209600000:max.compaction.lag.ms=86400000:compression.type=gzip,timothy.drahn@optum.com:michael.a.schlosser@optum.com:joseph.gunvalson@optum.com,tdrahn:mschlos2:jgunvals,FULL
hcp-eligibility.ATTTEST.CDB.F6435DBS.ML_CNSM_XREF,*,beam-hcp,*,ebaas-hcp-cdb-systestalpha,150,cleanup.policy=compact:delete.retention.ms=1209600000:max.compaction.lag.ms=86400000:compression.type=gzip,timothy.drahn@optum.com:michael.a.schlosser@optum.com:joseph.gunvalson@optum.com,tdrahn:mschlos2:jgunvals,FULL
hcp-eligibility.ATTTEST.CDB.F6435DBS.MRTL_STS_TYP,*,beam-hcp,*,ebaas-hcp-cdb-systestalpha,1,cleanup.policy=compact:delete.retention.ms=1209600000:max.compaction.lag.ms=86400000:compression.type=gzip,michael.a.schlosser@optum.com:timothy.drahn@optum.com:joseph.gunvalson@optum.com,mschlos2:tdrahn:jgunvals,FULL
hcp-eligibility.ATTTEST.CDB.F6435DBS.OI_PRIMACY_RSN_TYP,*,beam-hcp,*,ebaas-hcp-cdb-systestalpha,1,cleanup.policy=compact:delete.retention.ms=1209600000:max.compaction.lag.ms=86400000:compression.type=gzip,michael.a.schlosser@optum.com:timothy.drahn@optum.com:joseph.gunvalson@optum.com,mschlos2:tdrahn:jgunvals,FULL
hcp-eligibility.ATTTEST.CDB.F6435DBS.OTHR_INS_DTL,*,beam-hcp,*,ebaas-hcp-cdb-systestalpha,3,cleanup.policy=compact:delete.retention.ms=1209600000:max.compaction.lag.ms=86400000:compression.type=gzip,michael.a.schlosser@optum.com:timothy.drahn@optum.com:joseph.gunvalson@optum.com,mschlos2:tdrahn:jgunvals,FULL
hcp-eligibility.ATTTEST.CDB.F6435DBS.PLN_BEN_SET,*,beam-hcp,*,ebaas-hcp-cdb-systestalpha,10,cleanup.policy=compact:delete.retention.ms=1209600000:max.compaction.lag.ms=86400000:compression.type=gzip,michael.a.schlosser@optum.com:timothy.drahn@optum.com:joseph.gunvalson@optum.com,mschlos2:tdrahn:jgunvals,FULL
hcp-eligibility.ATTTEST.CDB.F6435DBS.PLN_BEN_SET_DET,*,beam-hcp,*,ebaas-hcp-cdb-systestalpha,10,cleanup.policy=compact:delete.retention.ms=1209600000:max.compaction.lag.ms=86400000:compression.type=gzip,michael.a.schlosser@optum.com:timothy.drahn@optum.com:joseph.gunvalson@optum.com,mschlos2:tdrahn:jgunvals,FULL
hcp-eligibility.ATTTEST.CDB.F6435DBS.POL_DET,*,beam-hcp,*,ebaas-hcp-cdb-systestalpha,3,cleanup.policy=compact:delete.retention.ms=1209600000:max.compaction.lag.ms=86400000:compression.type=gzip,michael.a.schlosser@optum.com:timothy.drahn@optum.com:joseph.gunvalson@optum.com,mschlos2:tdrahn:jgunvals,FULL
hcp-eligibility.ATTTEST.CDB.F6435DBS.POL_INFO,*,beam-hcp,*,ebaas-hcp-cdb-systestalpha,3,cleanup.policy=compact:delete.retention.ms=1209600000:max.compaction.lag.ms=86400000:compression.type=gzip,michael.a.schlosser@optum.com:timothy.drahn@optum.com:joseph.gunvalson@optum.com,mschlos2:tdrahn:jgunvals,FULL
hcp-eligibility.ATTTEST.CDB.F6435DBS.PREF_CTR_CNSM_ADR,*,beam-hcp,*,ebaas-hcp-cdb-systestalpha,10,cleanup.policy=compact:delete.retention.ms=1209600000:max.compaction.lag.ms=86400000:compression.type=gzip,michael.a.schlosser@optum.com:timothy.drahn@optum.com:joseph.gunvalson@optum.com,mschlos2:tdrahn:jgunvals,FULL
hcp-eligibility.ATTTEST.CDB.F6435DBS.PREF_CTR_CNSM_TEL,*,beam-hcp,*,ebaas-hcp-cdb-systestalpha,5,cleanup.policy=compact:delete.retention.ms=1209600000:max.compaction.lag.ms=86400000:compression.type=gzip,michael.a.schlosser@optum.com:timothy.drahn@optum.com:joseph.gunvalson@optum.com,mschlos2:tdrahn:jgunvals,FULL
hcp-eligibility.ATTTEST.CDB.F6435DBS.PREF_CTR_ELCTR_ADR,*,beam-hcp,*,ebaas-hcp-cdb-systestalpha,10,cleanup.policy=compact:delete.retention.ms=1209600000:max.compaction.lag.ms=86400000:compression.type=gzip,michael.a.schlosser@optum.com:timothy.drahn@optum.com:joseph.gunvalson@optum.com,mschlos2:tdrahn:jgunvals,FULL
hcp-eligibility.ATTTEST.CDB.F6435DBS.PREF_CTR_LANG_PREF,*,beam-hcp,*,ebaas-hcp-cdb-systestalpha,5,cleanup.policy=compact:delete.retention.ms=1209600000:max.compaction.lag.ms=86400000:compression.type=gzip,michael.a.schlosser@optum.com:timothy.drahn@optum.com:joseph.gunvalson@optum.com,mschlos2:tdrahn:jgunvals,FULL
hcp-eligibility.ATTTEST.CDB.F6435DBS.PROC_CTL_DTL,*,beam-hcp,*,ebaas-hcp-cdb-systestalpha,3,cleanup.policy=compact:delete.retention.ms=1209600000:max.compaction.lag.ms=86400000:compression.type=gzip,michael.a.schlosser@optum.com:timothy.drahn@optum.com:joseph.gunvalson@optum.com,mschlos2:tdrahn:jgunvals,FULL
hcp-eligibility.ATTTEST.CDB.F6435DBS.RX_BEN_SET_DET,*,beam-hcp,*,ebaas-hcp-cdb-systestalpha,3,cleanup.policy=compact:delete.retention.ms=1209600000:max.compaction.lag.ms=86400000:compression.type=gzip,michael.a.schlosser@optum.com:timothy.drahn@optum.com:joseph.gunvalson@optum.com,mschlos2:tdrahn:jgunvals,FULL
hcp-eligibility.ATTTEST.CDB.F6435DBS.SBSCR_REL_TYP,*,beam-hcp,*,ebaas-hcp-cdb-systestalpha,1,cleanup.policy=compact:delete.retention.ms=1209600000:max.compaction.lag.ms=86400000:compression.type=gzip,michael.a.schlosser@optum.com:timothy.drahn@optum.com:joseph.gunvalson@optum.com,mschlos2:tdrahn:jgunvals,FULL
hcp-eligibility.ATTTEST.CDB.F6435DBS.SRC_CDB_XREF,*,beam-hcp,*,ebaas-hcp-cdb-systestalpha,100,cleanup.policy=compact:delete.retention.ms=1209600000:max.compaction.lag.ms=86400000:compression.type=gzip,timothy.drahn@optum.com:michael.a.schlosser@optum.com:joseph.gunvalson@optum.com,tdrahn:mschlos2:jgunvals,FULL
hcp-eligibility.ATTTEST.CDB.F6435DBS.SRC_SYS_ID,*,beam-hcp,*,ebaas-hcp-cdb-systestalpha,1,cleanup.policy=compact:delete.retention.ms=1209600000:max.compaction.lag.ms=86400000:compression.type=gzip,michael.a.schlosser@optum.com:timothy.drahn@optum.com:joseph.gunvalson@optum.com,mschlos2:tdrahn:jgunvals,FULL
hcp-eligibility.ATTTEST.CDB.F6435DBS.TOPS_COV_LVL_TYP,*,beam-hcp,*,ebaas-hcp-cdb-systestalpha,1,cleanup.policy=compact:delete.retention.ms=1209600000:max.compaction.lag.ms=86400000:compression.type=gzip,michael.a.schlosser@optum.com:timothy.drahn@optum.com:joseph.gunvalson@optum.com,mschlos2:tdrahn:jgunvals,FULL
hcp-eligibility.ATTTEST.CDB.F6435DBS.UHG_ETHNC_SEL_TYP,*,beam-hcp,*,ebaas-hcp-cdb-systestalpha,1,cleanup.policy=compact:delete.retention.ms=1209600000:max.compaction.lag.ms=86400000:compression.type=gzip,michael.a.schlosser@optum.com:timothy.drahn@optum.com:joseph.gunvalson@optum.com,mschlos2:tdrahn:jgunvals,FULL
hcp-eligibility.ATTTEST.CDB.F6435DBS.UHG_RACE_SEL_TYP,*,beam-hcp,*,ebaas-hcp-cdb-systestalpha,1,cleanup.policy=compact:delete.retention.ms=1209600000:max.compaction.lag.ms=86400000:compression.type=gzip,michael.a.schlosser@optum.com:timothy.drahn@optum.com:joseph.gunvalson@optum.com,mschlos2:tdrahn:jgunvals,FULL
hcp-eligibility.ATTTEST.CDB.F6435DBS.VEND_BEN_DTL,*,beam-hcp,*,ebaas-hcp-cdb-systestalpha,10,cleanup.policy=compact:delete.retention.ms=1209600000:max.compaction.lag.ms=86400000:compression.type=gzip,michael.a.schlosser@optum.com:timothy.drahn@optum.com:joseph.gunvalson@optum.com,mschlos2:tdrahn:jgunvals,FULL
hcp-eligibility.ATTTEST.CDB.F6435SRS.CDB_SECURITY,*,beam-hcp,*,ebaas-hcp-cdb-systestalpha,1,cleanup.policy=compact:delete.retention.ms=1209600000:max.compaction.lag.ms=86400000:compression.type=gzip,michael.a.schlosser@optum.com:timothy.drahn@optum.com:joseph.gunvalson@optum.com,mschlos2:tdrahn:jgunvals,FULL
hcp-eligibility.ATTTEST.CDB.F6435SRS.SRCH_SRC_CD_CNTL,*,beam-hcp,*,ebaas-hcp-cdb-systestalpha,2,cleanup.policy=compact:delete.retention.ms=1209600000:max.compaction.lag.ms=86400000:compression.type=gzip,michael.a.schlosser@optum.com:timothy.drahn@optum.com:joseph.gunvalson@optum.com,mschlos2:tdrahn:jgunvals,FULL
