topic,producer_hosts,producer_cn,consumer_hosts,consumer_cn,partitions,config,email,ms-id,compatibility
hcp.cdb.systest-alpha.data.eligibility.consumer-role-permission.v3,*,ebaas-hcp-cdb-systestalpha,*,core-api-platform-loader-stage,1,cleanup.policy=compact:delete.retention.ms=1209600000:max.compaction.lag.ms=86400000:compression.type=gzip,timothy.drahn@optum.com:scott_strzynski@optum.com:dave.reines@optum.com:kevin_schultz@optum.com:nicholas.gramstad@optum.com:thomas.kuisel@optum.com,tdrahn:sstrzyns:dreines:kschul16:ngramsta:tkuisel,FULL
hcp.cdb.systest-alpha.data.eligibility.coordination-of-benefits.v3,*,ebaas-hcp-cdb-systestalpha,*:*,beam-hcp:core-api-platform-loader-stage,30,cleanup.policy=compact:delete.retention.ms=1209600000:max.compaction.lag.ms=86400000:compression.type=gzip,timothy.drahn@optum.com:scott_strzynski@optum.com:dave.reines@optum.com:kevin_schultz@optum.com:nicholas.gramstad@optum.com:thomas.kuisel@optum.com,tdrahn:sstrzyns:dreines:kschul16:ngramsta:tkuisel,FULL
hcp.cdb.systest-alpha.data.eligibility.coordination-of-benefits.v4,*,ebaas-hcp-cdb-systestalpha,*:*,beam-hcp:core-api-platform-loader-stage,30,cleanup.policy=compact:delete.retention.ms=1209600000:max.compaction.lag.ms=86400000:compression.type=gzip,timothy.drahn@optum.com:scott_strzynski@optum.com:harish.dontineni@optum.com,tdrahn:sstrzyns:hdontin,FULL
hcp.cdb.systest-alpha.data.eligibility.eligibility.v3,*,ebaas-hcp-cdb-systestalpha,*:*,beam-hcp:core-api-platform-loader-stage,100,cleanup.policy=compact:delete.retention.ms=1209600000:max.compaction.lag.ms=86400000:compression.type=gzip,timothy.drahn@optum.com:scott_strzynski@optum.com:dave.reines@optum.com:kevin_schultz@optum.com:nicholas.gramstad@optum.com:thomas.kuisel@optum.com,tdrahn:sstrzyns:dreines:kschul16:ngramsta:tkuisel,FULL
hcp.cdb.systest-alpha.data.eligibility.member-population.v3,*,ebaas-hcp-cdb-systestalpha,*:*,beam-hcp:core-api-platform-loader-stage,30,cleanup.policy=compact:delete.retention.ms=1209600000:max.compaction.lag.ms=86400000:compression.type=gzip,timothy.drahn@optum.com:scott_strzynski@optum.com:dave.reines@optum.com:kevin_schultz@optum.com:nicholas.gramstad@optum.com:thomas.kuisel@optum.com,tdrahn:sstrzyns:dreines:kschul16:ngramsta:tkuisel,FULL
hcp.cdb.systest-alpha.data.eligibility.provider-selection.v3,*,ebaas-hcp-cdb-systestalpha,*:*,beam-hcp:core-api-platform-loader-stage,30,cleanup.policy=compact:delete.retention.ms=1209600000:max.compaction.lag.ms=86400000:compression.type=gzip,timothy.drahn@optum.com:scott_strzynski@optum.com:dave.reines@optum.com:kevin_schultz@optum.com:nicholas.gramstad@optum.com:thomas.kuisel@optum.com,tdrahn:sstrzyns:dreines:kschul16:ngramsta:tkuisel,FULL
hcp.cdb.systest-alpha.data.eligibility.subscriber.v3,*,ebaas-hcp-cdb-systestalpha,*,ebaas-hcp-cdb-systestalpha,75,cleanup.policy=compact:delete.retention.ms=1209600000:max.compaction.lag.ms=86400000:compression.type=gzip,timothy.drahn@optum.com,tdrahn,FULL
ohas.cdb.systest-alpha.data.eligibility.eligibility.v3,*,beam-hcp,,,30,cleanup.policy=compact:delete.retention.ms=1209600000:max.compaction.lag.ms=86400000:compression.type=gzip,timothy.drahn@optum.com:vigneshwaran.asaithambi@optum.com,tdrahn:vrathin,FULL
whm.cdb.systest-alpha.data.eligibility.eligibility.v3,*,beam-hcp,*:*,whm-eligibility:ebaas-phs-womenshealth-stage,30,cleanup.policy=compact:delete.retention.ms=1209600000:max.compaction.lag.ms=86400000:compression.type=gzip,timothy.drahn@optum.com:harish_dontineni@optum.com,tdrahn:hdontin,FULL
whm.cdb.systest-alpha.data.eligibility.member-population.v3,*,beam-hcp,*:*,whm-member-population:ebaas-phs-womenshealth-stage,30,cleanup.policy=compact:delete.retention.ms=1209600000:max.compaction.lag.ms=86400000:compression.type=gzip,timothy.drahn@optum.com:harish_dontineni@optum.com,tdrahn:hdontin,FULL
