topic,producer-hosts,producer-cn,consumer-hosts,consumer-cn,partitions,config,email,ms-id,compatibility
kaas.hcp.cirrus-individual-stream-alpha,*,ebaas-usp-cirrus-alpha,*,beam-usp,10,cleanup.policy=compact:delete.retention.ms=1209600000:max.compaction.lag.ms=86400000:compression.type=gzip,maruthi.lakkamraju@optum.com:veerakumar.esakimuthu@optum.com,vesakimu:mlakkamr,FULL
kaas.hcp.cirrus-eligibility-stream-alpha,*,ebaas-usp-cirrus-alpha,*:*:*:*:*,beam-usp:rally-health-nonprod:whm-cirrus-alpha-eligibility:core-api-platform-loader-stage:ebaas-phs-womenshealth-stage,10,cleanup.policy=compact:delete.retention.ms=1209600000:max.compaction.lag.ms=86400000:compression.type=gzip,maruthi.lakkamraju@optum.com:veerakumar.esakimuthu@optum.com,vesakimu:mlakkamr,FULL
kaas.hcp.cirrus-provider-selection-stream-alpha,*,ebaas-usp-cirrus-alpha,*:*:*,beam-usp:rally-health-nonprod:core-api-platform-loader-stage,10,cleanup.policy=compact:delete.retention.ms=1209600000:max.compaction.lag.ms=86400000:compression.type=gzip,maruthi.lakkamraju@optum.com:veerakumar.esakimuthu@optum.com,vesakimu:mlakkamr,FULL
kaas.hcp.cirrus-cob-stream-alpha,*,ebaas-usp-cirrus-alpha,*:*:*,beam-usp:rally-health-nonprod:core-api-platform-loader-stage,10,cleanup.policy=compact:delete.retention.ms=1209600000:max.compaction.lag.ms=86400000:compression.type=gzip,maruthi.lakkamraju@optum.com:veerakumar.esakimuthu@optum.com,vesakimu:mlakkamr,FULL
