topic,producer-hosts,producer-cn,consumer-hosts,consumer-cn,partitions,config,email,ms-id,compatibility
boss.prod.canonical.population-group-offering.v1,*,ebaas-profile-boss-prod,*:*:*:*,beam-profile-prod:eaip-consumer-prod:ebaas-phs-womenshealth-prod:core-api-platform-loader-prod,8,cleanup.policy=compact:delete.retention.ms=1209600000:max.compaction.lag.ms=86400000:compression.type=gzip,a.anderson@optum.com:tara.mulakaluri@optum.com:karthikeyan.muruganantham@optum.com,aander77:tmulaka:tgraber4,FULL
boss.prod.canonical.population-group-customer.v1,*,ebaas-profile-boss-prod,*:*:*:*,beam-profile-prod:eaip-consumer-prod:ebaas-phs-womenshealth-prod:core-api-platform-loader-prod,16,cleanup.policy=compact:delete.retention.ms=1209600000:max.compaction.lag.ms=86400000:compression.type=gzip,a.anderson@optum.com:tara.mulakaluri@optum.com:karthikeyan.muruganantham@optum.com,aander77:tmulaka:tgraber4,FULL
boss.prod.canonical.product-catalog-item.v1,*,ebaas-profile-boss-prod,*:*:*,beam-profile-prod:eaip-consumer-prod:core-api-platform-loader-prod,8,cleanup.policy=compact:delete.retention.ms=1209600000:max.compaction.lag.ms=86400000:compression.type=gzip,a.anderson@optum.com:tara.mulakaluri@optum.com:karthikeyan.muruganantham@optum.com,aander77:tmulaka:tgraber4,FULL
boss.prod.canonical.service-agreement.v1,*,ebaas-profile-boss-prod,*:*:*:*,beam-profile-prod:eaip-consumer-prod:ebaas-phs-womenshealth-prod:core-api-platform-loader-prod,16,cleanup.policy=compact:delete.retention.ms=1209600000:max.compaction.lag.ms=86400000:compression.type=gzip,a.anderson@optum.com:tara.mulakaluri@optum.com:karthikeyan.muruganantham@optum.com,aander77:tmulaka:tgraber4,FULL
boss.prod.canonical.product-component.v1,*,ebaas-profile-boss-prod,*:*:*,beam-profile-prod:eaip-consumer-prod:core-api-platform-loader-prod,8,cleanup.policy=compact:delete.retention.ms=1209600000:max.compaction.lag.ms=86400000:compression.type=gzip,a.anderson@optum.com:tara.mulakaluri@optum.com:karthikeyan.muruganantham@optum.com,aander77:tmulaka:tgraber4,FULL
boss.prod.canonical.product-catalog-item-component.v1,*,ebaas-profile-boss-prod,*:*:*,beam-profile-prod:eaip-consumer-prod:core-api-platform-loader-prod,1,cleanup.policy=compact:delete.retention.ms=1209600000:max.compaction.lag.ms=86400000:compression.type=gzip,a.anderson@optum.com:tara.mulakaluri@optum.com:karthikeyan.muruganantham@optum.com,aander77:tmulaka:tgraber4,FULL
boss.prod.canonical.security.v1,*,ebaas-profile-boss-prod,*:*:*,beam-profile-prod:eaip-consumer-prod:core-api-platform-loader-prod,2,cleanup.policy=compact:delete.retention.ms=1209600000:max.compaction.lag.ms=86400000:compression.type=gzip,a.anderson@optum.com:tara.mulakaluri@optum.com,aander77:tmulaka:tgraber4,FULL
