topic,producer_hosts,producer_cn,consumer_hosts,consumer_cn,partitions,config,email,ms-id,compatibility
hcp.cdb.prod.data.eligibility.consumer-role-permission.v3,*,ebaas-hcp-cdb-prod,*,core-api-platform-loader-prod,1,cleanup.policy=compact:delete.retention.ms=1209600000:max.compaction.lag.ms=86400000:compression.type=gzip,timothy.drahn@optum.com:scott_strzynski@optum.com:dave.reines@optum.com:kevin_schultz@optum.com:nicholas.gramstad@optum.com,tdrahn:sstrzyns:dreines:kschul16:ngramsta,FULL
hcp.cdb.prod.data.eligibility.coordination-of-benefits.v4,*,ebaas-hcp-cdb-prod,*:*,beam-hcp:core-api-platform-loader-prod,50,cleanup.policy=compact:delete.retention.ms=1209600000:max.compaction.lag.ms=86400000:compression.type=gzip,timothy.drahn@optum.com:scott_strzynski@optum.com:harish.dontineni@optum.com:nicholas.gramstad@optum.com,tdrahn:sstrzyns:hdontin:ngramsta,FULL
hcp.cdb.prod.data.eligibility.coordination-of-benefits.v3,*,ebaas-hcp-cdb-prod,*:*,beam-hcp:core-api-platform-loader-prod,50,cleanup.policy=compact:delete.retention.ms=1209600000:max.compaction.lag.ms=86400000:compression.type=gzip,timothy.drahn@optum.com:scott_strzynski@optum.com:dave.reines@optum.com:kevin_schultz@optum.com:nicholas.gramstad@optum.com,tdrahn:sstrzyns:dreines:kschul16:ngramsta,FULL
hcp.cdb.prod.data.eligibility.eligibility.v3-02,*,ebaas-hcp-cdb-prod,*:*,beam-hcp:core-api-platform-loader-prod,300,cleanup.policy=compact:delete.retention.ms=1209600000:max.compaction.lag.ms=86400000:compression.type=gzip,timothy.drahn@optum.com:scott_strzynski@optum.com:dave.reines@optum.com:kevin_schultz@optum.com:nicholas.gramstad@optum.com,tdrahn:sstrzyns:dreines:kschul16:ngramsta,FULL
hcp.cdb.prod.data.eligibility.member-population.v3,*,ebaas-hcp-cdb-prod,*:*,beam-hcp:core-api-platform-loader-prod,50,cleanup.policy=compact:delete.retention.ms=1209600000:max.compaction.lag.ms=86400000:compression.type=gzip,timothy.drahn@optum.com:scott_strzynski@optum.com:dave.reines@optum.com:kevin_schultz@optum.com:nicholas.gramstad@optum.com,tdrahn:sstrzyns:dreines:kschul16:ngramsta,FULL
hcp.cdb.prod.data.eligibility.provider-selection.v3,*,ebaas-hcp-cdb-prod,*:*,beam-hcp:core-api-platform-loader-prod,50,cleanup.policy=compact:delete.retention.ms=1209600000:max.compaction.lag.ms=86400000:compression.type=gzip,timothy.drahn@optum.com:scott_strzynski@optum.com:dave.reines@optum.com:kevin_schultz@optum.com:nicholas.gramstad@optum.com,tdrahn:sstrzyns:dreines:kschul16:ngramsta,FULL
hcp.cdb.prod.data.eligibility.subscriber.v3,*,ebaas-hcp-cdb-prod,*,ebaas-hcp-cdb-prod,200,cleanup.policy=compact:delete.retention.ms=1209600000:max.compaction.lag.ms=86400000:compression.type=gzip,timothy.drahn@optum.com:scott_strzynski@optum.com:dave.reines@optum.com:kevin_schultz@optum.com:nicholas.gramstad@optum.com,tdrahn:sstrzyns:dreines:kschul16:ngramsta,FULL
whm.cdb.prod.data.eligibility.eligibility.v3,*,beam-hcp,*:*,whm-eligibility:ebaas-phs-womenshealth-prod,100,cleanup.policy=compact:delete.retention.ms=1209600000:max.compaction.lag.ms=86400000:compression.type=gzip,timothy.drahn@optum.com:harish_dontineni@optum.com,tdrahn:hdontin,FULL
whm.cdb.prod.data.eligibility.member-population.v3,*,beam-hcp,*:*,whm-member-population:ebaas-phs-womenshealth-prod,20,cleanup.policy=compact:delete.retention.ms=1209600000:max.compaction.lag.ms=86400000:compression.type=gzip,timothy.drahn@optum.com:harish_dontineni@optum.com,tdrahn:hdontin,FULL
