topic,producer-hosts,producer-cn,consumer-hosts,consumer-cn,partitions,config,email,ms-id,compatibility
boss.canonical.population-group-offering.v1,*,ebaas-profile-boss-stage,*:*:*:*:*:*,beam-profile:eaip-consumer:whm-stg-pop-group-offering:ebaas-phs-womenshealth-stage:phmds-rds-consumer-stage:core-api-platform-loader-stage,8,cleanup.policy=compact:delete.retention.ms=1209600000:max.compaction.lag.ms=86400000:compression.type=gzip,a.anderson@optum.com:tara.mulakaluri@optum.com:brijesh_singh1@optum.com:PHA_PHMDS_RollingDataStones@ds.uhc.com:kevin_schultz@optum.com:pramod.putta@optum.com,aander77:tmulaka:bsingh48:ikhan105:kschul16:pputta3,FULL
boss.canonical.population-group-customer.v1,*,ebaas-profile-boss-stage,*:*:*:*:*:*,beam-profile:eaip-consumer:whm-stg-pop-group-customer:ebaas-phs-womenshealth-stage:phmds-rds-consumer-stage:core-api-platform-loader-stage,16,cleanup.policy=compact:delete.retention.ms=1209600000:max.compaction.lag.ms=86400000:compression.type=gzip,a.anderson@optum.com:tara.mulakaluri@optum.com:brijesh_singh1@optum.com:PHA_PHMDS_RollingDataStones@ds.uhc.com:kevin_schultz@optum.com:pramod.putta@optum.com,aander77:tmulaka:bsingh48:ikhan105:kschul16:pputta3,FULL
boss.canonical.product-catalog-item.v1,*,ebaas-profile-boss-stage,*:*:*:*,beam-profile:eaip-consumer:phmds-rds-consumer-stage:core-api-platform-loader-stage,8,cleanup.policy=compact:delete.retention.ms=1209600000:max.compaction.lag.ms=86400000:compression.type=gzip,a.anderson@optum.com:tara.mulakaluri@optum.com:PHA_PHMDS_RollingDataStones@ds.uhc.com:kevin_schultz@optum.com:pramod.putta@optum.com,aander77:tmulaka:ikhan105:kschul16:pputta3,FULL
boss.canonical.service-agreement.v1,*,ebaas-profile-boss-stage,*:*:*:*:*:*,beam-profile:eaip-consumer:whm-stg-service-agreement:ebaas-phs-womenshealth-stage:phmds-rds-consumer-stage:core-api-platform-loader-stage,16,cleanup.policy=compact:delete.retention.ms=1209600000:max.compaction.lag.ms=86400000:compression.type=gzip,a.anderson@optum.com:tara.mulakaluri@optum.com:brijesh_singh1@optum.com:PHA_PHMDS_RollingDataStones@ds.uhc.com:kevin_schultz@optum.com:pramod.putta@optum.com,aander77:tmulaka:bsingh48:ikhan105:kschul16:pputta3,FULL
boss.canonical.product-component.v1,*,ebaas-profile-boss-stage,*:*:*:*,beam-profile:eaip-consumer:phmds-rds-consumer-stage:core-api-platform-loader-stage,8,cleanup.policy=compact:delete.retention.ms=1209600000:max.compaction.lag.ms=86400000:compression.type=gzip,a.anderson@optum.com:tara.mulakaluri@optum.com:PHA_PHMDS_RollingDataStones@ds.uhc.com:kevin_schultz@optum.com:pramod.putta@optum.com,aander77:tmulaka:ikhan105:kschul16:pputta3,FULL
boss.canonical.product-catalog-item-component.v1,*,ebaas-profile-boss-stage,*:*:*:*,beam-profile:eaip-consumer:phmds-rds-consumer-stage:core-api-platform-loader-stage,1,cleanup.policy=compact:delete.retention.ms=1209600000:max.compaction.lag.ms=86400000:compression.type=gzip,a.anderson@optum.com:tara.mulakaluri@optum.com:PHA_PHMDS_RollingDataStones@ds.uhc.com:kevin_schultz@optum.com:pramod.putta@optum.com,aander77:tmulaka:ikhan105:kschul16:pputta3,FULL
boss.canonical.security.v1,*,ebaas-profile-boss-stage,*:*:*,beam-profile:eaip-consumer:core-api-platform-loader-stage,2,cleanup.policy=compact:delete.retention.ms=1209600000:max.compaction.lag.ms=86400000:compression.type=gzip,a.anderson@optum.com:tara.mulakaluri@optum.com:kevin_schultz@optum.com:pramod.putta@optum.com,aander77:tmulaka:kschul16:pputta3,FULL