topic,producer_hosts,producer_cn,consumer_hosts,consumer_cn,partitions,config,email,ms-id,compatibility
otu-labs.L_CNSM_SRCH,*,beam-hcp,*,ebaas-hcp-cdb-systestalpha,10,cleanup.policy=compact:delete.retention.ms=1209600000:max.compaction.lag.ms=86400000:compression.type=gzip,timothy.drahn@optum.com,tdrahn,FULL
otu-labs.L_COV_PRDT_PCD,*,beam-hcp,*,ebaas-hcp-cdb-systestalpha,10,cleanup.policy=compact:delete.retention.ms=1209600000:max.compaction.lag.ms=86400000:compression.type=gzip,timothy.drahn@optum.com,tdrahn,FULL
otu-labs.L_COV_PRDT_PCP,*,beam-hcp,*,ebaas-hcp-cdb-systestalpha,10,cleanup.policy=compact:delete.retention.ms=1209600000:max.compaction.lag.ms=86400000:compression.type=gzip,timothy.drahn@optum.com,tdrahn,FULL
out-labs.canonical.provider-selection,*,ebaas-hcp-cdb-systestalpha,,,10,cleanup.policy=compact:delete.retention.ms=1209600000:max.compaction.lag.ms=86400000:compression.type=gzip,timothy.drahn@optum.com,tdrahn,FULL
