topic,producer-hosts,producer-cn,consumer-hosts,consumer-cn,partitions,config,email,ms-id,compatibility
kaas.hcp.cirrus.member.composite-alpha,*,beam-usp,*,ebaas-usp-cirrus-alpha,8,cleanup.policy=compact:delete.retention.ms=604800000:compression.type=gzip,maruthi.lakkamraju@optum.com,mlakkamr,FULL
kaas.hcp.cirrus.memgroup.composite-alpha,*,beam-usp,*,ebaas-usp-cirrus-alpha,8,cleanup.policy=compact:delete.retention.ms=604800000:compression.type=gzip,maruthi.lakkamraju@optum.com,mlakkamr,FULL
kaas.c360.reference-data,*,beam-usp,*:*,ebaas-usp-cirrus-alpha:ebaas-usp-cirrus-prod,10,cleanup.policy=compact:delete.retention.ms=1209600000:max.compaction.lag.ms=86400000:compression.type=gzip,maruthi.lakkamraju@optum.com:veerakumar.esakimuthu@optum.com,vesakimu:mlakkamr,FULL
kaas.hcp.security-cirrus-alpha,*,beam-usp,*:*:*,ebaas-usp-cirrus-alpha:ebaas-usp-cirrus-prod:core-api-platform-loader-stage,2,cleanup.policy=compact:delete.retention.ms=604800000:max.compaction.lag.ms=86400000:compression.type=gzip,maruthi.lakkamraju@optum.com:veerakumar.esakimuthu@optum.com,vesakimu:mlakkamr,FULL
