topic,producer-hosts,producer-cn,consumer-hosts,consumer-cn,partitions,config,email,ms-id,compatibility
kaas.prod.elr.ATTPROD.BOS.BOSS.ACSS_LVL,*,beam-profile,*,ebaas-profile-boss-prod,1,cleanup.policy=compact:delete.retention.ms=1209600000:max.compaction.lag.ms=86400000:compression.type=gzip,a.anderson@optum.com:karthikeyan.muruganantham@optum.com:tara.mulakaluri@optum.com,aander77:tgraber4:tmulaka,FULL
kaas.prod.elr.ATTPROD.BOS.BOSS.ALT_CUST,*,beam-profile,*,ebaas-profile-boss-prod,8,cleanup.policy=compact:delete.retention.ms=1209600000:max.compaction.lag.ms=86400000:compression.type=gzip,a.anderson@optum.com:karthikeyan.muruganantham@optum.com:tara.mulakaluri@optum.com,aander77:tgraber4:tmulaka,FULL
kaas.prod.elr.ATTPROD.BOS.BOSS.API_SECUR,*,beam-profile,*,ebaas-profile-boss-prod,1,cleanup.policy=compact:delete.retention.ms=1209600000:max.compaction.lag.ms=86400000:compression.type=gzip,a.anderson@optum.com:karthikeyan.muruganantham@optum.com:tara.mulakaluri@optum.com,aander77:tgraber4:tmulaka,FULL
kaas.prod.elr.ATTPROD.BOS.BOSS.BEN_CNTC_TYP,*,beam-profile,*,ebaas-profile-boss-prod,1,cleanup.policy=compact:delete.retention.ms=1209600000:max.compaction.lag.ms=86400000:compression.type=gzip,a.anderson@optum.com:karthikeyan.muruganantham@optum.com:tara.mulakaluri@optum.com,aander77:tgraber4:tmulaka,FULL
kaas.prod.elr.ATTPROD.BOS.BOSS.CHNL,*,beam-profile,*,ebaas-profile-boss-prod,1,cleanup.policy=compact:delete.retention.ms=1209600000:max.compaction.lag.ms=86400000:compression.type=gzip,a.anderson@optum.com:karthikeyan.muruganantham@optum.com:tara.mulakaluri@optum.com,aander77:tgraber4:tmulaka,FULL
kaas.prod.elr.ATTPROD.BOS.BOSS.CO,*,beam-profile,*,ebaas-profile-boss-prod,1,cleanup.policy=compact:delete.retention.ms=1209600000:max.compaction.lag.ms=86400000:compression.type=gzip,a.anderson@optum.com:karthikeyan.muruganantham@optum.com:tara.mulakaluri@optum.com,aander77:tgraber4:tmulaka,FULL
kaas.prod.elr.ATTPROD.BOS.BOSS.CORE_PRDCT,*,beam-profile,*,ebaas-profile-boss-prod,1,cleanup.policy=compact:delete.retention.ms=1209600000:max.compaction.lag.ms=86400000:compression.type=gzip,a.anderson@optum.com:karthikeyan.muruganantham@optum.com:tara.mulakaluri@optum.com,aander77:tgraber4:tmulaka,FULL
kaas.prod.elr.ATTPROD.BOS.BOSS.CORE_PRDCT_CMPNT,*,beam-profile,*,ebaas-profile-boss-prod,1,cleanup.policy=compact:delete.retention.ms=1209600000:max.compaction.lag.ms=86400000:compression.type=gzip,a.anderson@optum.com:karthikeyan.muruganantham@optum.com:tara.mulakaluri@optum.com,aander77:tgraber4:tmulaka,FULL
kaas.prod.elr.ATTPROD.BOS.BOSS.CUST,*,beam-profile,*,ebaas-profile-boss-prod,2,cleanup.policy=compact:delete.retention.ms=1209600000:max.compaction.lag.ms=86400000:compression.type=gzip,a.anderson@optum.com:karthikeyan.muruganantham@optum.com:tara.mulakaluri@optum.com,aander77:tgraber4:tmulaka,FULL
kaas.prod.elr.ATTPROD.BOS.BOSS.CUST_BEN_CNTC,*,beam-profile,*,ebaas-profile-boss-prod,2,cleanup.policy=compact:delete.retention.ms=1209600000:max.compaction.lag.ms=86400000:compression.type=gzip,a.anderson@optum.com:karthikeyan.muruganantham@optum.com:tara.mulakaluri@optum.com,aander77:tgraber4:tmulaka,FULL
kaas.prod.elr.ATTPROD.BOS.BOSS.CUST_MKT_AVL,*,beam-profile,*,ebaas-profile-boss-prod,2,cleanup.policy=compact:delete.retention.ms=1209600000:max.compaction.lag.ms=86400000:compression.type=gzip,a.anderson@optum.com:karthikeyan.muruganantham@optum.com:tara.mulakaluri@optum.com,aander77:tgraber4:tmulaka,FULL
kaas.prod.elr.ATTPROD.BOS.BOSS.CUST_POP,*,beam-profile,*,ebaas-profile-boss-prod,2,cleanup.policy=compact:delete.retention.ms=1209600000:max.compaction.lag.ms=86400000:compression.type=gzip,a.anderson@optum.com:karthikeyan.muruganantham@optum.com:tara.mulakaluri@optum.com,aander77:tgraber4:tmulaka,FULL
kaas.prod.elr.ATTPROD.BOS.BOSS.CUST_POP_BEN_CNTC,*,beam-profile,*,ebaas-profile-boss-prod,2,cleanup.policy=compact:delete.retention.ms=1209600000:max.compaction.lag.ms=86400000:compression.type=gzip,a.anderson@optum.com:karthikeyan.muruganantham@optum.com:tara.mulakaluri@optum.com,aander77:tgraber4:tmulaka,FULL
kaas.prod.elr.ATTPROD.BOS.BOSS.CUST_POP_PROV_NTWK_CNTC,*,beam-profile,*,ebaas-profile-boss-prod,1,cleanup.policy=compact:delete.retention.ms=1209600000:max.compaction.lag.ms=86400000:compression.type=gzip,a.anderson@optum.com:karthikeyan.muruganantham@optum.com:tara.mulakaluri@optum.com,aander77:tgraber4:tmulaka,FULL
kaas.prod.elr.ATTPROD.BOS.BOSS.CUST_POP_RMD,*,beam-profile,*,ebaas-profile-boss-prod,2,cleanup.policy=compact:delete.retention.ms=1209600000:max.compaction.lag.ms=86400000:compression.type=gzip,a.anderson@optum.com:karthikeyan.muruganantham@optum.com:tara.mulakaluri@optum.com,aander77:tgraber4:tmulaka,FULL
kaas.prod.elr.ATTPROD.BOS.BOSS.DIV,*,beam-profile,*,ebaas-profile-boss-prod,1,cleanup.policy=compact:delete.retention.ms=1209600000:max.compaction.lag.ms=86400000:compression.type=gzip,a.anderson@optum.com:karthikeyan.muruganantham@optum.com:tara.mulakaluri@optum.com,aander77:tgraber4:tmulaka,FULL
kaas.prod.elr.ATTPROD.BOS.BOSS.EXTR_PRDCT,*,beam-profile,*,ebaas-profile-boss-prod,1,cleanup.policy=compact:delete.retention.ms=1209600000:max.compaction.lag.ms=86400000:compression.type=gzip,a.anderson@optum.com:karthikeyan.muruganantham@optum.com:tara.mulakaluri@optum.com,aander77:tgraber4:tmulaka,FULL
kaas.prod.elr.ATTPROD.BOS.BOSS.EXTR_PRDCT_INFO_MSG,*,beam-profile,*,ebaas-profile-boss-prod,1,cleanup.policy=compact:delete.retention.ms=1209600000:max.compaction.lag.ms=86400000:compression.type=gzip,a.anderson@optum.com:karthikeyan.muruganantham@optum.com:tara.mulakaluri@optum.com,aander77:tgraber4:tmulaka,FULL
kaas.prod.elr.ATTPROD.BOS.BOSS.EXTR_PRDCT_TYP,*,beam-profile,*,ebaas-profile-boss-prod,1,cleanup.policy=compact:delete.retention.ms=1209600000:max.compaction.lag.ms=86400000:compression.type=gzip,a.anderson@optum.com:karthikeyan.muruganantham@optum.com:tara.mulakaluri@optum.com,aander77:tgraber4:tmulaka,FULL
kaas.prod.elr.ATTPROD.BOS.BOSS.FUND_TYP,*,beam-profile,*,ebaas-profile-boss-prod,1,cleanup.policy=compact:delete.retention.ms=1209600000:max.compaction.lag.ms=86400000:compression.type=gzip,a.anderson@optum.com:karthikeyan.muruganantham@optum.com:tara.mulakaluri@optum.com,aander77:tgraber4:tmulaka,FULL
kaas.prod.elr.ATTPROD.BOS.BOSS.HLTH_COV_TYP,*,beam-profile,*,ebaas-profile-boss-prod,1,cleanup.policy=compact:delete.retention.ms=1209600000:max.compaction.lag.ms=86400000:compression.type=gzip,a.anderson@optum.com:karthikeyan.muruganantham@optum.com:tara.mulakaluri@optum.com,aander77:tgraber4:tmulaka,FULL
kaas.prod.elr.ATTPROD.BOS.BOSS.INFO_MSG_STS,*,beam-profile,*,ebaas-profile-boss-prod,1,cleanup.policy=compact:delete.retention.ms=1209600000:max.compaction.lag.ms=86400000:compression.type=gzip,a.anderson@optum.com:karthikeyan.muruganantham@optum.com:tara.mulakaluri@optum.com,aander77:tgraber4:tmulaka,FULL
kaas.prod.elr.ATTPROD.BOS.BOSS.MKT,*,beam-profile,*,ebaas-profile-boss-prod,1,cleanup.policy=compact:delete.retention.ms=1209600000:max.compaction.lag.ms=86400000:compression.type=gzip,a.anderson@optum.com:karthikeyan.muruganantham@optum.com:tara.mulakaluri@optum.com,aander77:tgraber4:tmulaka,FULL
kaas.prod.elr.ATTPROD.BOS.BOSS.MKT_PRDCT,*,beam-profile,*,ebaas-profile-boss-prod,1,cleanup.policy=compact:delete.retention.ms=1209600000:max.compaction.lag.ms=86400000:compression.type=gzip,a.anderson@optum.com:karthikeyan.muruganantham@optum.com:tara.mulakaluri@optum.com,aander77:tgraber4:tmulaka,FULL
kaas.prod.elr.ATTPROD.BOS.BOSS.MKT_PRDCT_CMPNT,*,beam-profile,*,ebaas-profile-boss-prod,2,cleanup.policy=compact:delete.retention.ms=1209600000:max.compaction.lag.ms=86400000:compression.type=gzip,a.anderson@optum.com:karthikeyan.muruganantham@optum.com:tara.mulakaluri@optum.com,aander77:tgraber4:tmulaka,FULL
kaas.prod.elr.ATTPROD.BOS.BOSS.MKT_PRDCT_CMPNT_ATR,*,beam-profile,*,ebaas-profile-boss-prod,1,cleanup.policy=compact:delete.retention.ms=1209600000:max.compaction.lag.ms=86400000:compression.type=gzip,a.anderson@optum.com:karthikeyan.muruganantham@optum.com:tara.mulakaluri@optum.com,aander77:tgraber4:tmulaka,FULL
kaas.prod.elr.ATTPROD.BOS.BOSS.MKT_PRDCT_CMPNT_INFO_MSG,*,beam-profile,*,ebaas-profile-boss-prod,1,cleanup.policy=compact:delete.retention.ms=1209600000:max.compaction.lag.ms=86400000:compression.type=gzip,a.anderson@optum.com:karthikeyan.muruganantham@optum.com:tara.mulakaluri@optum.com,aander77:tgraber4:tmulaka,FULL
kaas.prod.elr.ATTPROD.BOS.BOSS.MKT_PRDCT_INFO_MSG,*,beam-profile,*,ebaas-profile-boss-prod,1,cleanup.policy=compact:delete.retention.ms=1209600000:max.compaction.lag.ms=86400000:compression.type=gzip,a.anderson@optum.com:karthikeyan.muruganantham@optum.com:tara.mulakaluri@optum.com,aander77:tgraber4:tmulaka,FULL
kaas.prod.elr.ATTPROD.BOS.BOSS.MKT_PRDCT_MKT_PRDCT_SYS,*,beam-profile,*,ebaas-profile-boss-prod,1,cleanup.policy=compact:delete.retention.ms=1209600000:max.compaction.lag.ms=86400000:compression.type=gzip,a.anderson@optum.com:karthikeyan.muruganantham@optum.com:tara.mulakaluri@optum.com,aander77:tgraber4:tmulaka,FULL
kaas.prod.elr.ATTPROD.BOS.BOSS.MPC_CTLG_IND_SOP_TYP,*,beam-profile,*,ebaas-profile-boss-prod,2,cleanup.policy=compact:delete.retention.ms=1209600000:max.compaction.lag.ms=86400000:compression.type=gzip,a.anderson@optum.com:karthikeyan.muruganantham@optum.com:tara.mulakaluri@optum.com,aander77:tgraber4:tmulaka,FULL
kaas.prod.elr.ATTPROD.BOS.BOSS.MPC_OPER_FUNC_AREA,*,beam-profile,*,ebaas-profile-boss-prod,1,cleanup.policy=compact:delete.retention.ms=1209600000:max.compaction.lag.ms=86400000:compression.type=gzip,a.anderson@optum.com:karthikeyan.muruganantham@optum.com:tara.mulakaluri@optum.com,aander77:tgraber4:tmulaka,FULL
kaas.prod.elr.ATTPROD.BOS.BOSS.MPC_PRDCT_CMPNT_LVL_2,*,beam-profile,*,ebaas-profile-boss-prod,1,cleanup.policy=compact:delete.retention.ms=1209600000:max.compaction.lag.ms=86400000:compression.type=gzip,a.anderson@optum.com:karthikeyan.muruganantham@optum.com:tara.mulakaluri@optum.com,aander77:tgraber4:tmulaka,FULL
kaas.prod.elr.ATTPROD.BOS.BOSS.OPER_FUNC_AREA,*,beam-profile,*,ebaas-profile-boss-prod,1,cleanup.policy=compact:delete.retention.ms=1209600000:max.compaction.lag.ms=86400000:compression.type=gzip,a.anderson@optum.com:karthikeyan.muruganantham@optum.com:tara.mulakaluri@optum.com,aander77:tgraber4:tmulaka,FULL
kaas.prod.elr.ATTPROD.BOS.BOSS.PRCHSR,*,beam-profile,*,ebaas-profile-boss-prod,2,cleanup.policy=compact:delete.retention.ms=1209600000:max.compaction.lag.ms=86400000:compression.type=gzip,a.anderson@optum.com:karthikeyan.muruganantham@optum.com:tara.mulakaluri@optum.com,aander77:tgraber4:tmulaka,FULL
kaas.prod.elr.ATTPROD.BOS.BOSS.PRDCT_CATGY,*,beam-profile,*,ebaas-profile-boss-prod,1,cleanup.policy=compact:delete.retention.ms=1209600000:max.compaction.lag.ms=86400000:compression.type=gzip,a.anderson@optum.com:karthikeyan.muruganantham@optum.com:tara.mulakaluri@optum.com,aander77:tgraber4:tmulaka,FULL
kaas.prod.elr.ATTPROD.BOS.BOSS.PRDCT_CMPNT,*,beam-profile,*,ebaas-profile-boss-prod,1,cleanup.policy=compact:delete.retention.ms=1209600000:max.compaction.lag.ms=86400000:compression.type=gzip,a.anderson@optum.com:karthikeyan.muruganantham@optum.com:tara.mulakaluri@optum.com,aander77:tgraber4:tmulaka,FULL
kaas.prod.elr.ATTPROD.BOS.BOSS.PRDCT_CMPNT_ATR,*,beam-profile,*,ebaas-profile-boss-prod,1,cleanup.policy=compact:delete.retention.ms=1209600000:max.compaction.lag.ms=86400000:compression.type=gzip,a.anderson@optum.com:karthikeyan.muruganantham@optum.com:tara.mulakaluri@optum.com,aander77:tgraber4:tmulaka,FULL
kaas.prod.elr.ATTPROD.BOS.BOSS.PRDCT_UNIT,*,beam-profile,*,ebaas-profile-boss-prod,1,cleanup.policy=compact:delete.retention.ms=1209600000:max.compaction.lag.ms=86400000:compression.type=gzip,a.anderson@optum.com:karthikeyan.muruganantham@optum.com:tara.mulakaluri@optum.com,aander77:tgraber4:tmulaka,FULL
kaas.prod.elr.ATTPROD.BOS.BOSS.PROV_NTWK,*,beam-profile,*,ebaas-profile-boss-prod,1,cleanup.policy=compact:delete.retention.ms=1209600000:max.compaction.lag.ms=86400000:compression.type=gzip,a.anderson@optum.com:karthikeyan.muruganantham@optum.com:tara.mulakaluri@optum.com,aander77:tgraber4:tmulaka,FULL
kaas.prod.elr.ATTPROD.BOS.BOSS.PROV_NTWK_CNTC,*,beam-profile,*,ebaas-profile-boss-prod,1,cleanup.policy=compact:delete.retention.ms=1209600000:max.compaction.lag.ms=86400000:compression.type=gzip,a.anderson@optum.com:karthikeyan.muruganantham@optum.com:tara.mulakaluri@optum.com,aander77:tgraber4:tmulaka,FULL
kkaas.prod.elr.ATTPROD.BOS.BOSS.PRTN_ORG,*,beam-profile,*,ebaas-profile-boss-prod,1,cleanup.policy=compact:delete.retention.ms=1209600000:max.compaction.lag.ms=86400000:compression.type=gzip,a.anderson@optum.com:karthikeyan.muruganantham@optum.com:tara.mulakaluri@optum.com,aander77:tgraber4:tmulaka,FULL
kaas.prod.elr.ATTPROD.BOS.BOSS.REF_METH,*,beam-profile,*,ebaas-profile-boss-prod,1,cleanup.policy=compact:delete.retention.ms=1209600000:max.compaction.lag.ms=86400000:compression.type=gzip,a.anderson@optum.com:karthikeyan.muruganantham@optum.com:tara.mulakaluri@optum.com,aander77:tgraber4:tmulaka,FULL
kaas.prod.elr.ATTPROD.BOS.BOSS.SA,*,beam-profile,*,ebaas-profile-boss-prod,2,cleanup.policy=compact:delete.retention.ms=1209600000:max.compaction.lag.ms=86400000:compression.type=gzip,a.anderson@optum.com:karthikeyan.muruganantham@optum.com:tara.mulakaluri@optum.com,aander77:tgraber4:tmulaka,FULL
kkaas.prod.elr.ATTPROD.BOS.BOSS.SA_EXTR_PRDCT,*,beam-profile,*,ebaas-profile-boss-prod,2,cleanup.policy=compact:delete.retention.ms=1209600000:max.compaction.lag.ms=86400000:compression.type=gzip,a.anderson@optum.com:karthikeyan.muruganantham@optum.com:tara.mulakaluri@optum.com,aander77:tgraber4:tmulaka,FULL
kaas.prod.elr.ATTPROD.BOS.BOSS.SA_EXTR_PRDCT_INFO_MSG,*,beam-profile,*,ebaas-profile-boss-prod,2,cleanup.policy=compact:delete.retention.ms=1209600000:max.compaction.lag.ms=86400000:compression.type=gzip,a.anderson@optum.com:karthikeyan.muruganantham@optum.com:tara.mulakaluri@optum.com,aander77:tgraber4:tmulaka,FULL
kaas.prod.elr.ATTPROD.BOS.BOSS.SA_MKT_PRDCT,*,beam-profile,*,ebaas-profile-boss-prod,2,cleanup.policy=compact:delete.retention.ms=1209600000:max.compaction.lag.ms=86400000:compression.type=gzip,a.anderson@optum.com:karthikeyan.muruganantham@optum.com:tara.mulakaluri@optum.com,aander77:tgraber4:tmulaka,FULL
kaas.prod.elr.ATTPROD.BOS.BOSS.SA_MKT_PRDCT_CMPNT,*,beam-profile,*,ebaas-profile-boss-prod,16,cleanup.policy=compact:delete.retention.ms=1209600000:max.compaction.lag.ms=86400000:compression.type=gzip,a.anderson@optum.com:karthikeyan.muruganantham@optum.com:tara.mulakaluri@optum.com,aander77:tgraber4:tmulaka,FULL
kaas.prod.elr.ATTPROD.BOS.BOSS.SA_MKT_PRDCT_CMPNT_ATR,*,beam-profile,*,ebaas-profile-boss-prod,2,cleanup.policy=compact:delete.retention.ms=1209600000:max.compaction.lag.ms=86400000:compression.type=gzip,a.anderson@optum.com:karthikeyan.muruganantham@optum.com:tara.mulakaluri@optum.com,aander77:tgraber4:tmulaka,FULL
kaas.prod.elr.ATTPROD.BOS.BOSS.SA_MKT_PRDCT_CMPNT_INFO_MSG,*,beam-profile,*,ebaas-profile-boss-prod,2,cleanup.policy=compact:delete.retention.ms=1209600000:max.compaction.lag.ms=86400000:compression.type=gzip,a.anderson@optum.com:karthikeyan.muruganantham@optum.com:tara.mulakaluri@optum.com,aander77:tgraber4:tmulaka,FULL
kaas.prod.elr.ATTPROD.BOS.BOSS.SA_MKT_PRDCT_CUST_POP,*,beam-profile,*,ebaas-profile-boss-prod,2,cleanup.policy=compact:delete.retention.ms=1209600000:max.compaction.lag.ms=86400000:compression.type=gzip,a.anderson@optum.com:karthikeyan.muruganantham@optum.com:tara.mulakaluri@optum.com,aander77:tgraber4:tmulaka,FULL
kaas.prod.elr.ATTPROD.BOS.BOSS.SA_MKT_PRDCT_INFO_MSG,*,beam-profile,*,ebaas-profile-boss-prod,2,cleanup.policy=compact:delete.retention.ms=1209600000:max.compaction.lag.ms=86400000:compression.type=gzip,a.anderson@optum.com:karthikeyan.muruganantham@optum.com:tara.mulakaluri@optum.com,aander77:tgraber4:tmulaka,FULL
kaas.prod.elr.ATTPROD.BOS.BOSS.SA_RMD,*,beam-profile,*,ebaas-profile-boss-prod,2,cleanup.policy=compact:delete.retention.ms=1209600000:max.compaction.lag.ms=86400000:compression.type=gzip,a.anderson@optum.com:karthikeyan.muruganantham@optum.com:tara.mulakaluri@optum.com,aander77:tgraber4:tmulaka,FULL
kaas.prod.elr.ATTPROD.BOS.BOSS.SAI_EXPOR,*,beam-profile,*,ebaas-profile-boss-prod,1,cleanup.policy=compact:delete.retention.ms=1209600000:max.compaction.lag.ms=86400000:compression.type=gzip,a.anderson@optum.com:karthikeyan.muruganantham@optum.com:tara.mulakaluri@optum.com,aander77:tgraber4:tmulaka,FULL
kaas.prod.elr.ATTPROD.BOS.BOSS.SALE_ITM,*,beam-profile,*,ebaas-profile-boss-prod,1,cleanup.policy=compact:delete.retention.ms=1209600000:max.compaction.lag.ms=86400000:compression.type=gzip,a.anderson@optum.com:karthikeyan.muruganantham@optum.com:tara.mulakaluri@optum.com,aander77:tgraber4:tmulaka,FULL
kaas.prod.elr.ATTPROD.BOS.BOSS.SEG,*,beam-profile,*,ebaas-profile-boss-prod,1,cleanup.policy=compact:delete.retention.ms=1209600000:max.compaction.lag.ms=86400000:compression.type=gzip,a.anderson@optum.com:karthikeyan.muruganantham@optum.com:tara.mulakaluri@optum.com,aander77:tgraber4:tmulaka,FULL
kaas.prod.elr.ATTPROD.BOS.BOSS.SRC_SYS,*,beam-profile,*,ebaas-profile-boss-prod,1,cleanup.policy=compact:delete.retention.ms=1209600000:max.compaction.lag.ms=86400000:compression.type=gzip,a.anderson@optum.com:karthikeyan.muruganantham@optum.com:tara.mulakaluri@optum.com,aander77:tgraber4:tmulaka,FULL
