topic,producer-hosts,producer-cn,consumer-hosts,consumer-cn,partitions,config,email,msid
kaas.prod.elr.ATTPROD.RXS.APPLSYS.FND_LOOKUP_VALUES_encrypted,*:*,prod-ebaasenc-azure:ebaas-prod-azure-iris,*:*,ebaas-prod-azure-iris:prod-iris-reporting,16,cleanup.policy=compact:delete.retention.ms=1209600000:min.cleanable.dirty.ratio=0.2,milson@optum.com:chuck.chang@optum.com:michael.a.schlosser@optum.com:kyle.steiger@optum.com,mwils130:cchan11:mschlos2
kaas.prod.elr.ATTPROD.RXS.APPS.ORG_ORGANIZATION_DEFINITIONS_encrypted,*:*,prod-ebaasenc-azure:ebaas-prod-azure-iris,*:*,ebaas-prod-azure-iris:prod-iris-reporting,16,cleanup.policy=compact:delete.retention.ms=1209600000:min.cleanable.dirty.ratio=0.2,milson@optum.com:chuck.chang@optum.com:michael.a.schlosser@optum.com:kyle.steiger@optum.com,mwils130:cchan11:mschlos2
kaas.prod.elr.ATTPROD.RXS.AR.AR_PAYMENT_SCHEDULES_ALL_encrypted,*:*,prod-ebaasenc-azure:ebaas-prod-azure-iris,*:*,ebaas-prod-azure-iris:prod-iris-reporting,100,cleanup.policy=compact:delete.retention.ms=1209600000:min.cleanable.dirty.ratio=0.2,milson@optum.com:chuck.chang@optum.com:michael.a.schlosser@optum.com:kyle.steiger@optum.com,mwils130:cchan11:mschlos2
kaas.prod.elr.ATTPROD.RXS.AR.HZ_CONTACT_POINTS_encrypted,*:*,prod-ebaasenc-azure:ebaas-prod-azure-iris,*:*,ebaas-prod-azure-iris:prod-iris-reporting,100,cleanup.policy=compact:delete.retention.ms=1209600000:min.cleanable.dirty.ratio=0.2,milson@optum.com:chuck.chang@optum.com:michael.a.schlosser@optum.com:kyle.steiger@optum.com,mwils130:cchan11:mschlos2
kaas.prod.elr.ATTPROD.RXS.AR.HZ_CUST_ACCOUNTS_encrypted,*:*,prod-ebaasenc-azure:ebaas-prod-azure-iris,*:*,ebaas-prod-azure-iris:prod-iris-reporting,50,cleanup.policy=compact:delete.retention.ms=1209600000:min.cleanable.dirty.ratio=0.2,milson@optum.com:chuck.chang@optum.com:michael.a.schlosser@optum.com:kyle.steiger@optum.com,mwils130:cchan11:mschlos2
kaas.prod.elr.ATTPROD.RXS.AR.HZ_CUST_ACCT_SITES_ALL_encrypted,*:*,prod-ebaasenc-azure:ebaas-prod-azure-iris,*:*,ebaas-prod-azure-iris:prod-iris-reporting,50,cleanup.policy=compact:delete.retention.ms=1209600000:min.cleanable.dirty.ratio=0.2,milson@optum.com:chuck.chang@optum.com:michael.a.schlosser@optum.com:kyle.steiger@optum.com,mwils130:cchan11:mschlos2
kaas.prod.elr.ATTPROD.RXS.AR.HZ_CUST_SITE_USES_ALL_encrypted,*:*,prod-ebaasenc-azure:ebaas-prod-azure-iris,*:*,ebaas-prod-azure-iris:prod-iris-reporting,100,cleanup.policy=compact:delete.retention.ms=1209600000:min.cleanable.dirty.ratio=0.2,milson@optum.com:chuck.chang@optum.com:michael.a.schlosser@optum.com:kyle.steiger@optum.com,mwils130:cchan11:mschlos2
kaas.prod.elr.ATTPROD.RXS.AR.HZ_LOCATIONS_encrypted,*:*,prod-ebaasenc-azure:ebaas-prod-azure-iris,*:*,ebaas-prod-azure-iris:prod-iris-reporting,50,cleanup.policy=compact:delete.retention.ms=1209600000:min.cleanable.dirty.ratio=0.2,milson@optum.com:chuck.chang@optum.com:michael.a.schlosser@optum.com:kyle.steiger@optum.com,mwils130:cchan11:mschlos2
kaas.prod.elr.ATTPROD.RXS.AR.HZ_PARTIES_encrypted,*:*,prod-ebaasenc-azure:ebaas-prod-azure-iris,*:*,ebaas-prod-azure-iris:prod-iris-reporting,100,cleanup.policy=compact:delete.retention.ms=1209600000:min.cleanable.dirty.ratio=0.2,milson@optum.com:chuck.chang@optum.com:michael.a.schlosser@optum.com:kyle.steiger@optum.com,mwils130:cchan11:mschlos2
kaas.prod.elr.ATTPROD.RXS.AR.HZ_PARTY_SITES_encrypted,*:*,prod-ebaasenc-azure:ebaas-prod-azure-iris,*:*,ebaas-prod-azure-iris:prod-iris-reporting,50,cleanup.policy=compact:delete.retention.ms=1209600000:min.cleanable.dirty.ratio=0.2,milson@optum.com:chuck.chang@optum.com:michael.a.schlosser@optum.com:kyle.steiger@optum.com,mwils130:cchan11:mschlos2
kaas.prod.elr.ATTPROD.RXS.AR.HZ_PARTY_SITE_USES_encrypted,*:*,prod-ebaasenc-azure:ebaas-prod-azure-iris,*:*,ebaas-prod-azure-iris:prod-iris-reporting,100,cleanup.policy=compact:delete.retention.ms=1209600000:min.cleanable.dirty.ratio=0.2,milson@optum.com:chuck.chang@optum.com:michael.a.schlosser@optum.com:kyle.steiger@optum.com,mwils130:cchan11:mschlos2
kaas.prod.elr.ATTPROD.RXS.AR.HZ_PERSON_PROFILES_encrypted,*:*,prod-ebaasenc-azure:ebaas-prod-azure-iris,*:*,ebaas-prod-azure-iris:prod-iris-reporting,50,cleanup.policy=compact:delete.retention.ms=1209600000:min.cleanable.dirty.ratio=0.2,milson@optum.com:chuck.chang@optum.com:michael.a.schlosser@optum.com:kyle.steiger@optum.com,mwils130:cchan11:mschlos2
kaas.prod.elr.ATTPROD.RXS.AR.RA_CUSTOMER_TRX_ALL_encrypted,*:*,prod-ebaasenc-azure:ebaas-prod-azure-iris,*:*,ebaas-prod-azure-iris:prod-iris-reporting,100,cleanup.policy=compact:delete.retention.ms=1209600000:min.cleanable.dirty.ratio=0.2,milson@optum.com:chuck.chang@optum.com:michael.a.schlosser@optum.com:kyle.steiger@optum.com,mwils130:cchan11:mschlos2
kaas.prod.elr.ATTPROD.RXS.AR.RA_CUSTOMER_TRX_LINES_ALL_encrypted,*:*,prod-ebaasenc-azure:ebaas-prod-azure-iris,*:*,ebaas-prod-azure-iris:prod-iris-reporting,100,cleanup.policy=compact:delete.retention.ms=1209600000:min.cleanable.dirty.ratio=0.2,milson@optum.com:chuck.chang@optum.com:michael.a.schlosser@optum.com:kyle.steiger@optum.com,mwils130:cchan11:mschlos2
kaas.prod.elr.ATTPROD.RXS.AR.RA_CUST_TRX_TYPES_ALL_encrypted,*:*,prod-ebaasenc-azure:ebaas-prod-azure-iris,*:*,ebaas-prod-azure-iris:prod-iris-reporting,1,cleanup.policy=compact:delete.retention.ms=1209600000:min.cleanable.dirty.ratio=0.2,milson@optum.com:chuck.chang@optum.com:michael.a.schlosser@optum.com:kyle.steiger@optum.com,mwils130:cchan11:mschlos2
kaas.prod.elr.ATTPROD.RXS.BOM.BOM_CALENDAR_DATES_encrypted,*:*,prod-ebaasenc-azure:ebaas-prod-azure-iris,*:*,ebaas-prod-azure-iris:prod-iris-reporting,1,cleanup.policy=compact:delete.retention.ms=1209600000:min.cleanable.dirty.ratio=0.2,milson@optum.com:chuck.chang@optum.com:michael.a.schlosser@optum.com:kyle.steiger@optum.com,mwils130:cchan11:mschlos2
kaas.prod.elr.ATTPROD.RXS.BOM.BOM_CALENDAR_EXCEPTIONS_encrypted,*:*,prod-ebaasenc-azure:ebaas-prod-azure-iris,*:*,ebaas-prod-azure-iris:prod-iris-reporting,1,cleanup.policy=compact:delete.retention.ms=1209600000:min.cleanable.dirty.ratio=0.2,milson@optum.com:chuck.chang@optum.com:michael.a.schlosser@optum.com:kyle.steiger@optum.com,mwils130:cchan11:mschlos2
kaas.prod.elr.ATTPROD.RXS.IBY.IBY_CREDITCARD_encrypted,*:*,prod-ebaasenc-azure:ebaas-prod-azure-iris,*:*,ebaas-prod-azure-iris:prod-iris-reporting,16,cleanup.policy=compact:delete.retention.ms=1209600000:min.cleanable.dirty.ratio=0.2,milson@optum.com:chuck.chang@optum.com:michael.a.schlosser@optum.com:kyle.steiger@optum.com,mwils130:cchan11:mschlos2
kaas.prod.elr.ATTPROD.RXS.IBY.IBY_FNDCPT_TX_EXTENSIONS_encrypted,*:*,prod-ebaasenc-azure:ebaas-prod-azure-iris,*:*,ebaas-prod-azure-iris:prod-iris-reporting,100,cleanup.policy=compact:delete.retention.ms=1209600000:min.cleanable.dirty.ratio=0.2,milson@optum.com:chuck.chang@optum.com:michael.a.schlosser@optum.com:kyle.steiger@optum.com,mwils130:cchan11:mschlos2
kaas.prod.elr.ATTPROD.RXS.IBY.IBY_PMT_INSTR_USES_ALL_encrypted,*:*,prod-ebaasenc-azure:ebaas-prod-azure-iris,*:*,ebaas-prod-azure-iris:prod-iris-reporting,32,cleanup.policy=compact:delete.retention.ms=1209600000:min.cleanable.dirty.ratio=0.2,milson@optum.com:chuck.chang@optum.com:michael.a.schlosser@optum.com:kyle.steiger@optum.com,mwils130:cchan11:mschlos2
kaas.prod.elr.ATTPROD.RXS.INV.MTL_CATEGORY_SETS_B_encrypted,*:*,prod-ebaasenc-azure:ebaas-prod-azure-iris,*:*,ebaas-prod-azure-iris:prod-iris-reporting,1,cleanup.policy=compact:delete.retention.ms=1209600000:min.cleanable.dirty.ratio=0.2,milson@optum.com:chuck.chang@optum.com:michael.a.schlosser@optum.com:kyle.steiger@optum.com,mwils130:cchan11:mschlos2
kaas.prod.elr.ATTPROD.RXS.INV.MTL_DESCR_ELEMENT_encrypted,*:*,prod-ebaasenc-azure:ebaas-prod-azure-iris,*:*,ebaas-prod-azure-iris:prod-iris-reporting,16,cleanup.policy=compact:delete.retention.ms=1209600000:min.cleanable.dirty.ratio=0.2,milson@optum.com:chuck.chang@optum.com:michael.a.schlosser@optum.com:kyle.steiger@optum.com,mwils130:cchan11:mschlos2
kaas.prod.elr.ATTPROD.RXS.ONT.OE_HOLD_DEFINITIONS_encrypted,*:*,prod-ebaasenc-azure:ebaas-prod-azure-iris,*:*,ebaas-prod-azure-iris:prod-iris-reporting,1,cleanup.policy=compact:delete.retention.ms=1209600000:min.cleanable.dirty.ratio=0.2,milson@optum.com:chuck.chang@optum.com:michael.a.schlosser@optum.com:kyle.steiger@optum.com,mwils130:cchan11:mschlos2
kaas.prod.elr.ATTPROD.RXS.ONT.OE_HOLD_SOURCES_ALL_encrypted,*:*,prod-ebaasenc-azure:ebaas-prod-azure-iris,*:*,ebaas-prod-azure-iris:prod-iris-reporting,100,cleanup.policy=compact:delete.retention.ms=1209600000:min.cleanable.dirty.ratio=0.2,milson@optum.com:chuck.chang@optum.com:michael.a.schlosser@optum.com:kyle.steiger@optum.com,mwils130:cchan11:mschlos2
kaas.prod.elr.ATTPROD.RXS.ONT.OE_ORDER_HEADERS_ALL_AGGREGATE_encrypted,*:*,prod-ebaasenc-azure:ebaas-prod-azure-iris,*:*,ebaas-prod-azure-iris:prod-iris-reporting,200,cleanup.policy=compact:delete.retention.ms=1209600000:min.cleanable.dirty.ratio=0.2,milson@optum.com:chuck.chang@optum.com:michael.a.schlosser@optum.com:kyle.steiger@optum.com,mwils130:cchan11:mschlos2
kaas.prod.elr.ATTPROD.RXS.ONT.OE_ORDER_HOLDS_ALL_encrypted,*:*,prod-ebaasenc-azure:ebaas-prod-azure-iris,*:*,ebaas-prod-azure-iris:prod-iris-reporting,100,cleanup.policy=compact:delete.retention.ms=1209600000:min.cleanable.dirty.ratio=0.2,milson@optum.com:chuck.chang@optum.com:michael.a.schlosser@optum.com:kyle.steiger@optum.com,mwils130:cchan11:mschlos2
kaas.prod.elr.ATTPROD.RXS.ONT.OE_ORDER_LINES_ALL_AGGREGATE_encrypted,*:*,prod-ebaasenc-azure:ebaas-prod-azure-iris,*:*,ebaas-prod-azure-iris:prod-iris-reporting,200,cleanup.policy=compact:delete.retention.ms=1209600000:min.cleanable.dirty.ratio=0.2,milson@optum.com:chuck.chang@optum.com:michael.a.schlosser@optum.com:kyle.steiger@optum.com,mwils130:cchan11:mschlos2
kaas.prod.elr.ATTPROD.RXS.ONT.OE_PAYMENTS_encrypted,*:*,prod-ebaasenc-azure:ebaas-prod-azure-iris,*:*,ebaas-prod-azure-iris:prod-iris-reporting,100,cleanup.policy=compact:delete.retention.ms=1209600000:min.cleanable.dirty.ratio=0.2,milson@optum.com:chuck.chang@optum.com:michael.a.schlosser@optum.com:kyle.steiger@optum.com,mwils130:cchan11:mschlos2
kaas.prod.elr.ATTPROD.RXS.ONT.OE_SYS_PARAMETERS_ALL_encrypted,*:*,prod-ebaasenc-azure:ebaas-prod-azure-iris,*:*,ebaas-prod-azure-iris:prod-iris-reporting,16,cleanup.policy=compact:delete.retention.ms=1209600000:min.cleanable.dirty.ratio=0.2,milson@optum.com:chuck.chang@optum.com:michael.a.schlosser@optum.com:kyle.steiger@optum.com,mwils130:cchan11:mschlos2
kaas.prod.elr.ATTPROD.RXS.ONT.OE_TRANSACTION_TYPES_ALL_encrypted,*:*,prod-ebaasenc-azure:ebaas-prod-azure-iris,*:*,ebaas-prod-azure-iris:prod-iris-reporting,1,cleanup.policy=compact:delete.retention.ms=1209600000:min.cleanable.dirty.ratio=0.2,milson@optum.com:chuck.chang@optum.com:michael.a.schlosser@optum.com:kyle.steiger@optum.com,mwils130:cchan11:mschlos2
kaas.prod.elr.ATTPROD.RXS.WSH.WSH_DELIVERY_DETAILS_encrypted,*:*,prod-ebaasenc-azure:ebaas-prod-azure-iris,*:*,ebaas-prod-azure-iris:prod-iris-reporting,100,cleanup.policy=compact:delete.retention.ms=1209600000:min.cleanable.dirty.ratio=0.2,milson@optum.com:chuck.chang@optum.com:michael.a.schlosser@optum.com:kyle.steiger@optum.com,mwils130:cchan11:mschlos2
kaas.prod.elr.ATTPROD.RXS.XXIRIS.XXIRIS_AR_PLAN_ASSIGNMENT_encrypted,*:*,prod-ebaasenc-azure:ebaas-prod-azure-iris,*:*,ebaas-prod-azure-iris:prod-iris-reporting,50,cleanup.policy=compact:delete.retention.ms=1209600000:min.cleanable.dirty.ratio=0.2,milson@optum.com:chuck.chang@optum.com:michael.a.schlosser@optum.com:kyle.steiger@optum.com,mwils130:cchan11:mschlos2
kaas.prod.elr.ATTPROD.RXS.XXIRIS.XXIRIS_AR_RECEIPTS_ENTRY_encrypted,*:*,prod-ebaasenc-azure:ebaas-prod-azure-iris,*:*,ebaas-prod-azure-iris:prod-iris-reporting,100,cleanup.policy=compact:delete.retention.ms=1209600000:min.cleanable.dirty.ratio=0.2,milson@optum.com:chuck.chang@optum.com:michael.a.schlosser@optum.com:kyle.steiger@optum.com,mwils130:cchan11:mschlos2
kaas.prod.elr.ATTPROD.RXS.XXIRIS.XXIRIS_AR_PRESCRIBER_LICENSE_encrypted,*:*,prod-ebaasenc-azure:ebaas-prod-azure-iris,*:*,ebaas-prod-azure-iris:prod-iris-reporting,8,cleanup.policy=compact:delete.retention.ms=1209600000:min.cleanable.dirty.ratio=0.2,milson@optum.com:chuck.chang@optum.com:michael.a.schlosser@optum.com:kyle.steiger@optum.com,mwils130:cchan11:mschlos2
kaas.prod.elr.ATTPROD.RXS.XXIRIS.XXIRIS_CP_ADJUDICATION_encrypted,*:*,prod-ebaasenc-azure:ebaas-prod-azure-iris,*:*,ebaas-prod-azure-iris:prod-iris-reporting,16,cleanup.policy=compact:delete.retention.ms=1209600000:min.cleanable.dirty.ratio=0.2,milson@optum.com:chuck.chang@optum.com:michael.a.schlosser@optum.com:kyle.steiger@optum.com,mwils130:cchan11:mschlos2
kaas.prod.elr.ATTPROD.RXS.XXIRIS.XXIRIS_CP_CVG_PRF_MASTER_encrypted,*:*,prod-ebaasenc-azure:ebaas-prod-azure-iris,*:*,ebaas-prod-azure-iris:prod-iris-reporting,16,cleanup.policy=compact:delete.retention.ms=1209600000:min.cleanable.dirty.ratio=0.2,milson@optum.com:chuck.chang@optum.com:michael.a.schlosser@optum.com:kyle.steiger@optum.com,mwils130:cchan11:mschlos2
kaas.prod.elr.ATTPROD.RXS.XXIRIS.XXIRIS_CP_PATIENT_INFO_encrypted,*:*,prod-ebaasenc-azure:ebaas-prod-azure-iris,*:*,ebaas-prod-azure-iris:prod-iris-reporting,16,cleanup.policy=compact:delete.retention.ms=1209600000:min.cleanable.dirty.ratio=0.2,milson@optum.com:chuck.chang@optum.com:michael.a.schlosser@optum.com:kyle.steiger@optum.com,mwils130:cchan11:mschlos2
kaas.prod.elr.ATTPROD.RXS.XXIRIS.XXIRIS_MED_COMMUNICATIONS_encrypted,*:*,prod-ebaasenc-azure:ebaas-prod-azure-iris,*:*,ebaas-prod-azure-iris:prod-iris-reporting,100,cleanup.policy=compact:delete.retention.ms=1209600000:min.cleanable.dirty.ratio=0.2,milson@optum.com:chuck.chang@optum.com:michael.a.schlosser@optum.com:kyle.steiger@optum.com,mwils130:cchan11:mschlos2
kaas.prod.elr.ATTPROD.RXS.XXIRIS.XXIRIS_MED_COMMUNICATION_DATA_AGGREGATE_encrypted,*:*,prod-ebaasenc-azure:ebaas-prod-azure-iris,*:*,ebaas-prod-azure-iris:prod-iris-reporting,100,cleanup.policy=compact:delete.retention.ms=1209600000:min.cleanable.dirty.ratio=0.2,milson@optum.com:chuck.chang@optum.com:michael.a.schlosser@optum.com:kyle.steiger@optum.com,mwils130:cchan11:mschlos2
kaas.prod.elr.ATTPROD.RXS.XXIRIS.XXIRIS_OM_ORDER_LINES_ALL_AGGREGATE_encrypted,*:*,prod-ebaasenc-azure:ebaas-prod-azure-iris,*:*,ebaas-prod-azure-iris:prod-iris-reporting,200,cleanup.policy=compact:delete.retention.ms=1209600000:min.cleanable.dirty.ratio=0.2,milson@optum.com:chuck.chang@optum.com:michael.a.schlosser@optum.com:kyle.steiger@optum.com,mwils130:cchan11:mschlos2
kaas.prod.elr.ATTPROD.RXS.XXIRIS.XXIRIS_OM_PRESCRIPTION_AGGREGATE_encrypted,*:*,prod-ebaasenc-azure:ebaas-prod-azure-iris,*:*,ebaas-prod-azure-iris:prod-iris-reporting,200,cleanup.policy=compact:delete.retention.ms=1209600000:min.cleanable.dirty.ratio=0.2,milson@optum.com:chuck.chang@optum.com:michael.a.schlosser@optum.com:kyle.steiger@optum.com,mwils130:cchan11:mschlos2
kaas.prod.elr.ATTPROD.RXS.XXIRIS.XXIRIS_OM_RX_SIG_encrypted,*:*,prod-ebaasenc-azure:ebaas-prod-azure-iris,*:*,ebaas-prod-azure-iris:prod-iris-reporting,200,cleanup.policy=compact:delete.retention.ms=1209600000:min.cleanable.dirty.ratio=0.2,milson@optum.com:chuck.chang@optum.com:michael.a.schlosser@optum.com:kyle.steiger@optum.com,mwils130:cchan11:mschlos2
kaas.prod.elr.ATTPROD.RXS.XXIRIS.XXIRIS_OM_STATE_REGULATIONS_encrypted,*:*,prod-ebaasenc-azure:ebaas-prod-azure-iris,*:*,ebaas-prod-azure-iris:prod-iris-reporting,1,cleanup.policy=compact:delete.retention.ms=1209600000:min.cleanable.dirty.ratio=0.2,milson@optum.com:chuck.chang@optum.com:michael.a.schlosser@optum.com:kyle.steiger@optum.com,mwils130:cchan11:mschlos2
kaas.prod.elr.ATTPROD.RXS.XXIRIS.XXIRIS_ORDER_EDD_DETAILS_encrypted,*:*,prod-ebaasenc-azure:ebaas-prod-azure-iris,*:*,ebaas-prod-azure-iris:prod-iris-reporting,100,cleanup.policy=compact:delete.retention.ms=1209600000:min.cleanable.dirty.ratio=0.2,milson@optum.com:chuck.chang@optum.com:michael.a.schlosser@optum.com:kyle.steiger@optum.com,mwils130:cchan11:mschlos2
kaas.prod.elr.ATTPROD.RXS.XXIRIS.XXIRIS_QOT_PRICE_CHK_L_AGGREGATE_encrypted,*:*,prod-ebaasenc-azure:ebaas-prod-azure-iris,*:*,ebaas-prod-azure-iris:prod-iris-reporting,100,cleanup.policy=compact:delete.retention.ms=1209600000:min.cleanable.dirty.ratio=0.2,milson@optum.com:chuck.chang@optum.com:michael.a.schlosser@optum.com:kyle.steiger@optum.com,mwils130:cchan11:mschlos2
kaas.prod.elr.ATTPROD.RXS.XXIRIS.XXIRIS_TECHNOLOGY_INTERFACE_encrypted,*:*,prod-ebaasenc-azure:ebaas-prod-azure-iris,*:*,ebaas-prod-azure-iris:prod-iris-reporting,16,cleanup.policy=compact:delete.retention.ms=1209600000:min.cleanable.dirty.ratio=0.2,milson@optum.com:chuck.chang@optum.com:michael.a.schlosser@optum.com:kyle.steiger@optum.com,mwils130:cchan11:mschlos2
kaas.dpaas.prod.elr.ATTPROD.RXS.AR.HZ_PARTIES_encrypted,*:*,prod-ebaasenc-azure:ebaas-prod-azure-iris,*:*,ebaas-prod-azure-iris:prod-iris-reporting,16,cleanup.policy=compact:delete.retention.ms=1209600000:min.cleanable.dirty.ratio=0.2,milson@optum.com:chuck.chang@optum.com:michael.a.schlosser@optum.com:bhupinder.randhawa@optum.com:kyle.steiger@optum.com,mwils130:cchan11:mschlos2:brandhaw