topic,producer_hosts,producer_cn,consumer_hosts,consumer_cn,partitions,config,email,ms-id,compatibility
kaas.rxclaim.dev.rxdv1.consumer.CAGAncillaryFields_encrypted,*,prod-ebaasenc-azure,*,prod-ebaasenc-azure,32,cleanup.policy=compact:delete.retention.ms=1209600000:min.cleanable.dirty.ratio=0.2:compression.type=snappy,kyle.steiger@optum.com,ksteiger,FULL
kaas.rxclaim.dev.rxdv1.consumer.OrgGroupList_encrypted,*,prod-ebaasenc-azure,*,prod-ebaasenc-azure,32,cleanup.policy=compact:delete.retention.ms=1209600000:min.cleanable.dirty.ratio=0.2:compression.type=snappy,michael.a.schlosser@optum.com,mschlos2,FULL
kaas.rxclaim.dev.rxdv1.consumer.OrgLegalEntityList_encrypted,*,prod-ebaasenc-azure,*,prod-ebaasenc-azure,32,cleanup.policy=compact:delete.retention.ms=1209600000:min.cleanable.dirty.ratio=0.2:compression.type=snappy,michael.a.schlosser@optum.com,mschlos2,FULL
kaas.rxclaim.dev.rxdv1.consumer.OrganizationSoftCode_encrypted,*,prod-ebaasenc-azure,*,prod-ebaasenc-azure,32,cleanup.policy=compact:delete.retention.ms=1209600000:min.cleanable.dirty.ratio=0.2:compression.type=snappy,michael.a.schlosser@optum.com,mschlos2,FULL
kaas.rxclaim.dev.rxdv1.consumer.account_list_encrypted,*,prod-ebaasenc-azure,*,prod-ebaasenc-azure,32,cleanup.policy=compact:delete.retention.ms=1209600000:min.cleanable.dirty.ratio=0.2:compression.type=snappy,michael.a.schlosser@optum.com,mschlos2,FULL
kaas.rxclaim.dev.rxdv1.consumer.individual-membership-prior-authorization_encrypted,*,prod-ebaasenc-azure,*,prod-ebaasenc-azure,32,cleanup.policy=compact:delete.retention.ms=1209600000:min.cleanable.dirty.ratio=0.2:compression.type=snappy,michael.a.schlosser@optum.com,mschlos2,FULL
kaas.rxclaim.dev.rxdv1.consumer.member_ancillary_file_encrypted,*,prod-ebaasenc-azure,*,prod-ebaasenc-azure,32,cleanup.policy=compact:delete.retention.ms=1209600000:min.cleanable.dirty.ratio=0.2:compression.type=snappy,kyle.steiger@optum.com,ksteiger,FULL
kaas.rxclaim.dev.rxdv1.consumer.member_care_facility_encrypted,*,prod-ebaasenc-azure,*,prod-ebaasenc-azure,32,cleanup.policy=compact:delete.retention.ms=1209600000:min.cleanable.dirty.ratio=0.2:compression.type=snappy,michael.a.schlosser@optum.com,mschlos2,FULL
kaas.rxclaim.dev.rxdv1.consumer.member_cross_reference_encrypted,*,prod-ebaasenc-azure,*,prod-ebaasenc-azure,32,cleanup.policy=compact:delete.retention.ms=1209600000:min.cleanable.dirty.ratio=0.2:compression.type=snappy,kyle.steiger@optum.com,ksteiger,FULL
kaas.rxclaim.dev.rxdv1.consumer.member_eligibility_active_encrypted,*,prod-ebaasenc-azure,*,prod-ebaasenc-azure,32,cleanup.policy=compact:delete.retention.ms=1209600000:min.cleanable.dirty.ratio=0.2:compression.type=snappy,michael.a.schlosser@optum.com,mschlos2,FULL
kaas.rxclaim.dev.rxdv1.consumer.member_eligibility_encrypted,*,prod-ebaasenc-azure,*,prod-ebaasenc-azure,32,cleanup.policy=compact:delete.retention.ms=1209600000:min.cleanable.dirty.ratio=0.2:compression.type=snappy,michael.a.schlosser@optum.com,mschlos2,FULL
kaas.rxclaim.dev.rxdv1.consumer.member_eligibility_inactive_encrypted,*,prod-ebaasenc-azure,*,prod-ebaasenc-azure,32,cleanup.policy=compact:delete.retention.ms=1209600000:min.cleanable.dirty.ratio=0.2:compression.type=snappy,michael.a.schlosser@optum.com,mschlos2,FULL
kaas.rxclaim.dev.rxdv1.consumer.member_encrypted,*,prod-ebaasenc-azure,*,prod-ebaasenc-azure,32,cleanup.policy=compact:delete.retention.ms=1209600000:min.cleanable.dirty.ratio=0.2:compression.type=snappy,michael.a.schlosser@optum.com,mschlos2,FULL
kaas.rxclaim.dev.rxdv1.consumer.organization_eligibility_active_encrypted,*,prod-ebaasenc-azure,*,prod-ebaasenc-azure,32,cleanup.policy=compact:delete.retention.ms=1209600000:min.cleanable.dirty.ratio=0.2:compression.type=snappy,michael.a.schlosser@optum.com,mschlos2,FULL
kaas.rxclaim.dev.rxdv1.consumer.organization_eligibility_encrypted,*,prod-ebaasenc-azure,*,prod-ebaasenc-azure,32,cleanup.policy=compact:delete.retention.ms=1209600000:min.cleanable.dirty.ratio=0.2:compression.type=snappy,michael.a.schlosser@optum.com,mschlos2,FULL
kaas.rxclaim.dev.rxdv1.consumer.organization_eligibility_inactive_encrypted,*,prod-ebaasenc-azure,*,prod-ebaasenc-azure,32,cleanup.policy=compact:delete.retention.ms=1209600000:min.cleanable.dirty.ratio=0.2:compression.type=snappy,michael.a.schlosser@optum.com,mschlos2,FULL
kaas.rxclaim.dev.rxdv1.consumer.organization_encrypted,*,prod-ebaasenc-azure,*,prod-ebaasenc-azure,32,cleanup.policy=compact:delete.retention.ms=1209600000:min.cleanable.dirty.ratio=0.2:compression.type=snappy,michael.a.schlosser@optum.com,mschlos2,FULL
kaas.rxclaim.dev.rxdv1.consumer.pharmacy-claim-adjudication-amount_encrypted,*,prod-ebaasenc-azure,*,prod-ebaasenc-azure,32,cleanup.policy=compact:delete.retention.ms=1209600000:min.cleanable.dirty.ratio=0.2:compression.type=snappy,michael.a.schlosser@optum.com,mschlos2,FULL
kaas.rxclaim.dev.rxdv1.consumer.pharmacy-claim-adjudication_encrypted,*,prod-ebaasenc-azure,*,prod-ebaasenc-azure,32,cleanup.policy=compact:delete.retention.ms=1209600000:min.cleanable.dirty.ratio=0.2:compression.type=snappy,michael.a.schlosser@optum.com,mschlos2,FULL
kaas.rxclaim.dev.rxdv1.consumer.pharmacy-product_encrypted,*,prod-ebaasenc-azure,*,prod-ebaasenc-azure,32,cleanup.policy=compact:delete.retention.ms=1209600000:min.cleanable.dirty.ratio=0.2:compression.type=snappy,michael.a.schlosser@optum.com,mschlos2,FULL
kaas.rxclaim.dev.rxdv1.consumer.plan_encrypted,*,prod-ebaasenc-azure,*,prod-ebaasenc-azure,8,cleanup.policy=compact:delete.retention.ms=1209600000:min.cleanable.dirty.ratio=0.2:compression.type=snappy,timothy.drahn@optum.com,tdrahn,FULL
kaas.rxclaim.dev.rxdv1.consumer.provider-pharmacy_encrypted,*,prod-ebaasenc-azure,*,prod-ebaasenc-azure,32,cleanup.policy=compact:delete.retention.ms=1209600000:min.cleanable.dirty.ratio=0.2:compression.type=snappy,michael.a.schlosser@optum.com,mschlos2,FULL
kaas.rxclaim.dev.rxdv1.consumer.provider-prescriber_encrypted,*,prod-ebaasenc-azure,*,prod-ebaasenc-azure,32,cleanup.policy=compact:delete.retention.ms=1209600000:min.cleanable.dirty.ratio=0.2:compression.type=snappy,michael.a.schlosser@optum.com,mschlos2,FULL
