topic,producer_hosts,producer_cn,consumer_hosts,consumer_cn,partitions,config,email,ms-id,compatibility
kaas.rxclaim.dev.bk1uat.consumer.CAGAncillaryFields_encrypted,*,prod-ebaasenc-azure,*,prod-ebaasenc-azure,4,cleanup.policy=compact:delete.retention.ms=1209600000:min.cleanable.dirty.ratio=0.2:compression.type=snappy,timothy.drahn@optum.com,tdrahn,FULL
kaas.rxclaim.dev.bk1uat.consumer.OrgGroupList_encrypted,*,prod-ebaasenc-azure,*,prod-ebaasenc-azure,4,cleanup.policy=compact:delete.retention.ms=1209600000:min.cleanable.dirty.ratio=0.2:compression.type=snappy,timothy.drahn@optum.com,tdrahn,FULL
kaas.rxclaim.dev.bk1uat.consumer.OrgLegalEntityList_encrypted,*,prod-ebaasenc-azure,*,prod-ebaasenc-azure,4,cleanup.policy=compact:delete.retention.ms=1209600000:min.cleanable.dirty.ratio=0.2:compression.type=snappy,timothy.drahn@optum.com,tdrahn,FULL
kaas.rxclaim.dev.bk1uat.consumer.OrganizationSoftCode_encrypted,*,prod-ebaasenc-azure,*,prod-ebaasenc-azure,4,cleanup.policy=compact:delete.retention.ms=1209600000:min.cleanable.dirty.ratio=0.2:compression.type=snappy,timothy.drahn@optum.com,tdrahn,FULL
kaas.rxclaim.dev.bk1uat.consumer.account_list_encrypted,*,prod-ebaasenc-azure,*,prod-ebaasenc-azure,4,cleanup.policy=compact:delete.retention.ms=1209600000:min.cleanable.dirty.ratio=0.2:compression.type=snappy,timothy.drahn@optum.com,tdrahn,FULL
kaas.rxclaim.dev.bk1uat.consumer.individual-membership-prior-authorization_encrypted,*,prod-ebaasenc-azure,*,prod-ebaasenc-azure,8,cleanup.policy=compact:delete.retention.ms=1209600000:min.cleanable.dirty.ratio=0.2:compression.type=snappy,timothy.drahn@optum.com,tdrahn,FULL
kaas.rxclaim.dev.bk1uat.consumer.member_ancillary_file_encrypted,*,prod-ebaasenc-azure,*,prod-ebaasenc-azure,4,cleanup.policy=compact:delete.retention.ms=1209600000:min.cleanable.dirty.ratio=0.2:compression.type=snappy,timothy.drahn@optum.com,tdrahn,FULL
kaas.rxclaim.dev.bk1uat.consumer.member_care_facility_encrypted,*,prod-ebaasenc-azure,*,prod-ebaasenc-azure,100,cleanup.policy=compact:delete.retention.ms=1209600000:min.cleanable.dirty.ratio=0.2:compression.type=snappy,timothy.drahn@optum.com,tdrahn,FULL
kaas.rxclaim.dev.bk1uat.consumer.member_cross_reference_encrypted,*,prod-ebaasenc-azure,*,prod-ebaasenc-azure,100,cleanup.policy=compact:delete.retention.ms=1209600000:min.cleanable.dirty.ratio=0.2:compression.type=snappy,timothy.drahn@optum.com,tdrahn,FULL
kaas.rxclaim.dev.bk1uat.consumer.member_eligibility_active_encrypted,*,prod-ebaasenc-azure,*,prod-ebaasenc-azure,125,cleanup.policy=compact:delete.retention.ms=1209600000:min.cleanable.dirty.ratio=0.2:compression.type=snappy,timothy.drahn@optum.com,tdrahn,FULL
kaas.rxclaim.dev.bk1uat.consumer.member_eligibility_encrypted,*,prod-ebaasenc-azure,*,prod-ebaasenc-azure,125,cleanup.policy=compact:delete.retention.ms=1209600000:min.cleanable.dirty.ratio=0.2:compression.type=snappy,timothy.drahn@optum.com,tdrahn,FULL
kaas.rxclaim.dev.bk1uat.consumer.member_eligibility_inactive_encrypted,*,prod-ebaasenc-azure,*,prod-ebaasenc-azure,125,cleanup.policy=compact:delete.retention.ms=1209600000:min.cleanable.dirty.ratio=0.2:compression.type=snappy,timothy.drahn@optum.com,tdrahn,FULL
kaas.rxclaim.dev.bk1uat.consumer.member_encrypted,*,prod-ebaasenc-azure,*,prod-ebaasenc-azure,150,cleanup.policy=compact:delete.retention.ms=1209600000:compression.type=snappy,timothy.drahn@optum.com,tdrahn,FULL
kaas.rxclaim.dev.bk1uat.consumer.organization_eligibility_active_encrypted,*,prod-ebaasenc-azure,*,prod-ebaasenc-azure,100,cleanup.policy=compact:delete.retention.ms=1209600000:min.cleanable.dirty.ratio=0.2:compression.type=snappy,timothy.drahn@optum.com,tdrahn,FULL
kaas.rxclaim.dev.bk1uat.consumer.organization_eligibility_encrypted,*,prod-ebaasenc-azure,*,prod-ebaasenc-azure,100,cleanup.policy=compact:delete.retention.ms=1209600000:min.cleanable.dirty.ratio=0.2:compression.type=snappy,timothy.drahn@optum.com,tdrahn,FULL
kaas.rxclaim.dev.bk1uat.consumer.organization_eligibility_inactive_encrypted,*,prod-ebaasenc-azure,*,prod-ebaasenc-azure,100,cleanup.policy=compact:delete.retention.ms=1209600000:min.cleanable.dirty.ratio=0.2:compression.type=snappy,timothy.drahn@optum.com,tdrahn,FULL
kaas.rxclaim.dev.bk1uat.consumer.organization_encrypted,*,prod-ebaasenc-azure,*,prod-ebaasenc-azure,4,cleanup.policy=compact:delete.retention.ms=1209600000:min.cleanable.dirty.ratio=0.2:compression.type=snappy,timothy.drahn@optum.com,tdrahn,FULL
kaas.rxclaim.dev.bk1uat.consumer.pharmacy-claim-adjudication-amount_encrypted,*,prod-ebaasenc-azure,*,prod-ebaasenc-azure,32,cleanup.policy=compact:delete.retention.ms=1209600000:min.cleanable.dirty.ratio=0.2:compression.type=snappy,timothy.drahn@optum.com,tdrahn,FULL
kaas.rxclaim.dev.bk1uat.consumer.pharmacy-claim-adjudication_encrypted,*,prod-ebaasenc-azure,*,prod-ebaasenc-azure,100,cleanup.policy=compact:delete.retention.ms=1209600000:min.cleanable.dirty.ratio=0.2:compression.type=snappy,timothy.drahn@optum.com,tdrahn,FULL
kaas.rxclaim.dev.bk1uat.consumer.pharmacy-product_encrypted,*,prod-ebaasenc-azure,*,prod-ebaasenc-azure,8,cleanup.policy=compact:delete.retention.ms=1209600000:min.cleanable.dirty.ratio=0.2:compression.type=snappy,timothy.drahn@optum.com,tdrahn,FULL
kaas.rxclaim.dev.bk1uat.consumer.plan_encrypted,*,prod-ebaasenc-azure,*,prod-ebaasenc-azure,4,cleanup.policy=compact:delete.retention.ms=1209600000:min.cleanable.dirty.ratio=0.2:compression.type=snappy,timothy.drahn@optum.com,tdrahn,FULL
kaas.rxclaim.dev.bk1uat.consumer.provider-pharmacy_encrypted,*,prod-ebaasenc-azure,*,prod-ebaasenc-azure,8,cleanup.policy=compact:delete.retention.ms=1209600000:min.cleanable.dirty.ratio=0.2:compression.type=snappy,timothy.drahn@optum.com,tdrahn,FULL
kaas.rxclaim.dev.bk1uat.consumer.provider-prescriber_encrypted,*,prod-ebaasenc-azure,*,prod-ebaasenc-azure,8,cleanup.policy=compact:delete.retention.ms=1209600000:min.cleanable.dirty.ratio=0.2:compression.type=snappy,timothy.drahn@optum.com,tdrahn,FULL