topic,producer_hosts,producer_cn,consumer_hosts,consumer_cn,partitions,config,email,ms-id,compatibility
EBAAS.hemi.attperf.cag.dead-letter_encrypted,*,ebaas-iris-perf,*,ebaas-iris-perf,1,retention.ms=1209600001,sathish_b@optum.com,sbaddam,FULL
EBAAS.hemi.attperf.cag.join-queue_encrypted,*,ebaas-iris-perf,*,ebaas-iris-perf,100,retention.ms=1209600000,sathish_b@optum.com,sbaddam,FULL
EBAAS.hemi.attperf.cag.publish-queue_encrypted,*,ebaas-iris-perf,*,ebaas-iris-perf,100,cleanup.policy=compact:delete.retention.ms=1209600000:min.cleanable.dirty.ratio=0.2,sathish_b@optum.com,sbaddam,FULL
EBAAS.hemi.attperf.customer_transaction_type,*,ebaas-iris-perf,*,ebaas-iris-perf,64,cleanup.policy=compact:delete.retention.ms=1209600000:min.cleanable.dirty.ratio=0.2,timothy.drahn@optum.com:bhupinder.randhawa@optum.com:chuck.chang@optum.com:helen.miao@optum.com,tdrahn:brandhaw:cchan11:mschlos2:hmiao,FULL
EBAAS.hemi.attperf.iby_tx_extension_filter,*,ebaas-iris-perf,*,ebaas-iris-perf,32,cleanup.policy=compact:delete.retention.ms=1209600000:min.cleanable.dirty.ratio=0.2,ling.zhang@optum.com:chuck.chang@optum.com,lzhang12:cchan11,FULL
EBAAS.hemi.attperf.medcom_header_info,*,ebaas-iris-perf,*,ebaas-iris-perf,128,cleanup.policy=compact:delete.retention.ms=1209600000:min.cleanable.dirty.ratio=0.3,timothy.drahn@optum.com:bhupinder.randhawa@optum.com:chuck.chang@optum.com,tdrahn:brandhaw:cchan11,FULL
EBAAS.hemi.attperf.medcom_info,*,ebaas-iris-perf,*,ebaas-iris-perf,128,cleanup.policy=compact:delete.retention.ms=1209600000:min.cleanable.dirty.ratio=0.3,timothy.drahn@optum.com:bhupinder.randhawa@optum.com:chuck.chang@optum.com,tdrahn:brandhaw:cchan11,FULL
EBAAS.hemi.attperf.medcom_pres_v2.dead-letter_encrypted,*,ebaas-iris-perf,*,ebaas-iris-perf,1,retention.ms=10,timothy.drahn@optum.com:chuck.chang@optum.com:ling.zhang@optum.com,tdrahn:cchan11:lzhang12,FULL
EBAAS.hemi.attperf.medcom_pres_v2.join-queue_encrypted,*,ebaas-iris-perf,*,ebaas-iris-perf,128,retention.ms=10,timothy.drahn@optum.com:chuck.chang@optum.com:ling.zhang@optum.com,tdrahn:cchan11:lzhang12,FULL
EBAAS.hemi.attperf.medcom_pres_v2.publish-queue_encrypted,*,ebaas-iris-perf,*,ebaas-iris-perf,128,cleanup.policy=compact:delete.retention.ms=1209600000:min.cleanable.dirty.ratio=0.3,timothy.drahn@optum.com:chuck.chang@optum.com:ling.zhang@optum.com,tdrahn:cchan11:lzhang12,FULL
EBAAS.hemi.attperf.medcom_v2.dead-letter_encrypted,*,ebaas-iris-perf,*,ebaas-iris-perf,1,retention.ms=10,timothy.drahn@optum.com:bhupinder.randhawa@optum.com:chuck.chang@optum.com,tdrahn:brandhaw:cchan11,FULL
EBAAS.hemi.attperf.medcom_v2.join-queue_encrypted,*,ebaas-iris-perf,*,ebaas-iris-perf,128,retention.ms=10,timothy.drahn@optum.com:bhupinder.randhawa@optum.com:chuck.chang@optum.com,tdrahn:brandhaw:cchan11,FULL
EBAAS.hemi.attperf.medcom_v2.publish-queue_encrypted,*,ebaas-iris-perf,*,ebaas-iris-perf,128,cleanup.policy=compact:delete.retention.ms=1209600000:min.cleanable.dirty.ratio=0.3,timothy.drahn@optum.com:bhupinder.randhawa@optum.com:chuck.chang@optum.com,tdrahn:brandhaw:cchan11,FULL
EBAAS.hemi.attperf.om_order_line_filter,*,ebaas-iris-perf,*,ebaas-iris-perf,128,cleanup.policy=compact:delete.retention.ms=1209600000:min.cleanable.dirty.ratio=0.2,timothy.drahn@optum.com:chuck.chang@optum.com:ling.zhang@optum.com,tdrahn:cchan11:lzhang12,FULL
EBAAS.hemi.attperf.order_detail_v4.dead-letter_encrypted,*,ebaas-iris-perf,*,ebaas-iris-perf,1,retention.ms=1209600000,ling.zhang@optum.com:chuck.chang@optum.com,lzhang12:cchan11,FULL
EBAAS.hemi.attperf.order_detail_v4.join-queue_encrypted,*,ebaas-iris-perf,*,ebaas-iris-perf,128,retention.ms=1209600000,ling.zhang@optum.com:chuck.chang@optum.com,lzhang12:cchan11,FULL
EBAAS.hemi.attperf.order_detail_v4.publish-queue_encrypted,*,ebaas-iris-perf,*,ebaas-iris-perf,128,cleanup.policy=compact:delete.retention.ms=1209600000:min.cleanable.dirty.ratio=0.2,ling.zhang@optum.com:chuck.chang@optum.com,lzhang12:cchan11,FULL
EBAAS.hemi.attperf.order_hold_details.dead-letter_encrypted,*,ebaas-iris-perf,*,ebaas-iris-perf,1,retention.ms=1209600000,helen.miao@optum.com:chuck.chang@optum.com:ling.zhang@optum.com,hmiao:cchan11:lzhang12,FULL
EBAAS.hemi.attperf.order_hold_details.join-queue_encrypted,*,ebaas-iris-perf,*,ebaas-iris-perf,128,retention.ms=1209600000,helen.miao@optum.com:chuck.chang@optum.com:ling.zhang@optum.com,hmiao:cchan11:lzhang12,FULL
EBAAS.hemi.attperf.order_hold_details.publish-queue_encrypted,*,ebaas-iris-perf,*,ebaas-iris-perf,128,cleanup.policy=compact:delete.retention.ms=1209600000:min.cleanable.dirty.ratio=0.2,helen.miao@optum.com:chuck.chang@optum.com:ling.zhang@optum.com,hmiao:cchan11:lzhang12,FULL
EBAAS.hemi.attperf.order_hold_encrypted,*,ebaas-iris-perf,*,ebaas-iris-perf,128,cleanup.policy=compact:delete.retention.ms=1209600000:min.cleanable.dirty.ratio=0.2,helen.miao@optum.com:chuck.chang@optum.com:ling.zhang@optum.com,hmiao:cchan11:lzhang12,FULL
EBAAS.hemi.attperf.order_hold_filter_encrypted,*,ebaas-iris-perf,*,ebaas-iris-perf,128,cleanup.policy=compact:delete.retention.ms=1209600000:min.cleanable.dirty.ratio=0.2,timothy.drahn@optum.com:chuck.chang@optum.com:ling.zhang@optum.com,tdrahn:cchan11:lzhang12,FULL
EBAAS.hemi.attperf.order_line_detail,*,ebaas-iris-perf,*,ebaas-iris-perf,32,cleanup.policy=compact:delete.retention.ms=1209600000:min.cleanable.dirty.ratio=0.2,ling.zhang@optum.com:chuck.chang@optum.com,lzhang12:cchan11,FULL
EBAAS.hemi.attperf.order_line_header,*,ebaas-iris-perf,*,ebaas-iris-perf,128,cleanup.policy=compact:delete.retention.ms=1209600000:min.cleanable.dirty.ratio=0.2,timothy.drahn@optum.com:chuck.chang@optum.com:ling.zhang@optum.com,tdrahn:cchan11:lzhang12,FULL
EBAAS.hemi.attperf.order_no_org,*,ebaas-iris-perf,*,ebaas-iris-perf,32,cleanup.policy=compact:delete.retention.ms=1209600000:min.cleanable.dirty.ratio=0.2,ling.zhang@optum.com:chuck.chang@optum.com,lzhang12:cchan11,FULL
EBAAS.hemi.attperf.order_payment_header,*,ebaas-iris-perf,*,ebaas-iris-perf,32,cleanup.policy=compact:delete.retention.ms=1209600000:min.cleanable.dirty.ratio=0.2,ling.zhang@optum.com:chuck.chang@optum.com,lzhang12:cchan11,FULL
EBAAS.hemi.attperf.order_payment_schedules.dead-letter_encrypted,*,ebaas-iris-perf,*,ebaas-iris-perf,1,retention.ms=1209600000,timothy.drahn@optum.com:chuck.chang@optum.com:ling.zhang@optum.com:helen.miao@optum.com,tdrahn:cchan11:lzhang12:hmiao,FULL
EBAAS.hemi.attperf.order_payment_schedules.join-queue_encrypted,*,ebaas-iris-perf,*,ebaas-iris-perf,128,retention.ms=1209600000,timothy.drahn@optum.com:chuck.chang@optum.com:ling.zhang@optum:helen.miao@optum.com.com,tdrahn:cchan11:lzhang12:hmiao,FULL
EBAAS.hemi.attperf.order_payment_schedules.publish-queue_encrypted,*,ebaas-iris-perf,*,ebaas-iris-perf,128,cleanup.policy=compact:delete.retention.ms=1209600000:min.cleanable.dirty.ratio=0.2,timothy.drahn@optum.com:chuck.chang@optum.com:ling.zhang@optum.com:helen.miao@optum.com,tdrahn:cchan11:lzhang12:hmiao,FULL
EBAAS.hemi.attperf.order_payments_details.dead-letter_encrypted,*,ebaas-iris-perf,*,ebaas-iris-perf,1,retention.ms=1209600000,timothy.drahn@optum.com:chuck.chang@optum.com:ling.zhang@optum.com:helen.miao@optum.com,tdrahn:cchan11:lzhang12:hmiao,FULL
EBAAS.hemi.attperf.order_payments_details.join-queue_encrypted,*,ebaas-iris-perf,*,ebaas-iris-perf,128,retention.ms=1209600000,timothy.drahn@optum.com:chuck.chang@optum.com:ling.zhang@optum:helen.miao@optum.com.com,tdrahn:cchan11:lzhang12:hmiao,FULL
EBAAS.hemi.attperf.order_payments_details.publish-queue_encrypted,*,ebaas-iris-perf,*,ebaas-iris-perf,128,cleanup.policy=compact:delete.retention.ms=1209600000:min.cleanable.dirty.ratio=0.2,timothy.drahn@optum.com:chuck.chang@optum.com:ling.zhang@optum.com:helen.miao@optum.com,tdrahn:cchan11:lzhang12:hmiao,FULL
EBAAS.hemi.attperf.orderpayment_schedules_filter,*,ebaas-iris-perf,*,ebaas-iris-perf,32,cleanup.policy=compact:delete.retention.ms=1209600000:min.cleanable.dirty.ratio=0.2,ling.zhang@optum.com:helen.miao@optum.com,lzhang12:hmiao,FULL
EBAAS.hemi.attperf.party-site-usage.dead-letter_encrypted,*,ebaas-iris-perf,*,ebaas-iris-perf,1,retention.ms=1209600000,timothy.drahn@optum.com:chuck.chang@optum.com:ling.zhang@optum.com,tdrahn:cchan11:lzhang12,FULL
EBAAS.hemi.attperf.party-site-usage.join-queue_encrypted,*,ebaas-iris-perf,*,ebaas-iris-perf,128,retention.ms=1209600000,timothy.drahn@optum.com:chuck.chang@optum.com:ling.zhang@optum.com,tdrahn:cchan11:lzhang12,FULL
EBAAS.hemi.attperf.party-site-usage.publish-queue_encrypted,*,ebaas-iris-perf,*,ebaas-iris-perf,128,cleanup.policy=compact:delete.retention.ms=1209600000:min.cleanable.dirty.ratio=0.2,timothy.drahn@optum.com:chuck.chang@optum.com:ling.zhang@optum.com,tdrahn:cchan11:lzhang12,FULL
EBAAS.hemi.attperf.party-site-usage_encrypted,*,ebaas-iris-perf,*,ebaas-iris-perf,128,cleanup.policy=compact:delete.retention.ms=1209600000:min.cleanable.dirty.ratio=0.2,timothy.drahn@optum.com:chuck.chang@optum.com,tdrahn:cchan11,FULL
EBAAS.hemi.attperf.plan.dead-letter_encrypted,*,ebaas-iris-perf,*,ebaas-iris-perf,1,retention.ms=1209600000,sathish_b@optum.com,sbaddam,FULL
EBAAS.hemi.attperf.plan.join-queue_encrypted,*,ebaas-iris-perf,*,ebaas-iris-perf,50,retention.ms=1209600000,sathish_b@optum.com,sbaddam,FULL
EBAAS.hemi.attperf.plan.publish-queue_encrypted,*,ebaas-iris-perf,*,ebaas-iris-perf,50,cleanup.policy=compact:delete.retention.ms=1209600000:min.cleanable.dirty.ratio=0.2,sathish_b@optum.com,sbaddam,FULL
EBAAS.hemi.attperf.prescription.dead-letter_encrypted,*,ebaas-iris-perf,*,ebaas-iris-perf,1,retention.ms=1209600000,timothy.drahn@optum.com:chuck.chang@optum.com,tdrahn:cchan11,FULL
EBAAS.hemi.attperf.prescription.join-queue_encrypted,*,ebaas-iris-perf,*,ebaas-iris-perf,200,retention.ms=1209600000,timothy.drahn@optum.com:chuck.chang@optum.com,tdrahn:cchan11,FULL
EBAAS.hemi.attperf.prescription.publish-queue_encrypted,*,ebaas-iris-perf,*,ebaas-iris-perf,100,cleanup.policy=compact:delete.retention.ms=1209600000:min.cleanable.dirty.ratio=0.2,timothy.drahn@optum.com:chuck.chang@optum.com,tdrahn:cchan11,FULL
EBAAS.hemi.attperf.provider.dead-letter_encrypted,*,ebaas-iris-perf,*,ebaas-iris-perf,1,retention.ms=1209600000,timothy.drahn@optum.com:chuck.chang@optum.com,tdrahn:cchan11,FULL
EBAAS.hemi.attperf.provider.join-queue_encrypted,*,ebaas-iris-perf,*,ebaas-iris-perf,128,retention.ms=1209600000,timothy.drahn@optum.com:chuck.chang@optum.com,tdrahn:cchan11,FULL
EBAAS.hemi.attperf.provider.publish-queue_encrypted,*,ebaas-iris-perf,*,ebaas-iris-perf,128,cleanup.policy=compact:delete.retention.ms=1209600000:min.cleanable.dirty.ratio=0.2,timothy.drahn@optum.com:chuck.chang@optum.com,tdrahn:cchan11,FULL
EBAAS.hemi.dpaas.attperf.member.dead-letter_encrypted,*,ebaas-iris-perf,*,ebaas-iris-perf,1,retention.ms=1209600000,timothy.drahn@optum.com:kevin.yang@optum.com:chuck.chang@optum.com:ling.zhang@optum.com:bhupinder.randhawa@optum.com,tdrahn:wyang100:cchan11:lzhang12:brandhaw,FULL
EBAAS.hemi.dpaas.attperf.member.join-queue_encrypted,*,ebaas-iris-perf,*,ebaas-iris-perf,256,retention.ms=1209600000,timothy.drahn@optum.com:kevin.yang@optum.com:chuck.chang@optum.com:ling.zhang@optum.com:bhupinder.randhawa@optum.com,tdrahn:wyang100:cchan11:lzhang12:brandhaw,FULL
EBAAS.hemi.dpaas.attperf.member.publish-queue_encrypted,*,ebaas-iris-perf,*,ebaas-iris-perf,128,cleanup.policy=compact:delete.retention.ms=1209600000:min.cleanable.dirty.ratio=0.2,timothy.drahn@optum.com:kevin.yang@optum.com:chuck.chang@optum.com:ling.zhang@optum.com:bhupinder.randhawa@optum.com,tdrahn:wyang100:cchan11:lzhang12:brandhaw,FULL
