topic,producer_hosts,producer_cn,consumer_hosts,consumer_cn,partitions,config,email,ms-id,compatibility
EBAAS.hemi.cag.dead-letter_encrypted,*,ebaas-iris-stage,*,ebaas-iris-stage,1,retention.ms=1209600001,sathish_b@optum.com,sbaddam,FULL
EBAAS.hemi.cag.join-queue_encrypted,*,ebaas-iris-stage,*,ebaas-iris-stage,32,cleanup.policy=compact:delete.retention.ms=1209600000:min.cleanable.dirty.ratio=0.2,sathish_b@optum.com,sbaddam,FULL
EBAAS.hemi.cag.publish-queue_encrypted,*,ebaas-iris-stage,*,ebaas-iris-stage,32,cleanup.policy=compact:delete.retention.ms=1209600000:min.cleanable.dirty.ratio=0.2,sathish_b@optum.com,sbaddam,FULL
EBAAS.hemi.customer_transaction_type,*,ebaas-iris-stage,*,ebaas-iris-stage,32,cleanup.policy=compact:delete.retention.ms=1209600000:min.cleanable.dirty.ratio=0.1,helen.miao@optum.com:chuck.chang@optum.com:ling.zhang@optum.com,hmiao:cchan11:lzhang12,FULL
EBAAS.hemi.dpaas.member.dead-letter_encrypted,*,ebaas-iris-stage,*,ebaas-iris-stage,1,retention.ms=1209600000,timothy.drahn@optum.com:kevin.yang@optum.com:chuck.chang@optum.com:ling.zhang@optum.com,tdrahn:wyang100:cchan11:lzhang12,FULL
EBAAS.hemi.dpaas.member.join-queue_encrypted,*,ebaas-iris-stage,*,ebaas-iris-stage,32,cleanup.policy=compact:delete.retention.ms=1209600000:min.cleanable.dirty.ratio=0.2,timothy.drahn@optum.com:kevin.yang@optum.com:chuck.chang@optum.com:ling.zhang@optum.com:bhupinder.randhawa@optum.com,tdrahn:wyang100:cchan11:lzhang12:brandhaw,FULL
EBAAS.hemi.dpaas.member.publish-queue_encrypted,*,ebaas-iris-stage,*,ebaas-iris-stage,32,cleanup.policy=compact:delete.retention.ms=1209600000:min.cleanable.dirty.ratio=0.2,timothy.drahn@optum.com:kevin.yang@optum.com:chuck.chang@optum.com:ling.zhang@optum.com:bhupinder.randhawa@optum.com,tdrahn:wyang100:cchan11:lzhang12:brandhaw,FULL
EBAAS.hemi.iby_tx_extension_filter,*,ebaas-iris-stage,*,ebaas-iris-stage,32,cleanup.policy=compact:delete.retention.ms=1209600000:min.cleanable.dirty.ratio=0.2,ling.zhang@optum.com,lzhang12,FULL
EBAAS.hemi.medcom_header_info,*,ebaas-iris-stage,*,ebaas-iris-stage,32,cleanup.policy=compact:delete.retention.ms=1209600000:min.cleanable.dirty.ratio=0.2,timothy.drahn@optum.com:bhupinder.randhawa@optum.com,tdrahn:brandhaw,FULL
EBAAS.hemi.medcom_info,*,ebaas-iris-stage,*,ebaas-iris-stage,32,cleanup.policy=compact:delete.retention.ms=1209600000:min.cleanable.dirty.ratio=0.2,timothy.drahn@optum.com:bhupinder.randhawa@optum.com,tdrahn:brandhaw,FULL
EBAAS.hemi.medcom_pres_v2.dead-letter_encrypted,*,ebaas-iris-stage,*,ebaas-iris-stage,1,retention.ms=1209600000,ling.zhang@optum.com,lzhang12,FULL
EBAAS.hemi.medcom_pres_v2.join-queue_encrypted,*,ebaas-iris-stage,*,ebaas-iris-stage,32,cleanup.policy=compact:delete.retention.ms=1209600000:min.cleanable.dirty.ratio=0.2,ling.zhang@optum.com,lzhang12,FULL
EBAAS.hemi.medcom_pres_v2.publish-queue_encrypted,*,ebaas-iris-stage,*,ebaas-iris-stage,32,cleanup.policy=compact:delete.retention.ms=1209600000:min.cleanable.dirty.ratio=0.2,ling.zhang@optum.com,lzhang12,FULL
EBAAS.hemi.medcom_v2.dead-letter_encrypted,*,ebaas-iris-stage,*,ebaas-iris-stage,1,retention.ms=1209600000,timothy.drahn@optum.com:bhupinder.randhawa@optum.com,tdrahn:brandhaw,FULL
EBAAS.hemi.medcom_v2.join-queue_encrypted,*,ebaas-iris-stage,*,ebaas-iris-stage,32,cleanup.policy=compact:delete.retention.ms=1209600000:min.cleanable.dirty.ratio=0.2,timothy.drahn@optum.com:bhupinder.randhawa@optum.com,tdrahn:brandhaw,FULL
EBAAS.hemi.medcom_v2.publish-queue_encrypted,*,ebaas-iris-stage,*,ebaas-iris-stage,32,cleanup.policy=compact:delete.retention.ms=1209600000:min.cleanable.dirty.ratio=0.2,timothy.drahn@optum.com:bhupinder.randhawa@optum.com,tdrahn:brandhaw,FULL
EBAAS.hemi.om_order_line_filter,*,ebaas-iris-stage,*,ebaas-iris-stage,32,cleanup.policy=compact:delete.retention.ms=1209600000:min.cleanable.dirty.ratio=0.2,timothy.drahn@optum.com:kevin.yang@optum.com:chuck.chang@optum.com:ling.zhang@optum.com,tdrahn:wyang100:cchan11:lzhang12,FULL
EBAAS.hemi.order_detail_v4.dead-letter_encrypted,*,ebaas-iris-stage,*,ebaas-iris-stage,1,retention.ms=1209600000,ling.zhang@optum.com,lzhang12,FULL
EBAAS.hemi.order_detail_v4.join-queue_encrypted,*,ebaas-iris-stage,*,ebaas-iris-stage,32,cleanup.policy=compact:delete.retention.ms=1209600000:min.cleanable.dirty.ratio=0.2,ling.zhang@optum.com,lzhang12,FULL
EBAAS.hemi.order_detail_v4.publish-queue_encrypted,*,ebaas-iris-stage,*,ebaas-iris-stage,32,cleanup.policy=compact:delete.retention.ms=1209600000:min.cleanable.dirty.ratio=0.2,ling.zhang@optum.com,lzhang12,FULL
EBAAS.hemi.order_hold_details.dead-letter_encrypted,*,ebaas-iris-stage,*,ebaas-iris-stage,1,retention.ms=1209600000,helen.miao@optum.com:chuck.chang@optum.com:ling.zhang@optum.com,hmiao:cchan11:lzhang12,FULL
EBAAS.hemi.order_hold_details.join-queue_encrypted,*,ebaas-iris-stage,*,ebaas-iris-stage,32,cleanup.policy=compact:delete.retention.ms=1209600000:min.cleanable.dirty.ratio=0.2,helen.miao@optum.com:chuck.chang@optum.com:ling.zhang@optum.com,hmiao:cchan11:lzhang12,FULL
EBAAS.hemi.order_hold_details.publish-queue_encrypted,*,ebaas-iris-stage,*,ebaas-iris-stage,32,cleanup.policy=compact:delete.retention.ms=1209600000:min.cleanable.dirty.ratio=0.2,helen.miao@optum.com:chuck.chang@optum.com:ling.zhang@optum.com,hmiao:cchan11:lzhang12,FULL
EBAAS.hemi.order_hold_encrypted,*,ebaas-iris-stage,*,ebaas-iris-stage,32,cleanup.policy=compact:delete.retention.ms=1209600000:min.cleanable.dirty.ratio=0.2,helen.miao@optum.com:chuck.chang@optum.com:ling.zhang@optum.com,hmiao:cchan11:lzhang12,FULL
EBAAS.hemi.order_hold_filter_encrypted,*,ebaas-iris-stage,*,ebaas-iris-stage,32,cleanup.policy=compact:delete.retention.ms=1209600000:min.cleanable.dirty.ratio=0.2,helen.miao@optum.com:chuck.chang@optum.com:ling.zhang@optum.com,hmiao:cchan11:lzhang12,FULL
EBAAS.hemi.order_line_detail,*,ebaas-iris-stage,*,ebaas-iris-stage,32,cleanup.policy=compact:delete.retention.ms=1209600000:min.cleanable.dirty.ratio=0.2,ling.zhang@optum.com,lzhang12,FULL
EBAAS.hemi.order_line_header,*,ebaas-iris-stage,*,ebaas-iris-stage,32,cleanup.policy=compact:delete.retention.ms=1209600000:min.cleanable.dirty.ratio=0.2,ling.zhang@optum.com,lzhang12,FULL
EBAAS.hemi.order_no_org,*,ebaas-iris-stage,*,ebaas-iris-stage,32,cleanup.policy=compact:delete.retention.ms=1209600000:min.cleanable.dirty.ratio=0.2,ling.zhang@optum.com,lzhang12,FULL
EBAAS.hemi.order_payment_header,*,ebaas-iris-stage,*,ebaas-iris-stage,32,cleanup.policy=compact:delete.retention.ms=1209600000:min.cleanable.dirty.ratio=0.2,ling.zhang@optum.com,lzhang12,FULL
EBAAS.hemi.order_payment_schedules.dead-letter_encrypted,*,ebaas-iris-stage,*,ebaas-iris-stage,1,retention.ms=1209600000,helen.miao@optum.com:chuck.chang@optum.com:ling.zhang@optum.com,hmiao:cchan11:lzhang12,FULL
EBAAS.hemi.order_payment_schedules.join-queue_encrypted,*,ebaas-iris-stage,*,ebaas-iris-stage,32,cleanup.policy=compact:delete.retention.ms=1209600000:min.cleanable.dirty.ratio=0.1,helen.miao@optum.com:chuck.chang@optum.com:ling.zhang@optum.com,hmiao:cchan11:lzhang12,FULL
EBAAS.hemi.order_payment_schedules.publish-queue_encrypted,*,ebaas-iris-stage,*,ebaas-iris-stage,32,cleanup.policy=compact:delete.retention.ms=1209600000:min.cleanable.dirty.ratio=0.1,helen.miao@optum.com:chuck.chang@optum.com:ling.zhang@optum.com,hmiao:cchan11:lzhang12,FULL
EBAAS.hemi.order_payments_details.dead-letter_encrypted,*,ebaas-iris-stage,*,ebaas-iris-stage,1,retention.ms=1209600000,helen.miao@optum.com:chuck.chang@optum.com:ling.zhang@optum.com,hmiao:cchan11:lzhang12,FULL
EBAAS.hemi.order_payments_details.join-queue_encrypted,*,ebaas-iris-stage,*,ebaas-iris-stage,32,cleanup.policy=compact:delete.retention.ms=1209600000:min.cleanable.dirty.ratio=0.2,helen.miao@optum.com:chuck.chang@optum.com:ling.zhang@optum.com,hmiao:cchan11:lzhang12,FULL
EBAAS.hemi.order_payments_details.publish-queue_encrypted,*,ebaas-iris-stage,*,ebaas-iris-stage,32,cleanup.policy=compact:delete.retention.ms=1209600000:min.cleanable.dirty.ratio=0.2,helen.miao@optum.com:chuck.chang@optum.com:ling.zhang@optum.com,hmiao:cchan11:lzhang12,FULL
EBAAS.hemi.orderpayment_schedules_filter,*,ebaas-iris-stage,*,ebaas-iris-stage,32,cleanup.policy=compact:delete.retention.ms=1209600000:min.cleanable.dirty.ratio=0.1,helen.miao@optum.com:chuck.chang@optum.com:ling.zhang@optum.com,hmiao:cchan11:lzhang12,FULL
EBAAS.hemi.party-site-usage.dead-letter_encrypted,*,ebaas-iris-stage,*,ebaas-iris-stage,1,retention.ms=1209600000,timothy.drahn@optum.com:chuck.chang@optum.com:ling.zhang@optum.com,tdrahn:cchan11:lzhang12,FULL
EBAAS.hemi.party-site-usage.join-queue_encrypted,*,ebaas-iris-stage,*,ebaas-iris-stage,32,cleanup.policy=compact:delete.retention.ms=1209600000:min.cleanable.dirty.ratio=0.2,timothy.drahn@optum.com:chuck.chang@optum.com:ling.zhang@optum.com,tdrahn:cchan11:lzhang12,FULL
EBAAS.hemi.party-site-usage.publish-queue_encrypted,*,ebaas-iris-stage,*,ebaas-iris-stage,32,cleanup.policy=compact:delete.retention.ms=1209600000:min.cleanable.dirty.ratio=0.2,timothy.drahn@optum.com:chuck.chang@optum.com:ling.zhang@optum.com,tdrahn:cchan11:lzhang12,FULL
EBAAS.hemi.plan.dead-letter_encrypted,*,ebaas-iris-stage,*,ebaas-iris-stage,1,retention.ms=1209600000,sathish_b@optum.com,sbaddam,FULL
EBAAS.hemi.plan.join-queue_encrypted,*,ebaas-iris-stage,*,ebaas-iris-stage,32,cleanup.policy=compact:delete.retention.ms=1209600000:min.cleanable.dirty.ratio=0.2,sathish_b@optum.com,sbaddam,FULL
EBAAS.hemi.plan.publish-queue_encrypted,*,ebaas-iris-stage,*,ebaas-iris-stage,32,cleanup.policy=compact:delete.retention.ms=1209600000:min.cleanable.dirty.ratio=0.2,sathish_b@optum.com,sbaddam,FULL
EBAAS.hemi.prescription.dead-letter_encrypted,*,ebaas-iris-stage,*,ebaas-iris-stage,1,retention.ms=1209600000,timothy.drahn@optum.com,tdrahn,FULL
EBAAS.hemi.prescription.join-queue_encrypted,*,ebaas-iris-stage,*,ebaas-iris-stage,32,cleanup.policy=compact:delete.retention.ms=1209600000:min.cleanable.dirty.ratio=0.2,timothy.drahn@optum.com,tdrahn,FULL
EBAAS.hemi.prescription.publish-queue_encrypted,*,ebaas-iris-stage,*,ebaas-iris-stage,32,cleanup.policy=compact:delete.retention.ms=1209600000:min.cleanable.dirty.ratio=0.2,timothy.drahn@optum.com,tdrahn,FULL
EBAAS.hemi.provider.dead-letter_encrypted,*,ebaas-iris-stage,*,ebaas-iris-stage,1,retention.ms=1209600000,timothy.drahn@optum.com,tdrahn,FULL
EBAAS.hemi.provider.join-queue_encrypted,*,ebaas-iris-stage,*,ebaas-iris-stage,32,cleanup.policy=compact:delete.retention.ms=1209600000:min.cleanable.dirty.ratio=0.2,timothy.drahn@optum.com,tdrahn,FULL
EBAAS.hemi.provider.publish-queue_encrypted,*,ebaas-iris-stage,*,ebaas-iris-stage,32,cleanup.policy=compact:delete.retention.ms=1209600000:min.cleanable.dirty.ratio=0.2,timothy.drahn@optum.com,tdrahn,FULL
