topic,producer_hosts,producer_cn,consumer_hosts,consumer_cn,partitions,config,email,ms-id,compatibility
EBAAS.hemi.attprod.cag.dead-letter_encrypted,*,ebaas-prod-azure-iris,*,ebaas-prod-azure-iris,1,retention.ms=1209600000,sathish_b@optum.com:chuck.chang@optum.com,sbaddam:cchan11,FULL
EBAAS.hemi.attprod.cag.join-queue_encrypted,*,ebaas-prod-azure-iris,*,ebaas-prod-azure-iris,100,cleanup.policy=compact:delete.retention.ms=1209600000:min.cleanable.dirty.ratio=0.2,sathish_b@optum.com:chuck.chang@optum.com,sbaddam:cchan11,FULL
EBAAS.hemi.attprod.cag.publish-queue_encrypted,*,ebaas-prod-azure-iris,*,ebaas-prod-azure-iris,100,cleanup.policy=compact:delete.retention.ms=1209600000:min.cleanable.dirty.ratio=0.2,sathish_b@optum.com:chuck.chang@optum.com,sbaddam:cchan11,FULL
EBAAS.hemi.attprod.customer_transaction_type_encrypted,*,ebaas-prod-azure-iris,*,ebaas-prod-azure-iris,128,cleanup.policy=compact:delete.retention.ms=1209600000:min.cleanable.dirty.ratio=0.2,timothy.drahn@optum.com:chuck.chang@optum.com:ling.zhang@optum.com:helen.miao@optum.com,tdrahn:cchan11:lzhang12:hmiao,FULL
EBAAS.hemi.attprod.medcom_header_info,*,ebaas-prod-azure-iris,*,ebaas-prod-azure-iris,128,cleanup.policy=compact:delete.retention.ms=1209600000:min.cleanable.dirty.ratio=0.2,ling.zhang@optum.com:chuck.chang@optum.com,lzhang12:cchan11,FULL
EBAAS.hemi.attprod.medcom_info,*,ebaas-prod-azure-iris,*,ebaas-prod-azure-iris,128,cleanup.policy=compact:delete.retention.ms=1209600000:min.cleanable.dirty.ratio=0.2,ling.zhang@optum.com:chuck.chang@optum.com,lzhang12:cchan11,FULL
EBAAS.hemi.attprod.medcom_pres_v2.dead-letter_encrypted,*,ebaas-prod-azure-iris,*,ebaas-prod-azure-iris,1,retention.ms=1209600000,ling.zhang@optum.com:chuck.chang@optum.com,lzhang12:cchan11,FULL
EBAAS.hemi.attprod.medcom_pres_v2.join-queue_encrypted,*,ebaas-prod-azure-iris,*,ebaas-prod-azure-iris,128,cleanup.policy=compact:delete.retention.ms=1209600000:min.cleanable.dirty.ratio=0.2,ling.zhang@optum.com:chuck.chang@optum.com,lzhang12:cchan11,FULL
EBAAS.hemi.attprod.medcom_pres_v2.publish-queue_encrypted,*,ebaas-prod-azure-iris,*,ebaas-prod-azure-iris,128,cleanup.policy=compact:delete.retention.ms=1209600000:min.cleanable.dirty.ratio=0.2,ling.zhang@optum.com:chuck.chang@optum.com,lzhang12:cchan11,FULL
EBAAS.hemi.attprod.medcom_v2.dead-letter_encrypted,*,ebaas-prod-azure-iris,*,ebaas-prod-azure-iris,1,retention.ms=1209600000,ling.zhang@optum.com:chuck.chang@optum.com,lzhang12:cchan11,FULL
EBAAS.hemi.attprod.medcom_v2.join-queue_encrypted,*,ebaas-prod-azure-iris,*,ebaas-prod-azure-iris,128,cleanup.policy=compact:delete.retention.ms=1209600000:min.cleanable.dirty.ratio=0.2,ling.zhang@optum.com:chuck.chang@optum.com,lzhang12:cchan11,FULL
EBAAS.hemi.attprod.medcom_v2.publish-queue_encrypted,*,ebaas-prod-azure-iris,*,ebaas-prod-azure-iris,128,cleanup.policy=compact:delete.retention.ms=1209600000:min.cleanable.dirty.ratio=0.2,ling.zhang@optum.com:chuck.chang@optum.com,lzhang12:cchan11,FULL
EBAAS.hemi.attprod.om_order_line_filter,*,ebaas-prod-azure-iris,*,ebaas-prod-azure-iris,128,cleanup.policy=compact:delete.retention.ms=1209600000:min.cleanable.dirty.ratio=0.2,timothy.drahn@optum.com:kevin.yang@optum.com:chuck.chang@optum.com:ling.zhang@optum.com,tdrahn:wyang100:cchan11:lzhang12,FULL
EBAAS.hemi.attprod.order_detail_v4.dead-letter_encrypted,*,ebaas-prod-azure-iris,*,ebaas-prod-azure-iris,1,retention.ms=1209600000,timothy.drahn@optum.com:chuck.chang@optum.com:ling.zhang@optum.com,tdrahn:cchan11:lzhang12,FULL
EBAAS.hemi.attprod.order_detail_v4.join-queue_encrypted,*,ebaas-prod-azure-iris,*,ebaas-prod-azure-iris,128,cleanup.policy=compact:delete.retention.ms=1209600000:min.cleanable.dirty.ratio=0.2,timothy.drahn@optum.com:chuck.chang@optum.com:ling.zhang@optum.com,tdrahn:cchan11:lzhang12,FULL
EBAAS.hemi.attprod.order_detail_v4.publish-queue_encrypted,*,ebaas-prod-azure-iris,*,ebaas-prod-azure-iris,128,cleanup.policy=compact:delete.retention.ms=1209600000:min.cleanable.dirty.ratio=0.2,timothy.drahn@optum.com:chuck.chang@optum.com:ling.zhang@optum.com,tdrahn:cchan11:lzhang12,FULL
EBAAS.hemi.attprod.order_hold_details.dead-letter_encrypted,*,ebaas-prod-azure-iris,*,ebaas-prod-azure-iris,1,retention.ms=1209600000,timothy.drahn@optum.com:chuck.chang@optum.com:ling.zhang@optum.com:helen.miao@optum.com,tdrahn:cchan11:lzhang12:hmiao,FULL
EBAAS.hemi.attprod.order_hold_details.join-queue_encrypted,*,ebaas-prod-azure-iris,*,ebaas-prod-azure-iris,128,cleanup.policy=compact:delete.retention.ms=1209600000:min.cleanable.dirty.ratio=0.2,timothy.drahn@optum.com:chuck.chang@optum.com:ling.zhang@optum.com:helen.miao@optum.com,tdrahn:cchan11:lzhang12:hmiao,FULL
EBAAS.hemi.attprod.order_hold_details.publish-queue_encrypted,*,ebaas-prod-azure-iris,*,ebaas-prod-azure-iris,128,cleanup.policy=compact:delete.retention.ms=1209600000:min.cleanable.dirty.ratio=0.2,timothy.drahn@optum.com:chuck.chang@optum.com:ling.zhang@optum.com:helen.miao@optum.com,tdrahn:cchan11:lzhang12:hmiao,FULL
EBAAS.hemi.attprod.order_hold_encrypted,*,ebaas-prod-azure-iris,*,ebaas-prod-azure-iris,128,cleanup.policy=compact:delete.retention.ms=1209600000:min.cleanable.dirty.ratio=0.2,timothy.drahn@optum.com:chuck.chang@optum.com:ling.zhang@optum.com:helen.miao@optum.com,tdrahn:cchan11:lzhang12:hmiao,FULL
EBAAS.hemi.attprod.order_hold_filter_encrypted,*,ebaas-prod-azure-iris,*,ebaas-prod-azure-iris,128,cleanup.policy=compact:delete.retention.ms=1209600000:min.cleanable.dirty.ratio=0.2,timothy.drahn@optum.com:chuck.chang@optum.com:ling.zhang@optum.com:helen.miao@optum.com,tdrahn:cchan11:lzhang12:hmiao,FULL
EBAAS.hemi.attprod.order_line_detail,*,ebaas-prod-azure-iris,*,ebaas-prod-azure-iris,128,cleanup.policy=compact:delete.retention.ms=1209600000:min.cleanable.dirty.ratio=0.2,ling.zhang@optum.com:chuck.chang@optum.com,lzhang12:cchan11,FULL
EBAAS.hemi.attprod.order_line_header,*,ebaas-prod-azure-iris,*,ebaas-prod-azure-iris,128,cleanup.policy=compact:delete.retention.ms=1209600000:min.cleanable.dirty.ratio=0.2,ling.zhang@optum.com:chuck.chang@optum.com,lzhang12:cchan11,FULL
EBAAS.hemi.attprod.order_no_org,*,ebaas-prod-azure-iris,*,ebaas-prod-azure-iris,128,cleanup.policy=compact:delete.retention.ms=1209600000:min.cleanable.dirty.ratio=0.2,ling.zhang@optum.com:chuck.chang@optum.com,lzhang12:cchan11,FULL
EBAAS.hemi.attprod.order_payment_header,*,ebaas-prod-azure-iris,*,ebaas-prod-azure-iris,128,cleanup.policy=compact:delete.retention.ms=1209600000:min.cleanable.dirty.ratio=0.2,timothy.drahn@optum.com:chuck.chang@optum.com:ling.zhang@optum.com:helen.miao@optum.com,tdrahn:cchan11:lzhang12:hmiao,FULL
EBAAS.hemi.attprod.order_payment_schedules.dead-letter_encrypted,*,ebaas-prod-azure-iris,*,ebaas-prod-azure-iris,1,retention.ms=1209600000,timothy.drahn@optum.com:chuck.chang@optum.com:ling.zhang@optum.com:helen.miao@optum.com,tdrahn:cchan11:lzhang12:hmiao,FULL
EBAAS.hemi.attprod.order_payment_schedules.join-queue_encrypted,*,ebaas-prod-azure-iris,*,ebaas-prod-azure-iris,128,cleanup.policy=compact:delete.retention.ms=1209600000:min.cleanable.dirty.ratio=0.2,timothy.drahn@optum.com:chuck.chang@optum.com:ling.zhang@optum.com:helen.miao@optum.com,tdrahn:cchan11:lzhang12:hmiao,FULL
EBAAS.hemi.attprod.order_payment_schedules.publish-queue_encrypted,*,ebaas-prod-azure-iris,*,ebaas-prod-azure-iris,128,cleanup.policy=compact:delete.retention.ms=1209600000:min.cleanable.dirty.ratio=0.2,timothy.drahn@optum.com:chuck.chang@optum.com:ling.zhang@optum.com:helen.miao@optum.com,tdrahn:cchan11:lzhang12:hmiao,FULL
EBAAS.hemi.attprod.order_payments_details.dead-letter_encrypted,*,ebaas-prod-azure-iris,*,ebaas-prod-azure-iris,1,retention.ms=1209600000,timothy.drahn@optum.com:chuck.chang@optum.com:ling.zhang@optum.com:helen.miao@optum.com,tdrahn:cchan11:lzhang12:hmiao,FULL
EBAAS.hemi.attprod.order_payments_details.join-queue_encrypted,*,ebaas-prod-azure-iris,*,ebaas-prod-azure-iris,128,cleanup.policy=compact:delete.retention.ms=1209600000:min.cleanable.dirty.ratio=0.2,timothy.drahn@optum.com:chuck.chang@optum.com:ling.zhang@optum.com:helen.miao@optum.com,tdrahn:cchan11:lzhang12:hmiao,FULL
EBAAS.hemi.attprod.order_payments_details.publish-queue_encrypted,*,ebaas-prod-azure-iris,*,ebaas-prod-azure-iris,128,cleanup.policy=compact:delete.retention.ms=1209600000:min.cleanable.dirty.ratio=0.2,timothy.drahn@optum.com:chuck.chang@optum.com:ling.zhang@optum.com:helen.miao@optum.com,tdrahn:cchan11:lzhang12:hmiao,FULL
EBAAS.hemi.attprod.orderpayment_schedules_filter_encrypted,*,ebaas-prod-azure-iris,*,ebaas-prod-azure-iris,128,cleanup.policy=compact:delete.retention.ms=1209600000:min.cleanable.dirty.ratio=0.2,timothy.drahn@optum.com:chuck.chang@optum.com:ling.zhang@optum.com:helen.miao@optum.com,tdrahn:cchan11:lzhang12:hmiao,FULL
EBAAS.hemi.attprod.party-site-usage.dead-letter_encrypted,*,ebaas-prod-azure-iris,*,ebaas-prod-azure-iris,1,retention.ms=1209600000,timothy.drahn@optum.com:chuck.chang@optum.com:ling.zhang@optum.com,tdrahn:cchan11:lzhang12,FULL
EBAAS.hemi.attprod.party-site-usage.join-queue_encrypted,*,ebaas-prod-azure-iris,*,ebaas-prod-azure-iris,128,cleanup.policy=compact:delete.retention.ms=1209600000:min.cleanable.dirty.ratio=0.15,timothy.drahn@optum.com:chuck.chang@optum.com:ling.zhang@optum.com,tdrahn:cchan11:lzhang12,FULL
EBAAS.hemi.attprod.party-site-usage.publish-queue_encrypted,*,ebaas-prod-azure-iris,*,ebaas-prod-azure-iris,128,cleanup.policy=compact:delete.retention.ms=1209600000:min.cleanable.dirty.ratio=0.2,timothy.drahn@optum.com:chuck.chang@optum.com:ling.zhang@optum.com,tdrahn:cchan11:lzhang12,FULL
EBAAS.hemi.attprod.party-site-usage_encrypted,*,ebaas-prod-azure-iris,*,ebaas-prod-azure-iris,128,cleanup.policy=compact:delete.retention.ms=1209600000:min.cleanable.dirty.ratio=0.2,timothy.drahn@optum.com:chuck.chang@optum.com,tdrahn:cchan11,FULL
EBAAS.hemi.attprod.plan.dead-letter_encrypted,*,ebaas-prod-azure-iris,*,ebaas-prod-azure-iris,1,retention.ms=1209600000,sathish_b@optum.com:chuck.chang@optum.com,sbaddam:cchan11,FULL
EBAAS.hemi.attprod.plan.join-queue_encrypted,*,ebaas-prod-azure-iris,*,ebaas-prod-azure-iris,50,cleanup.policy=compact:delete.retention.ms=1209600000:min.cleanable.dirty.ratio=0.2,sathish_b@optum.com:chuck.chang@optum.com,sbaddam:cchan11,FULL
EBAAS.hemi.attprod.plan.publish-queue_encrypted,*,ebaas-prod-azure-iris,*,ebaas-prod-azure-iris,50,cleanup.policy=compact:delete.retention.ms=1209600000:min.cleanable.dirty.ratio=0.2,sathish_b@optum.com:chuck.chang@optum.com,sbaddam:cchan11,FULL
EBAAS.hemi.attprod.prescription.dead-letter_encrypted,*,ebaas-prod-azure-iris,*,ebaas-prod-azure-iris,1,retention.ms=1209600000,timothy.drahn@optum.com:chuck.chang@optum.com,tdrahn:cchan11,FULL
EBAAS.hemi.attprod.prescription.join-queue_encrypted,*,ebaas-prod-azure-iris,*,ebaas-prod-azure-iris,200,cleanup.policy=compact:delete.retention.ms=1209600000:min.cleanable.dirty.ratio=0.2,timothy.drahn@optum.com:chuck.chang@optum.com,tdrahn:cchan11,FULL
EBAAS.hemi.attprod.prescription.publish-queue_encrypted,*,ebaas-prod-azure-iris,*,ebaas-prod-azure-iris,100,cleanup.policy=compact:delete.retention.ms=1209600000:min.cleanable.dirty.ratio=0.2,timothy.drahn@optum.com:chuck.chang@optum.com,tdrahn:cchan11,FULL
EBAAS.hemi.attprod.prescription_alt,*,ebaas-prod-azure-iris,*,ebaas-prod-azure-iris,128,cleanup.policy=compact:delete.retention.ms=1209600000:min.cleanable.dirty.ratio=0.2,ling.zhang@optum.com:chuck.chang@optum.com,lzhang12:cchan11,FULL
EBAAS.hemi.attprod.prescription_pres,*,ebaas-prod-azure-iris,*,ebaas-prod-azure-iris,128,cleanup.policy=compact:delete.retention.ms=1209600000:min.cleanable.dirty.ratio=0.2,ling.zhang@optum.com:chuck.chang@optum.com,lzhang12:cchan11,FULL
EBAAS.hemi.attprod.provider.dead-letter_encrypted,*,ebaas-prod-azure-iris,*,ebaas-prod-azure-iris,1,retention.ms=1209600000,timothy.drahn@optum.com:chuck.chang@optum.com,tdrahn:cchan11,FULL
EBAAS.hemi.attprod.provider.join-queue_encrypted,*,ebaas-prod-azure-iris,*,ebaas-prod-azure-iris,128,cleanup.policy=compact:delete.retention.ms=1209600000:min.cleanable.dirty.ratio=0.2,timothy.drahn@optum.com:chuck.chang@optum.com,tdrahn:cchan11,FULL
EBAAS.hemi.attprod.provider.publish-queue_encrypted,*,ebaas-prod-azure-iris,*,ebaas-prod-azure-iris,128,cleanup.policy=compact:delete.retention.ms=1209600000:min.cleanable.dirty.ratio=0.2,timothy.drahn@optum.com:chuck.chang@optum.com,tdrahn:cchan11,FULL
EBAAS.hemi.dpaas.attprod.member.dead-letter_encrypted,*,ebaas-prod-azure-iris,*,ebaas-prod-azure-iris,1,retention.ms=1209600000,timothy.drahn@optum.com:kevin.yang@optum.com:chuck.chang@optum.com:ling.zhang@optum.com:bhupinder.randhawa@optum.com,tdrahn:wyang100:cchan11:lzhang12:brandhaw,FULL
EBAAS.hemi.dpaas.attprod.member.join-queue_encrypted,*,ebaas-prod-azure-iris,*,ebaas-prod-azure-iris,256,cleanup.policy=compact:delete.retention.ms=1209600000:min.cleanable.dirty.ratio=0.2,timothy.drahn@optum.com:kevin.yang@optum.com:chuck.chang@optum.com:ling.zhang@optum.com:bhupinder.randhawa@optum.com,tdrahn:wyang100:cchan11:lzhang12:brandhaw,FULL
EBAAS.hemi.dpaas.attprod.member.publish-queue_encrypted,*,ebaas-prod-azure-iris,*,ebaas-prod-azure-iris,128,cleanup.policy=compact:delete.retention.ms=1209600000:min.cleanable.dirty.ratio=0.2,timothy.drahn@optum.com:kevin.yang@optum.com:chuck.chang@optum.com:ling.zhang@optum.com:bhupinder.randhawa@optum.com,tdrahn:wyang100:cchan11:lzhang12:brandhaw,FULL
