topic,producer_hosts,producer_cn,consumer_hosts,consumer_cn,partitions,config,email,ms-id,compatibility
canonical.iris.cag.v2_encrypted,*,ebaas-iris-stage,*:*,ebaas-iris-stage:prod-ebaasenc-azure,32,cleanup.policy=compact:delete.retention.ms=1209600000:min.cleanable.dirty.ratio=0.2,sathish_b@optum.com,sbaddam,FULL
canonical.iris.member.v2_encrypted,*,ebaas-iris-stage,*:*,ebaas-iris-stage:prod-ebaasenc-azure,32,cleanup.policy=compact:delete.retention.ms=1209600000:min.cleanable.dirty.ratio=0.2,timothy.drahn@optum.com:kevin.yang@optum.com,tdrahn:wyang100,FULL
canonical.iris.plan.v2_encrypted,*,ebaas-iris-stage,*:*,ebaas-iris-stage:prod-ebaasenc-azure,32,cleanup.policy=compact:delete.retention.ms=1209600000:min.cleanable.dirty.ratio=0.2,sathish_b@optum.com,sbaddam,FULL
kaas.dpaas.hemi.iris.member.canonical.v1_encrypted,*,ebaas-iris-stage,*:*,ebaas-iris-stage:prod-ebaasenc-azure,32,cleanup.policy=compact:delete.retention.ms=1209600000:min.cleanable.dirty.ratio=0.2,sathish_b@optum.com:ling.zhang@optum.com:bhupinder.randhawa@optum.com,lzhang12:sbaddam:brandhaw,FULL
kaas.hemi.iris.cag.canonical.v1_encrypted,*,ebaas-iris-stage,*:*,ebaas-iris-stage:prod-ebaasenc-azure,32,cleanup.policy=compact:delete.retention.ms=1209600000:min.cleanable.dirty.ratio=0.2,sathish_b@optum.com,sbaddam,FULL
kaas.hemi.iris.medcom.pres.v2_encrypted,*,ebaas-iris-stage,*:*,ebaas-iris-stage:prod-ebaasenc-azure,32,cleanup.policy=compact:delete.retention.ms=1209600000:min.cleanable.dirty.ratio=0.2,ling.zhang@optum.com,lzhang12,FULL
kaas.hemi.iris.medcom.v2_encrypted,*,ebaas-iris-stage,*:*,ebaas-iris-stage:prod-ebaasenc-azure,32,cleanup.policy=compact:delete.retention.ms=1209600000:min.cleanable.dirty.ratio=0.2,timothy.drahn@optum.com:kevin.yang@optum.com,tdrahn:wyang100,FULL
kaas.hemi.iris.member.MemberAccountAddress.v1_encrypted,*,ebaas-iris-stage,*:*,ebaas-iris-stage:prod-ebaasenc-azure,32,cleanup.policy=compact:delete.retention.ms=1209600000:min.cleanable.dirty.ratio=0.2,timothy.drahn@optum.com:kevin.yang@optum.com:bhupinder.randhawa@optum.com,tdrahn:wyang100:brandhaw,FULL
kaas.hemi.iris.order.hold.details.canonical.v1_encrypted,*,ebaas-iris-stage,*:*,ebaas-iris-stage:prod-ebaasenc-azure,32,cleanup.policy=compact:delete.retention.ms=1209600000:min.cleanable.dirty.ratio=0.2,helen.miao@optum.com:chuck.chang@optum.com:ling.zhang@optum.com,miao:cchan11:lzhang12,FULL
kaas.hemi.iris.order.payment.schedules.canonical.v1_encrypted,*,ebaas-iris-stage,*:*,ebaas-iris-stage:prod-ebaasenc-azure,32,cleanup.policy=compact:delete.retention.ms=1209600000:min.cleanable.dirty.ratio=0.1,ling.zhang@optum.com:helen.miao@optum.com,lzhang12:hmiao,FULL
kaas.hemi.iris.order.payments.details.v1_encrypted,*,ebaas-iris-stage,*:*,ebaas-iris-stage:prod-ebaasenc-azure,32,cleanup.policy=compact:delete.retention.ms=1209600000:min.cleanable.dirty.ratio=0.2,ling.zhang@optum.com:helen.miao@optum.com,lzhang12:hmiao,FULL
kaas.hemi.iris.order.v4_encrypted,*,ebaas-iris-stage,*:*,ebaas-iris-stage:prod-ebaasenc-azure,32,cleanup.policy=compact:delete.retention.ms=1209600000:min.cleanable.dirty.ratio=0.2,timothy.drahn@optum.com:ling.zhang@optum.com,tdrahn:lzhang12,FULL
kaas.hemi.iris.party-site-usage.canonical.v1_encrypted,*,ebaas-iris-stage,*:*,ebaas-iris-stage:prod-ebaasenc-azure,32,cleanup.policy=compact:delete.retention.ms=1209600000:min.cleanable.dirty.ratio=0.2,ling.zhang@optum.com,lzhang12,FULL
kaas.hemi.iris.plan.canonical.v1_encrypted,*,ebaas-iris-stage,*:*,ebaas-iris-stage:prod-ebaasenc-azure,32,cleanup.policy=compact:delete.retention.ms=1209600000:min.cleanable.dirty.ratio=0.2,sathish_b@optum.com,sbaddam,FULL
kaas.hemi.iris.prescription.canonical.v1-test_encrypted,*,ebaas-iris-stage,*:*,ebaas-iris-stage:prod-ebaasenc-azure,32,cleanup.policy=compact:delete.retention.ms=1209600000:min.cleanable.dirty.ratio=0.2,timothy.drahn@optum.com,tdrahn,FULL
kaas.hemi.iris.prescription.canonical.v1-test_encrypted_load,*,ebaas-iris-stage,*:*,ebaas-iris-stage:prod-ebaasenc-azure,1000,cleanup.policy=compact:delete.retention.ms=1209600000:min.cleanable.dirty.ratio=0.2,steve.banks@optum.com,sbanks34,FULL
kaas.hemi.iris.prescription.canonical.v1_encrypted,*,ebaas-iris-stage,*:*,ebaas-iris-stage:prod-ebaasenc-azure,32,cleanup.policy=compact:delete.retention.ms=1209600000:min.cleanable.dirty.ratio=0.2,ling.zhang@optum.com,lzhang12,FULL
kaas.hemi.iris.provider.canonical.v1_encrypted,*,ebaas-iris-stage,*:*,ebaas-iris-stage:prod-ebaasenc-azure,32,cleanup.policy=compact:delete.retention.ms=1209600000:min.cleanable.dirty.ratio=0.3,ling.zhang@optum.com,lzhang12,FULL