topic,producer_hosts,producer_cn,consumer_hosts,consumer_cn,partitions,config,email,ms-id,compatibility
kaas.hemi.attperf.cag.canonical.v1_encrypted,*,ebaas-iris-perf,*:*,ebaas-iris-perf:prod-ebaasenc-azure,32,retention.ms=1209600000,timothy.drahn@optum.com:chuck.chang@optum.com:sathish_b@optum.com,tdrahn:cchan11:sbaddam,FULL
kaas.hemi.attperf.cag.canonical.v2_encrypted,*,ebaas-iris-perf,*:*,ebaas-iris-perf:prod-ebaasenc-azure,32,retention.ms=1209600000,timothy.drahn@optum.com:chuck.chang@optum.com,tdrahn:cchan11,FULL
kaas.hemi.attperf.medcom.pres.v2_encrypted,*,ebaas-iris-perf,*:*,ebaas-iris-perf:prod-ebaasenc-azure,32,retention.ms=1209600000,ling.zhang@optum.com,lzhang12,FULL
kaas.hemi.attperf.medcom.v2_encrypted,*,ebaas-iris-perf,*:*,ebaas-iris-perf:prod-ebaasenc-azure,128,retention.ms=1209600000,timothy.drahn@optum.com:sathish_b@optum.com:chuck.chang@optum.com,tdrahn:sbaddam:cchan11,FULL
kaas.hemi.attperf.member.MemberAccountAddress.v1_encrypted,*,ebaas-iris-perf,*:*,ebaas-iris-perf:prod-ebaasenc-azure,128,retention.ms=1209600000,timothy.drahn@optum.com:kevin.yang@optum.com:chuck.chang@optum.com,tdrahn:wyang100:cchan11,FULL
kaas.hemi.attperf.order.hold.details.canonical.v1_encrypted,*,ebaas-iris-perf,*:*,ebaas-iris-perf:prod-ebaasenc-azure,32,retention.ms=1209600000,helen.miao@optum.com:chuck.chang@optum.com:ling.zhang@optum.com,hmiao:cchan11:lzhang12,FULL
kaas.hemi.attperf.order.payment.schedules.canonical.v1_encrypted,*,ebaas-iris-perf,*:*,ebaas-iris-perf:prod-ebaasenc-azure,32,retention.ms=1209600000,timothy.drahn@optum.com:chuck.chang@optum.com,tdrahn:cchan11,FULL
kaas.hemi.attperf.order.payments.details.v1_encrypted,*,ebaas-iris-perf,*:*,ebaas-iris-perf:prod-ebaasenc-azure,32,retention.ms=1209600000,timothy.drahn@optum.com:ling.zhang@optum.com:chuck.chang@optum.com:helen.miao@optum.com,tdrahn:lzhang12:cchan11:hmiao,FULL
kaas.hemi.attperf.order.v4_encrypted,*,ebaas-iris-perf,*:*,ebaas-iris-perf:prod-ebaasenc-azure,32,retention.ms=1209600000,timothy.drahn@optum.com:ling.zhang@optum.com:chuck.chang@optum.com,tdrahn:lzhang12:cchan11,FULL
kaas.hemi.attperf.order_payment_schedules_encrypted,*,ebaas-iris-perf,*:*,ebaas-iris-perf:prod-ebaasenc-azure,32,retention.ms=1209600000,timothy.drahn@optum.com:ling.zhang@optum.com:chuck.chang@optum.com:helen.miao@optum.com,tdrahn:lzhang12:cchan11:hmiao,FULL
kaas.hemi.attperf.plan.canonical.v1_encrypted,*,ebaas-iris-perf,*:*,ebaas-iris-perf:prod-ebaasenc-azure,32,retention.ms=1209600000,timothy.drahn@optum.com:chuck.chang@optum.com:sathish_b@optum.com,tdrahn:cchan11:sbaddam,FULL
kaas.hemi.attperf.plan.canonical.v2_encrypted,*,ebaas-iris-perf,*:*,ebaas-iris-perf:prod-ebaasenc-azure,32,retention.ms=1209600000,timothy.drahn@optum.com:chuck.chang@optum.com,tdrahn:cchan11,FULL
kaas.hemi.attperf.prescription.canonical.v1_encrypted,*,ebaas-iris-perf,*:*,ebaas-iris-perf:prod-ebaasenc-azure,100,retention.ms=1209600000,timothy.drahn@optum.com:chuck.chang@optum.com,tdrahn:cchan11,FULL
kaas.hemi.attperf.provider.canonical.v1_encrypted,*,ebaas-iris-perf,*:*,ebaas-iris-perf:prod-ebaasenc-azure,128,retention.ms=1209600000,timothy.drahn@optum.com:chuck.chang@optum.com,tdrahn:cchan11,FULL
kaas.dpaas.hemi.attperf.member.v2_encrypted,*,ebaas-iris-perf,*:*,ebaas-iris-perf:prod-ebaasenc-azure,32,retention.ms=1209600000,timothy.drahn@optum.com:kevin.yang@optum.com:chuck.chang@optum.com:bhupinder.randhawa@optum.com,tdrahn:wyang100:cchan11:brandhaw,FULL
