topic,producer_hosts,producer_cn,consumer_hosts,consumer_cn,partitions,config,email,ms-id,compatibility
kaas.hemi.attprod.cag.canonical.v1_encrypted,*,ebaas-prod-azure-iris,*,ebaas-prod-azure-iris,32,cleanup.policy=compact:delete.retention.ms=1209600000:min.cleanable.dirty.ratio=0.2,timothy.drahn@optum.com:chuck.chang@optum.com:sathish_b@optum.com,tdrahn:cchan11:sbaddam,FULL
kaas.hemi.attprod.cag.canonical.v2_encrypted,*,ebaas-prod-azure-iris,*,ebaas-prod-azure-iris,32,cleanup.policy=compact:delete.retention.ms=1209600000:min.cleanable.dirty.ratio=0.2,timothy.drahn@optum.com:chuck.chang@optum.com,tdrahn:cchan11,FULL
kaas.hemi.attprod.medcom.pres.v2_encrypted,*,ebaas-prod-azure-iris,*,ebaas-prod-azure-iris,128,cleanup.policy=compact:delete.retention.ms=1209600000:min.cleanable.dirty.ratio=0.2,timothy.drahn@optum.com:sathish_b@optum.com:chuck.chang@optum.com,tdrahn:sbaddam:cchan11,FULL
kaas.hemi.attprod.medcom.v2_encrypted,*,ebaas-prod-azure-iris,*,ebaas-prod-azure-iris,128,cleanup.policy=compact:delete.retention.ms=1209600000:min.cleanable.dirty.ratio=0.2,timothy.drahn@optum.com:sathish_b@optum.com:chuck.chang@optum.com,tdrahn:sbaddam:cchan11,FULL
kaas.hemi.attprod.member.MemberAccountAddress.v1_encrypted,*,ebaas-prod-azure-iris,*,ebaas-prod-azure-iris,128,cleanup.policy=compact:delete.retention.ms=1209600000:min.cleanable.dirty.ratio=0.2,timothy.drahn@optum.com:kevin.yang@optum.com:chuck.chang@optum.com:bhupinder.randhawa@optum.com,tdrahn:wyang100:cchan11:brandhaw,FULL
kaas.hemi.attprod.order.hold.details.canonical.v1_encrypted,*,ebaas-prod-azure-iris,*,ebaas-prod-azure-iris,32,cleanup.policy=compact:delete.retention.ms=1209600000:min.cleanable.dirty.ratio=0.2,timothy.drahn@optum.com:kevin.yang@optum.com:chuck.chang@optum.com,tdrahn:wyang100:cchan11,FULL
kaas.hemi.attprod.order.payment.schedules.canonical.v1_encrypted,*,ebaas-prod-azure-iris,*,ebaas-prod-azure-iris,32,cleanup.policy=compact:delete.retention.ms=1209600000:min.cleanable.dirty.ratio=0.2,helen.miao@optum.com:chuck.chang@optum.com:ling.zhang@optum.com,hmiao:cchan11:lzhang12,FULL
kaas.hemi.attprod.order.payments.details.v1_encrypted,*,ebaas-prod-azure-iris,*,ebaas-prod-azure-iris,128,cleanup.policy=compact:delete.retention.ms=1209600000:min.cleanable.dirty.ratio=0.2,helen.miao@optum.com:chuck.chang@optum.com:ling.zhang@optum.com,hmiao:cchan11:lzhang12,FULL
kaas.hemi.attprod.order.v4_encrypted,*,ebaas-prod-azure-iris,*:*,ebaas-prod-azure-iris:prod-ebaasenc-azure,32,cleanup.policy=compact:delete.retention.ms=1209600000:min.cleanable.dirty.ratio=0.2,timothy.drahn@optum.com:ling.zhang@optum.com:chuck.chang@optum.com,tdrahn:lzhang12:cchan11,FULL
kaas.hemi.attprod.plan.canonical.v1_encrypted,*,ebaas-prod-azure-iris,*,ebaas-prod-azure-iris,32,cleanup.policy=compact:delete.retention.ms=1209600000:min.cleanable.dirty.ratio=0.2,timothy.drahn@optum.com:chuck.chang@optum.com:sathish_b@optum.com,tdrahn:cchan11:sbaddam,FULL
kaas.hemi.attprod.plan.canonical.v2_encrypted,*,ebaas-prod-azure-iris,*,ebaas-prod-azure-iris,32,cleanup.policy=compact:delete.retention.ms=1209600000:min.cleanable.dirty.ratio=0.2,timothy.drahn@optum.com:chuck.chang@optum.com,tdrahn:cchan11,FULL
kaas.hemi.attprod.prescription.canonical.v1_encrypted,*,ebaas-prod-azure-iris,*,ebaas-prod-azure-iris,100,cleanup.policy=compact:delete.retention.ms=1209600000:min.cleanable.dirty.ratio=0.2,timothy.drahn@optum.com:chuck.chang@optum.com,tdrahn:cchan11,FULL
kaas.hemi.attprod.provider.canonical.v1_encrypted,*,ebaas-prod-azure-iris,*,ebaas-prod-azure-iris,128,cleanup.policy=compact:delete.retention.ms=1209600000:min.cleanable.dirty.ratio=0.3,timothy.drahn@optum.com:chuck.chang@optum.com,tdrahn:cchan11,FULL
kaas.dpaas.hemi.attprod.member.canonical.v2_encrypted,*,ebaas-prod-azure-iris,*:*,ebaas-prod-azure-iris:prod-ebaasenc-azure,32,cleanup.policy=compact:delete.retention.ms=1209600000:min.cleanable.dirty.ratio=0.2,timothy.drahn@optum.com:kevin.yang@optum.com:chuck.chang@optum.com:bhupinder.randhawa@optum.com,tdrahn:wyang100:cchan11:brandhaw,FULL
kaas.dpaas.hemi.attprod.member.MemberAccountAddress.v1_encrypted,*,ebaas-prod-azure-iris,*,ebaas-prod-azure-iris,128,cleanup.policy=compact:delete.retention.ms=1209600000:min.cleanable.dirty.ratio=0.2,timothy.drahn@optum.com:kevin.yang@optum.com:chuck.chang@optum.com:bhupinder.randhawa@optum.com,tdrahn:wyang100:cchan11:brandhaw,FULL
