topic,producer-hosts,producer-cn,consumer-hosts,consumer-cn,partitions,config,email,msid
kaas.dpaas.rxclaim.dev.rxdv1.clmv25fil.rcmbrp_encrypted,*,prod-ebaasenc-azure,*,prod-ebaasenc-azure,1,cleanup.policy=compact:delete.retention.ms=1209600001:min.cleanable.dirty.ratio=0.2:compression.type=snappy,timothy.drahn@optum.com,tdrahn
kaas.dpaas.rxclaim.dev.rxdv1.clmv25fil.rcmsip_encrypted,*,prod-ebaasenc-azure,*,prod-ebaasenc-azure,1,cleanup.policy=compact:delete.retention.ms=1209600000:min.cleanable.dirty.ratio=0.2:compression.type=snappy,timothy.drahn@optum.com,tdrahn
kaas.dpaas.rxclaim.dev.rxdv1.clmv25fil.rctc3p_encrypted,*,prod-ebaasenc-azure,*,prod-ebaasenc-azure,1,cleanup.policy=compact:delete.retention.ms=1209600000:min.cleanable.dirty.ratio=0.2:compression.type=snappy,timothy.drahn@optum.com,tdrahn
kaas.dpaas.rxclaim.dev.rxdv1.clmv25fil.rctcdp_encrypted,*,prod-ebaasenc-azure,*,prod-ebaasenc-azure,1,cleanup.policy=compact:delete.retention.ms=1209600000:min.cleanable.dirty.ratio=0.2:compression.type=snappy,timothy.drahn@optum.com,tdrahn
kaas.rxclaim.dev.rxdv1.clmv25fil.dtmsr01_encrypted,*,prod-ebaasenc-azure,*,prod-ebaasenc-azure,1,cleanup.policy=compact:delete.retention.ms=1209600000:min.cleanable.dirty.ratio=0.2:compression.type=snappy,timothy.drahn@optum.com,tdrahn
kaas.rxclaim.dev.rxdv1.clmv25fil.rcaccp_encrypted,*,prod-ebaasenc-azure,*,prod-ebaasenc-azure,1,cleanup.policy=compact:delete.retention.ms=1209600000:min.cleanable.dirty.ratio=0.2:compression.type=snappy,timothy.drahn@optum.com,tdrahn
kaas.rxclaim.dev.rxdv1.clmv25fil.rcagdp_encrypted,*,prod-ebaasenc-azure,*,prod-ebaasenc-azure,1,cleanup.policy=compact:delete.retention.ms=1209600000:min.cleanable.dirty.ratio=0.2:compression.type=snappy,timothy.drahn@optum.com,tdrahn
kaas.rxclaim.dev.rxdv1.clmv25fil.rcagfp_encrypted,*,prod-ebaasenc-azure,*,prod-ebaasenc-azure,1,cleanup.policy=compact:delete.retention.ms=1209600000:min.cleanable.dirty.ratio=0.2:compression.type=snappy,timothy.drahn@optum.com,tdrahn
kaas.rxclaim.dev.rxdv1.clmv25fil.rcaldp_encrypted,*,prod-ebaasenc-azure,*,prod-ebaasenc-azure,1,cleanup.policy=compact:delete.retention.ms=1209600000:min.cleanable.dirty.ratio=0.2:compression.type=snappy,timothy.drahn@optum.com,tdrahn
kaas.rxclaim.dev.rxdv1.clmv25fil.rcamdp_encrypted,*,prod-ebaasenc-azure,*,prod-ebaasenc-azure,1,cleanup.policy=compact:delete.retention.ms=1209600000:min.cleanable.dirty.ratio=0.2:compression.type=snappy,timothy.drahn@optum.com,tdrahn
kaas.rxclaim.dev.rxdv1.clmv25fil.rcamfp_encrypted,*,prod-ebaasenc-azure,*,prod-ebaasenc-azure,1,cleanup.policy=compact:delete.retention.ms=1209600000:min.cleanable.dirty.ratio=0.2:compression.type=snappy,timothy.drahn@optum.com,tdrahn
kaas.rxclaim.dev.rxdv1.clmv25fil.rccarp_encrypted,*,prod-ebaasenc-azure,*,prod-ebaasenc-azure,1,cleanup.policy=compact:delete.retention.ms=1209600000:min.cleanable.dirty.ratio=0.2:compression.type=snappy,timothy.drahn@optum.com,tdrahn
kaas.rxclaim.dev.rxdv1.clmv25fil.rccelp_encrypted,*,prod-ebaasenc-azure,*,prod-ebaasenc-azure,1,cleanup.policy=compact:delete.retention.ms=1209600000:min.cleanable.dirty.ratio=0.2:compression.type=snappy,timothy.drahn@optum.com,tdrahn
kaas.rxclaim.dev.rxdv1.clmv25fil.rccfap_encrypted,*,prod-ebaasenc-azure,*,prod-ebaasenc-azure,1,cleanup.policy=compact:delete.retention.ms=1209600000:min.cleanable.dirty.ratio=0.2:compression.type=snappy,timothy.drahn@optum.com,tdrahn
kaas.rxclaim.dev.rxdv1.clmv25fil.rccrdp_encrypted,*,prod-ebaasenc-azure,*,prod-ebaasenc-azure,1,cleanup.policy=compact:delete.retention.ms=1209600000:min.cleanable.dirty.ratio=0.2:compression.type=snappy,timothy.drahn@optum.com,tdrahn
kaas.rxclaim.dev.rxdv1.clmv25fil.rcfasp_encrypted,*,prod-ebaasenc-azure,*,prod-ebaasenc-azure,1,cleanup.policy=compact:delete.retention.ms=1209600000:min.cleanable.dirty.ratio=0.2:compression.type=snappy,timothy.drahn@optum.com,tdrahn
kaas.rxclaim.dev.rxdv1.clmv25fil.rcgelp_encrypted,*,prod-ebaasenc-azure,*,prod-ebaasenc-azure,1,cleanup.policy=compact:delete.retention.ms=1209600000:min.cleanable.dirty.ratio=0.2:compression.type=snappy,timothy.drahn@optum.com,tdrahn
kaas.rxclaim.dev.rxdv1.clmv25fil.rcgldp_encrypted,*,prod-ebaasenc-azure,*,prod-ebaasenc-azure,1,cleanup.policy=compact:delete.retention.ms=1209600000:min.cleanable.dirty.ratio=0.2:compression.type=snappy,timothy.drahn@optum.com,tdrahn
kaas.rxclaim.dev.rxdv1.clmv25fil.rcgrlp_encrypted,*,prod-ebaasenc-azure,*,prod-ebaasenc-azure,1,cleanup.policy=compact:delete.retention.ms=1209600000:min.cleanable.dirty.ratio=0.2:compression.type=snappy,timothy.drahn@optum.com,tdrahn
kaas.rxclaim.dev.rxdv1.clmv25fil.rcgrpp_encrypted,*,prod-ebaasenc-azure,*,prod-ebaasenc-azure,1,cleanup.policy=compact:delete.retention.ms=1209600000:min.cleanable.dirty.ratio=0.2:compression.type=snappy,timothy.drahn@optum.com,tdrahn
kaas.rxclaim.dev.rxdv1.clmv25fil.rcmcfp_encrypted,*,prod-ebaasenc-azure,*,prod-ebaasenc-azure,1,cleanup.policy=compact:delete.retention.ms=1209600000:min.cleanable.dirty.ratio=0.2:compression.type=snappy,timothy.drahn@optum.com,tdrahn
kaas.rxclaim.dev.rxdv1.clmv25fil.rcmelp_encrypted,*,prod-ebaasenc-azure,*,prod-ebaasenc-azure,1,cleanup.policy=compact:delete.retention.ms=1209600000:min.cleanable.dirty.ratio=0.2:compression.type=snappy,timothy.drahn@optum.com,tdrahn
kaas.rxclaim.dev.rxdv1.clmv25fil.rcmhpp_encrypted,*,prod-ebaasenc-azure,*,prod-ebaasenc-azure,1,cleanup.policy=compact:delete.retention.ms=1209600000:min.cleanable.dirty.ratio=0.2:compression.type=snappy,timothy.drahn@optum.com,tdrahn
kaas.rxclaim.dev.rxdv1.clmv25fil.rcmmdp_encrypted,*,prod-ebaasenc-azure,*,prod-ebaasenc-azure,1,cleanup.policy=compact:delete.retention.ms=1209600000:min.cleanable.dirty.ratio=0.2:compression.type=snappy,timothy.drahn@optum.com,tdrahn
kaas.rxclaim.dev.rxdv1.clmv25fil.rcmpap_encrypted,*,prod-ebaasenc-azure,*,prod-ebaasenc-azure,1,cleanup.policy=compact:delete.retention.ms=1209600000:min.cleanable.dirty.ratio=0.2:compression.type=snappy,timothy.drahn@optum.com,tdrahn
kaas.rxclaim.dev.rxdv1.clmv25fil.rcmxrp_encrypted,*,prod-ebaasenc-azure,*,prod-ebaasenc-azure,1,cleanup.policy=compact:delete.retention.ms=1209600000:min.cleanable.dirty.ratio=0.2:compression.type=snappy,timothy.drahn@optum.com,tdrahn
kaas.rxclaim.dev.rxdv1.clmv25fil.rcpdtp_encrypted,*,prod-ebaasenc-azure,*,prod-ebaasenc-azure,1,cleanup.policy=compact:delete.retention.ms=1209600000:min.cleanable.dirty.ratio=0.2:compression.type=snappy,timothy.drahn@optum.com,tdrahn
kaas.rxclaim.dev.rxdv1.clmv25fil.rcpeep_encrypted,*,prod-ebaasenc-azure,*,prod-ebaasenc-azure,1,cleanup.policy=compact:delete.retention.ms=1209600000:min.cleanable.dirty.ratio=0.2:compression.type=snappy,timothy.drahn@optum.com,tdrahn
kaas.rxclaim.dev.rxdv1.clmv25fil.rcpetp_encrypted,*,prod-ebaasenc-azure,*,prod-ebaasenc-azure,1,cleanup.policy=compact:delete.retention.ms=1209600000:min.cleanable.dirty.ratio=0.2:compression.type=snappy,timothy.drahn@optum.com,tdrahn
kaas.rxclaim.dev.rxdv1.clmv25fil.rcphap_encrypted,*,prod-ebaasenc-azure,*,prod-ebaasenc-azure,1,cleanup.policy=compact:delete.retention.ms=1209600000:min.cleanable.dirty.ratio=0.2:compression.type=snappy,timothy.drahn@optum.com,tdrahn
kaas.rxclaim.dev.rxdv1.clmv25fil.rcphyp_encrypted,*,prod-ebaasenc-azure,*,prod-ebaasenc-azure,1,cleanup.policy=compact:delete.retention.ms=1209600000:min.cleanable.dirty.ratio=0.2:compression.type=snappy,timothy.drahn@optum.com,tdrahn
kaas.rxclaim.dev.rxdv1.clmv25fil.rcplnp_encrypted,*,prod-ebaasenc-azure,*,prod-ebaasenc-azure,1,cleanup.policy=compact:delete.retention.ms=1209600000:min.cleanable.dirty.ratio=0.2:compression.type=snappy,timothy.drahn@optum.com,tdrahn
kaas.rxclaim.dev.rxdv1.clmv25fil.rcprdp_encrypted,*,prod-ebaasenc-azure,*,prod-ebaasenc-azure,1,cleanup.policy=compact:delete.retention.ms=1209600000:min.cleanable.dirty.ratio=0.2:compression.type=snappy,timothy.drahn@optum.com,tdrahn
kaas.rxclaim.dev.rxdv1.clmv25fil.rcprfp_encrypted,*,prod-ebaasenc-azure,*,prod-ebaasenc-azure,1,cleanup.policy=compact:delete.retention.ms=1209600000:min.cleanable.dirty.ratio=0.2:compression.type=snappy,timothy.drahn@optum.com,tdrahn
kaas.rxclaim.dev.rxdv1.clmv25fil.rcrcmp_encrypted,*,prod-ebaasenc-azure,*,prod-ebaasenc-azure,1,cleanup.policy=compact:delete.retention.ms=1209600000:min.cleanable.dirty.ratio=0.2:compression.type=snappy,timothy.drahn@optum.com,tdrahn
kaas.rxclaim.dev.rxdv1.clmv25fil.rcrjcp_encrypted,*,prod-ebaasenc-azure,*,prod-ebaasenc-azure,1,cleanup.policy=compact:delete.retention.ms=1209600000:min.cleanable.dirty.ratio=0.2:compression.type=snappy,timothy.drahn@optum.com,tdrahn
kaas.rxclaim.dev.rxdv1.clmv25fil.rcrxcp_encrypted,*,prod-ebaasenc-azure,*,prod-ebaasenc-azure,1,cleanup.policy=compact:delete.retention.ms=1209600000:min.cleanable.dirty.ratio=0.2:compression.type=snappy,timothy.drahn@optum.com,tdrahn
kaas.rxclaim.dev.rxdv1.clmv25fil.rctapp_encrypted,*,prod-ebaasenc-azure,*,prod-ebaasenc-azure,1,cleanup.policy=compact:delete.retention.ms=1209600000:min.cleanable.dirty.ratio=0.2:compression.type=snappy,timothy.drahn@optum.com,tdrahn
kaas.rxclaim.dev.rxdv1.clmv25fil.rctc2p_encrypted,*,prod-ebaasenc-azure,*,prod-ebaasenc-azure,1,cleanup.policy=compact:delete.retention.ms=1209600000:min.cleanable.dirty.ratio=0.2:compression.type=snappy,timothy.drahn@optum.com,tdrahn
kaas.rxclaim.dev.rxdv1.clmv25fil.rctc3p_encrypted,*,prod-ebaasenc-azure,*,prod-ebaasenc-azure,1,cleanup.policy=compact:delete.retention.ms=1209600000:min.cleanable.dirty.ratio=0.2:compression.type=snappy,timothy.drahn@optum.com,tdrahn
kaas.rxclaim.dev.rxdv1.clmv25fil.rctc9p_encrypted,*,prod-ebaasenc-azure,*,prod-ebaasenc-azure,1,cleanup.policy=compact:delete.retention.ms=1209600000:min.cleanable.dirty.ratio=0.2:compression.type=snappy,timothy.drahn@optum.com,tdrahn
kaas.rxclaim.dev.rxdv1.clmv25fil.rctcbp_encrypted,*,prod-ebaasenc-azure,*,prod-ebaasenc-azure,1,cleanup.policy=compact:delete.retention.ms=1209600000:min.cleanable.dirty.ratio=0.2:compression.type=snappy,timothy.drahn@optum.com,tdrahn
kaas.rxclaim.dev.rxdv1.clmv25fil.rctcdp_encrypted,*,prod-ebaasenc-azure,*,prod-ebaasenc-azure,1,cleanup.policy=compact:delete.retention.ms=1209600000:min.cleanable.dirty.ratio=0.2:compression.type=snappy,timothy.drahn@optum.com,tdrahn
kaas.rxclaim.dev.rxdv1.clmv25fil2.mrmbrp_encrypted,*,prod-ebaasenc-azure,*,prod-ebaasenc-azure,1,cleanup.policy=compact:delete.retention.ms=1209600000:min.cleanable.dirty.ratio=0.2:compression.type=snappy,timothy.drahn@optum.com,tdrahn
kaas.rxclaim.dev.rxdv1.clmv25gen.rxcoddf_encrypted,*,prod-ebaasenc-azure,*,prod-ebaasenc-azure,1,cleanup.policy=compact:delete.retention.ms=1209600000:min.cleanable.dirty.ratio=0.2:compression.type=snappy,timothy.drahn@optum.com,tdrahn
kaas.rxclaim.dev.rxdv1.pasprdfil.pamsgfp_encrypted,*,prod-ebaasenc-azure,*,prod-ebaasenc-azure,1,cleanup.policy=compact:delete.retention.ms=1209600000:min.cleanable.dirty.ratio=0.2:compression.type=snappy,timothy.drahn@optum.com,tdrahn
