topic,producer-hosts,producer-cn,consumer-hosts,consumer-cn,partitions,config,email,msid
kaas.dpaas.rxclaim.dev.bk1uat.clmprdfil.rcmbrp_encrypted,*,prod-ebaasenc-azure,*,prod-ebaasenc-azure,125,cleanup.policy=compact:delete.retention.ms=1209600001:min.cleanable.dirty.ratio=0.2:compression.type=snappy,timothy.drahn@optum.com,tdrahn
kaas.dpaas.rxclaim.dev.bk1uat.clmprdfil.rcmsip_encrypted,*,prod-ebaasenc-azure,*,prod-ebaasenc-azure,125,cleanup.policy=compact:delete.retention.ms=1209600000:min.cleanable.dirty.ratio=0.2:compression.type=snappy,timothy.drahn@optum.com,tdrahn
kaas.dpaas.rxclaim.dev.bk1uat.clmprdfil.rctc3p_encrypted,*,prod-ebaasenc-azure,*,prod-ebaasenc-azure,8,cleanup.policy=compact:delete.retention.ms=1209600000:min.cleanable.dirty.ratio=0.2:compression.type=snappy,timothy.drahn@optum.com,tdrahn
kaas.dpaas.rxclaim.dev.bk1uat.clmprdfil.rctcdp_encrypted,*,prod-ebaasenc-azure,*,prod-ebaasenc-azure,8,cleanup.policy=compact:delete.retention.ms=1209600000:min.cleanable.dirty.ratio=0.2:compression.type=snappy,timothy.drahn@optum.com,tdrahn
kaas.rxclaim.dev.bk1uat.clmprdext2.rcex1p_encrypted,*,prod-ebaasenc-azure,*,prod-ebaasenc-azure,8,cleanup.policy=compact:delete.retention.ms=1209600000:min.cleanable.dirty.ratio=0.2:compression.type=snappy,timothy.drahn@optum.com,tdrahn
kaas.rxclaim.dev.bk1uat.clmprdext2.rcex9p_encrypted,*,prod-ebaasenc-azure,*,prod-ebaasenc-azure,8,cleanup.policy=compact:delete.retention.ms=1209600000:min.cleanable.dirty.ratio=0.2:compression.type=snappy,timothy.drahn@optum.com,tdrahn
kaas.rxclaim.dev.bk1uat.clmprdfil.ccesp_encrypted,*,prod-ebaasenc-azure,*,prod-ebaasenc-azure,8,cleanup.policy=compact:delete.retention.ms=1209600000:min.cleanable.dirty.ratio=0.2:compression.type=snappy,timothy.drahn@optum.com,tdrahn
kaas.rxclaim.dev.bk1uat.clmprdfil.dtmsr01_encrypted,*,prod-ebaasenc-azure,*,prod-ebaasenc-azure,8,cleanup.policy=compact:delete.retention.ms=1209600000:min.cleanable.dirty.ratio=0.2:compression.type=snappy,timothy.drahn@optum.com,tdrahn
kaas.rxclaim.dev.bk1uat.clmprdfil.mrmbrp_encrypted,*,prod-ebaasenc-azure,*,prod-ebaasenc-azure,8,cleanup.policy=compact:delete.retention.ms=1209600000:min.cleanable.dirty.ratio=0.2:compression.type=snappy,timothy.drahn@optum.com,tdrahn
kaas.rxclaim.dev.bk1uat.clmprdfil.rcaccp_encrypted,*,prod-ebaasenc-azure,*,prod-ebaasenc-azure,8,cleanup.policy=compact:delete.retention.ms=1209600000:min.cleanable.dirty.ratio=0.2:compression.type=snappy,timothy.drahn@optum.com,tdrahn
kaas.rxclaim.dev.bk1uat.clmprdfil.rcaffp_encrypted,*,prod-ebaasenc-azure,*,prod-ebaasenc-azure,8,cleanup.policy=compact:delete.retention.ms=1209600000:min.cleanable.dirty.ratio=0.2:compression.type=snappy,timothy.drahn@optum.com,tdrahn
kaas.rxclaim.dev.bk1uat.clmprdfil.rcagdp_encrypted,*,prod-ebaasenc-azure,*,prod-ebaasenc-azure,8,cleanup.policy=compact:delete.retention.ms=1209600000:min.cleanable.dirty.ratio=0.2:compression.type=snappy,timothy.drahn@optum.com,tdrahn
kaas.rxclaim.dev.bk1uat.clmprdfil.rcagfp_encrypted,*,prod-ebaasenc-azure,*,prod-ebaasenc-azure,8,cleanup.policy=compact:delete.retention.ms=1209600000:min.cleanable.dirty.ratio=0.2:compression.type=snappy,timothy.drahn@optum.com,tdrahn
kaas.rxclaim.dev.bk1uat.clmprdfil.rcahfp_encrypted,*,prod-ebaasenc-azure,*,prod-ebaasenc-azure,8,cleanup.policy=compact:delete.retention.ms=1209600000:min.cleanable.dirty.ratio=0.2:compression.type=snappy,timothy.drahn@optum.com,tdrahn
kaas.rxclaim.dev.bk1uat.clmprdfil.rcaldp_encrypted,*,prod-ebaasenc-azure,*,prod-ebaasenc-azure,8,cleanup.policy=compact:delete.retention.ms=1209600000:min.cleanable.dirty.ratio=0.2:compression.type=snappy,timothy.drahn@optum.com,tdrahn
kaas.rxclaim.dev.bk1uat.clmprdfil.rcamdp_encrypted,*,prod-ebaasenc-azure,*,prod-ebaasenc-azure,100,cleanup.policy=compact:delete.retention.ms=1209600000:min.cleanable.dirty.ratio=0.2:compression.type=snappy,timothy.drahn@optum.com,tdrahn
kaas.rxclaim.dev.bk1uat.clmprdfil.rcamfp_encrypted,*,prod-ebaasenc-azure,*,prod-ebaasenc-azure,8,cleanup.policy=compact:delete.retention.ms=1209600000:min.cleanable.dirty.ratio=0.2:compression.type=snappy,timothy.drahn@optum.com,tdrahn
kaas.rxclaim.dev.bk1uat.clmprdfil.rcca1p_encrypted,*,prod-ebaasenc-azure,*,prod-ebaasenc-azure,8,cleanup.policy=compact:delete.retention.ms=1209600000:min.cleanable.dirty.ratio=0.2:compression.type=snappy,timothy.drahn@optum.com,tdrahn
kaas.rxclaim.dev.bk1uat.clmprdfil.rccarp_encrypted,*,prod-ebaasenc-azure,*,prod-ebaasenc-azure,8,cleanup.policy=compact:delete.retention.ms=1209600000:min.cleanable.dirty.ratio=0.2:compression.type=snappy,timothy.drahn@optum.com,tdrahn
kaas.rxclaim.dev.bk1uat.clmprdfil.rccelp_encrypted,*,prod-ebaasenc-azure,*,prod-ebaasenc-azure,8,cleanup.policy=compact:delete.retention.ms=1209600000:min.cleanable.dirty.ratio=0.2:compression.type=snappy,timothy.drahn@optum.com,tdrahn
kaas.rxclaim.dev.bk1uat.clmprdfil.rccesp_encrypted,*,prod-ebaasenc-azure,*,prod-ebaasenc-azure,8,cleanup.policy=compact:delete.retention.ms=1209600000:min.cleanable.dirty.ratio=0.2:compression.type=snappy,timothy.drahn@optum.com,tdrahn
kaas.rxclaim.dev.bk1uat.clmprdfil.rccfap_encrypted,*,prod-ebaasenc-azure,*,prod-ebaasenc-azure,8,cleanup.policy=compact:delete.retention.ms=1209600000:min.cleanable.dirty.ratio=0.2:compression.type=snappy,timothy.drahn@optum.com,tdrahn
kaas.rxclaim.dev.bk1uat.clmprdfil.rccrdp_encrypted,*,prod-ebaasenc-azure,*,prod-ebaasenc-azure,8,cleanup.policy=compact:delete.retention.ms=1209600000:min.cleanable.dirty.ratio=0.2:compression.type=snappy,timothy.drahn@optum.com,tdrahn
kaas.rxclaim.dev.bk1uat.clmprdfil.rcctyp_encrypted,*,prod-ebaasenc-azure,*,prod-ebaasenc-azure,8,cleanup.policy=compact:delete.retention.ms=1209600000:min.cleanable.dirty.ratio=0.2:compression.type=snappy,timothy.drahn@optum.com,tdrahn
kaas.rxclaim.dev.bk1uat.clmprdfil.rcdasp_encrypted,*,prod-ebaasenc-azure,*,prod-ebaasenc-azure,8,cleanup.policy=compact:delete.retention.ms=1209600000:min.cleanable.dirty.ratio=0.2:compression.type=snappy,timothy.drahn@optum.com,tdrahn
kaas.rxclaim.dev.bk1uat.clmprdfil.rcdrdp_encrypted,*,prod-ebaasenc-azure,*,prod-ebaasenc-azure,8,cleanup.policy=compact:delete.retention.ms=1209600000:min.cleanable.dirty.ratio=0.2:compression.type=snappy,timothy.drahn@optum.com,tdrahn
kaas.rxclaim.dev.bk1uat.clmprdfil.rcfasp_encrypted,*,prod-ebaasenc-azure,*,prod-ebaasenc-azure,8,cleanup.policy=compact:delete.retention.ms=1209600000:min.cleanable.dirty.ratio=0.2:compression.type=snappy,timothy.drahn@optum.com,tdrahn
kaas.rxclaim.dev.bk1uat.clmprdfil.rcfpdp_encrypted,*,prod-ebaasenc-azure,*,prod-ebaasenc-azure,8,cleanup.policy=compact:delete.retention.ms=1209600000:min.cleanable.dirty.ratio=0.2:compression.type=snappy,timothy.drahn@optum.com,tdrahn
kaas.rxclaim.dev.bk1uat.clmprdfil.rcfpep_encrypted,*,prod-ebaasenc-azure,*,prod-ebaasenc-azure,8,cleanup.policy=compact:delete.retention.ms=1209600000:min.cleanable.dirty.ratio=0.2:compression.type=snappy,timothy.drahn@optum.com,tdrahn
kaas.rxclaim.dev.bk1uat.clmprdfil.rcftcp_encrypted,*,prod-ebaasenc-azure,*,prod-ebaasenc-azure,8,cleanup.policy=compact:delete.retention.ms=1209600000:min.cleanable.dirty.ratio=0.2:compression.type=snappy,timothy.drahn@optum.com,tdrahn
kaas.rxclaim.dev.bk1uat.clmprdfil.rcftcp_encrypted,*,prod-ebaasenc-azure,*,prod-ebaasenc-azure,8,cleanup.policy=compact:delete.retention.ms=1209600000:min.cleanable.dirty.ratio=0.2:compression.type=snappy,timothy.drahn@optum.com,tdrahn
kaas.rxclaim.dev.bk1uat.clmprdfil.rcgcnp_encrypted,*,prod-ebaasenc-azure,*,prod-ebaasenc-azure,8,cleanup.policy=compact:delete.retention.ms=1209600000:min.cleanable.dirty.ratio=0.2:compression.type=snappy,timothy.drahn@optum.com,tdrahn
kaas.rxclaim.dev.bk1uat.clmprdfil.rcgelp_encrypted,*,prod-ebaasenc-azure,*,prod-ebaasenc-azure,100,cleanup.policy=compact:delete.retention.ms=1209600000:min.cleanable.dirty.ratio=0.2:compression.type=snappy,timothy.drahn@optum.com,tdrahn
kaas.rxclaim.dev.bk1uat.clmprdfil.rcgldp_encrypted,*,prod-ebaasenc-azure,*,prod-ebaasenc-azure,8,cleanup.policy=compact:delete.retention.ms=1209600000:min.cleanable.dirty.ratio=0.2:compression.type=snappy,timothy.drahn@optum.com,tdrahn
kaas.rxclaim.dev.bk1uat.clmprdfil.rcgpip_encrypted,*,prod-ebaasenc-azure,*,prod-ebaasenc-azure,8,cleanup.policy=compact:delete.retention.ms=1209600000:min.cleanable.dirty.ratio=0.2:compression.type=snappy,timothy.drahn@optum.com,tdrahn
kaas.rxclaim.dev.bk1uat.clmprdfil.rcgrlp_encrypted,*,prod-ebaasenc-azure,*,prod-ebaasenc-azure,8,cleanup.policy=compact:delete.retention.ms=1209600000:min.cleanable.dirty.ratio=0.2:compression.type=snappy,timothy.drahn@optum.com,tdrahn
kaas.rxclaim.dev.bk1uat.clmprdfil.rcgrpp_encrypted,*,prod-ebaasenc-azure,*,prod-ebaasenc-azure,8,cleanup.policy=compact:delete.retention.ms=1209600000:min.cleanable.dirty.ratio=0.2:compression.type=snappy,timothy.drahn@optum.com,tdrahn
kaas.rxclaim.dev.bk1uat.clmprdfil.rchc3p_encrypted,*,prod-ebaasenc-azure,*,prod-ebaasenc-azure,8,cleanup.policy=compact:delete.retention.ms=1209600000:min.cleanable.dirty.ratio=0.2:compression.type=snappy,timothy.drahn@optum.com,tdrahn
kaas.rxclaim.dev.bk1uat.clmprdfil.rcmcfp_encrypted,*,prod-ebaasenc-azure,*,prod-ebaasenc-azure,125,cleanup.policy=compact:delete.retention.ms=1209600000:min.cleanable.dirty.ratio=0.2:compression.type=snappy,timothy.drahn@optum.com,tdrahn
kaas.rxclaim.dev.bk1uat.clmprdfil.rcmelp_encrypted,*,prod-ebaasenc-azure,*,prod-ebaasenc-azure,125,cleanup.policy=compact:delete.retention.ms=1209600000:min.cleanable.dirty.ratio=0.2:compression.type=snappy,timothy.drahn@optum.com,tdrahn
kaas.rxclaim.dev.bk1uat.clmprdfil.rcmfgp_encrypted,*,prod-ebaasenc-azure,*,prod-ebaasenc-azure,8,cleanup.policy=compact:delete.retention.ms=1209600000:min.cleanable.dirty.ratio=0.2:compression.type=snappy,timothy.drahn@optum.com,tdrahn
kaas.rxclaim.dev.bk1uat.clmprdfil.rcmhpp_encrypted,*,prod-ebaasenc-azure,*,prod-ebaasenc-azure,32,cleanup.policy=compact:delete.retention.ms=1209600000:min.cleanable.dirty.ratio=0.2:compression.type=snappy,timothy.drahn@optum.com,tdrahn
kaas.rxclaim.dev.bk1uat.clmprdfil.rcmmdp_encrypted,*,prod-ebaasenc-azure,*,prod-ebaasenc-azure,100,cleanup.policy=compact:delete.retention.ms=1209600000:min.cleanable.dirty.ratio=0.2:compression.type=snappy,timothy.drahn@optum.com,tdrahn
kaas.rxclaim.dev.bk1uat.clmprdfil.rcmpap_encrypted,*,prod-ebaasenc-azure,*,prod-ebaasenc-azure,16,cleanup.policy=compact:delete.retention.ms=1209600000:min.cleanable.dirty.ratio=0.2:compression.type=snappy,timothy.drahn@optum.com,tdrahn
kaas.rxclaim.dev.bk1uat.clmprdfil.rcmxrp_encrypted,*,prod-ebaasenc-azure,*,prod-ebaasenc-azure,100,cleanup.policy=compact:delete.retention.ms=1209600000:min.cleanable.dirty.ratio=0.2:compression.type=snappy,timothy.drahn@optum.com,tdrahn
kaas.rxclaim.dev.bk1uat.clmprdfil.rcpdtp_encrypted,*,prod-ebaasenc-azure,*,prod-ebaasenc-azure,32,cleanup.policy=compact:delete.retention.ms=1209600000:min.cleanable.dirty.ratio=0.2:compression.type=snappy,timothy.drahn@optum.com,tdrahn
kaas.rxclaim.dev.bk1uat.clmprdfil.rcpeep_encrypted,*,prod-ebaasenc-azure,*,prod-ebaasenc-azure,8,cleanup.policy=compact:delete.retention.ms=1209600000:min.cleanable.dirty.ratio=0.2:compression.type=snappy,timothy.drahn@optum.com,tdrahn
kaas.rxclaim.dev.bk1uat.clmprdfil.rcpetp_encrypted,*,prod-ebaasenc-azure,*,prod-ebaasenc-azure,8,cleanup.policy=compact:delete.retention.ms=1209600000:min.cleanable.dirty.ratio=0.2:compression.type=snappy,timothy.drahn@optum.com,tdrahn
kaas.rxclaim.dev.bk1uat.clmprdfil.rcpgop_encrypted,*,prod-ebaasenc-azure,*,prod-ebaasenc-azure,8,cleanup.policy=compact:delete.retention.ms=1209600000:min.cleanable.dirty.ratio=0.2:compression.type=snappy,timothy.drahn@optum.com,tdrahn
kaas.rxclaim.dev.bk1uat.clmprdfil.rcph9p_encrypted,*,prod-ebaasenc-azure,*,prod-ebaasenc-azure,8,cleanup.policy=compact:delete.retention.ms=1209600000:min.cleanable.dirty.ratio=0.2:compression.type=snappy,timothy.drahn@optum.com,tdrahn
kaas.rxclaim.dev.bk1uat.clmprdfil.rcphap_encrypted,*,prod-ebaasenc-azure,*,prod-ebaasenc-azure,8,cleanup.policy=compact:delete.retention.ms=1209600000:min.cleanable.dirty.ratio=0.2:compression.type=snappy,timothy.drahn@optum.com,tdrahn
kaas.rxclaim.dev.bk1uat.clmprdfil.rcphrp_encrypted,*,prod-ebaasenc-azure,*,prod-ebaasenc-azure,8,cleanup.policy=compact:delete.retention.ms=1209600000:min.cleanable.dirty.ratio=0.2:compression.type=snappy,timothy.drahn@optum.com,tdrahn
kaas.rxclaim.dev.bk1uat.clmprdfil.rcphyp_encrypted,*,prod-ebaasenc-azure,*,prod-ebaasenc-azure,8,cleanup.policy=compact:delete.retention.ms=1209600000:min.cleanable.dirty.ratio=0.2:compression.type=snappy,timothy.drahn@optum.com,tdrahn
kaas.rxclaim.dev.bk1uat.clmprdfil.rcphzp_encrypted,*,prod-ebaasenc-azure,*,prod-ebaasenc-azure,8,cleanup.policy=compact:delete.retention.ms=1209600000:min.cleanable.dirty.ratio=0.2:compression.type=snappy,timothy.drahn@optum.com,tdrahn
kaas.rxclaim.dev.bk1uat.clmprdfil.rcpidp_encrypted,*,prod-ebaasenc-azure,*,prod-ebaasenc-azure,8,cleanup.policy=compact:delete.retention.ms=1209600000:min.cleanable.dirty.ratio=0.2:compression.type=snappy,timothy.drahn@optum.com,tdrahn
kaas.rxclaim.dev.bk1uat.clmprdfil.rcplnp_encrypted,*,prod-ebaasenc-azure,*,prod-ebaasenc-azure,8,cleanup.policy=compact:delete.retention.ms=1209600000:min.cleanable.dirty.ratio=0.2:compression.type=snappy,timothy.drahn@optum.com,tdrahn
kaas.rxclaim.dev.bk1uat.clmprdfil.rcprdp_encrypted,*,prod-ebaasenc-azure,*,prod-ebaasenc-azure,8,cleanup.policy=compact:delete.retention.ms=1209600000:min.cleanable.dirty.ratio=0.2:compression.type=snappy,timothy.drahn@optum.com,tdrahn
kaas.rxclaim.dev.bk1uat.clmprdfil.rcprfp_encrypted,*,prod-ebaasenc-azure,*,prod-ebaasenc-azure,16,cleanup.policy=compact:delete.retention.ms=1209600000:min.cleanable.dirty.ratio=0.2:compression.type=snappy,timothy.drahn@optum.com,tdrahn
kaas.rxclaim.dev.bk1uat.clmprdfil.rcprlp_encrypted,*,prod-ebaasenc-azure,*,prod-ebaasenc-azure,8,cleanup.policy=compact:delete.retention.ms=1209600000:min.cleanable.dirty.ratio=0.2:compression.type=snappy,timothy.drahn@optum.com,tdrahn
kaas.rxclaim.dev.bk1uat.clmprdfil.rcrcmp_encrypted,*,prod-ebaasenc-azure,*,prod-ebaasenc-azure,32,cleanup.policy=compact:delete.retention.ms=1209600000:min.cleanable.dirty.ratio=0.2:compression.type=snappy,timothy.drahn@optum.com,tdrahn
kaas.rxclaim.dev.bk1uat.clmprdfil.rcrjcp_encrypted,*,prod-ebaasenc-azure,*,prod-ebaasenc-azure,32,cleanup.policy=compact:delete.retention.ms=1209600000:min.cleanable.dirty.ratio=0.2:compression.type=snappy,timothy.drahn@optum.com,tdrahn
kaas.rxclaim.dev.bk1uat.clmprdfil.rcrxcp_encrypted,*,prod-ebaasenc-azure,*,prod-ebaasenc-azure,8,cleanup.policy=compact:delete.retention.ms=1209600000:min.cleanable.dirty.ratio=0.2:compression.type=snappy,timothy.drahn@optum.com,tdrahn
kaas.rxclaim.dev.bk1uat.clmprdfil.rcsrvp_encrypted,*,prod-ebaasenc-azure,*,prod-ebaasenc-azure,8,cleanup.policy=compact:delete.retention.ms=1209600000:min.cleanable.dirty.ratio=0.2:compression.type=snappy,timothy.drahn@optum.com,tdrahn
kaas.rxclaim.dev.bk1uat.clmprdfil.rctapp_encrypted,*,prod-ebaasenc-azure,*,prod-ebaasenc-azure,8,cleanup.policy=compact:delete.retention.ms=1209600000:min.cleanable.dirty.ratio=0.2:compression.type=snappy,timothy.drahn@optum.com,tdrahn
kaas.rxclaim.dev.bk1uat.clmprdfil.rctc2p_encrypted,*,prod-ebaasenc-azure,*,prod-ebaasenc-azure,50,cleanup.policy=compact:delete.retention.ms=1209600000:min.cleanable.dirty.ratio=0.2:compression.type=snappy,timothy.drahn@optum.com,tdrahn
kaas.rxclaim.dev.bk1uat.clmprdfil.rctc3p_encrypted,*,prod-ebaasenc-azure,*,prod-ebaasenc-azure,50,cleanup.policy=compact:delete.retention.ms=1209600000:min.cleanable.dirty.ratio=0.2:compression.type=snappy,timothy.drahn@optum.com,tdrahn
kaas.rxclaim.dev.bk1uat.clmprdfil.rctc9p_encrypted,*,prod-ebaasenc-azure,*,prod-ebaasenc-azure,8,cleanup.policy=compact:delete.retention.ms=1209600000:min.cleanable.dirty.ratio=0.2:compression.type=snappy,timothy.drahn@optum.com,tdrahn
kaas.rxclaim.dev.bk1uat.clmprdfil.rctcbp_encrypted,*,prod-ebaasenc-azure,*,prod-ebaasenc-azure,16,cleanup.policy=compact:delete.retention.ms=1209600000:min.cleanable.dirty.ratio=0.2:compression.type=snappy,timothy.drahn@optum.com,tdrahn
kaas.rxclaim.dev.bk1uat.clmprdfil.rctcdp_encrypted,*,prod-ebaasenc-azure,*,prod-ebaasenc-azure,50,cleanup.policy=compact:delete.retention.ms=1209600000:min.cleanable.dirty.ratio=0.2:compression.type=snappy,timothy.drahn@optum.com,tdrahn
kaas.rxclaim.dev.bk1uat.custlib.rxcoddf_encrypted,*,prod-ebaasenc-azure,*,prod-ebaasenc-azure,8,cleanup.policy=compact:delete.retention.ms=1209600000:min.cleanable.dirty.ratio=0.2:compression.type=snappy,timothy.drahn@optum.com,tdrahn
kaas.rxclaim.dev.bk1uat.pasprdfil.pamsgfp_encrypted,*,prod-ebaasenc-azure,*,prod-ebaasenc-azure,8,cleanup.policy=compact:delete.retention.ms=1209600000:min.cleanable.dirty.ratio=0.2:compression.type=snappy,timothy.drahn@optum.com,tdrahn
kaas.rxclaim.dev.bk1uat.clmprdfil.rcphdp_encrypted,*,prod-ebaasenc-azure,*,prod-ebaasenc-azure,8,cleanup.policy=delete:retention.ms=1209600000:min.cleanable.dirty.ratio=0.3:compression.type=snappy,timothy.drahn@optum.com,tdrahn
kaas.rxclaim.dev.bk1uat.clmprdfil.rcprxp_encrypted,*,prod-ebaasenc-azure,*,prod-ebaasenc-azure,8,cleanup.policy=delete:retention.ms=1209600000:min.cleanable.dirty.ratio=0.3:compression.type=snappy,timothy.drahn@optum.com,tdrahn
kaas.rxclaim.dev.bk1uat.clmprdfil.rcsndp_encrypted,*,prod-ebaasenc-azure,*,prod-ebaasenc-azure,8,cleanup.policy=delete:retention.ms=1209600000:min.cleanable.dirty.ratio=0.3:compression.type=snappy,timothy.drahn@optum.com,tdrahn
kaas.rxclaim.dev.bk1uat.clmprdfil.rcprlp_encrypted,*,prod-ebaasenc-azure,*,prod-ebaasenc-azure,8,cleanup.policy=delete:retention.ms=1209600000:min.cleanable.dirty.ratio=0.3:compression.type=snappy,timothy.drahn@optum.com,tdrahn
kaas.rxclaim.dev.bk1uat.raw.clmprdfil.rcaffp_encrypted,*,prod-ebaasenc-azure,*,prod-ebaasenc-azure,8,cleanup.policy=delete:retention.ms=1209600000:min.cleanable.dirty.ratio=0.3:compression.type=snappy,timothy.drahn@optum.com,tdrahn
kaas.rxclaim.dev.bk1uat.raw.clmprdfil.rcphap_encrypted,*,prod-ebaasenc-azure,*,prod-ebaasenc-azure,8,cleanup.policy=delete:retention.ms=1209600000:min.cleanable.dirty.ratio=0.3:compression.type=snappy,timothy.drahn@optum.com,tdrahn
kaas.rxclaim.dev.bk1uat.raw.clmprdfil.rcphdp_encrypted,*,prod-ebaasenc-azure,*,prod-ebaasenc-azure,8,cleanup.policy=delete:retention.ms=1209600000:min.cleanable.dirty.ratio=0.3:compression.type=snappy,timothy.drahn@optum.com,tdrahn
kaas.rxclaim.dev.bk1uat.raw.clmprdfil.rcphnp_encrypted,*,prod-ebaasenc-azure,*,prod-ebaasenc-azure,8,cleanup.policy=delete:retention.ms=1209600000:min.cleanable.dirty.ratio=0.3:compression.type=snappy,timothy.drahn@optum.com,tdrahn
kaas.rxclaim.dev.bk1uat.raw.clmprdfil.rcprlp_encrypted,*,prod-ebaasenc-azure,*,prod-ebaasenc-azure,8,cleanup.policy=delete:retention.ms=1209600000:min.cleanable.dirty.ratio=0.3:compression.type=snappy,timothy.drahn@optum.com,tdrahn
kaas.rxclaim.dev.bk1uat.raw.clmprdfil.rcprxp_encrypted,*,prod-ebaasenc-azure,*,prod-ebaasenc-azure,8,cleanup.policy=delete:retention.ms=1209600000:min.cleanable.dirty.ratio=0.3:compression.type=snappy,timothy.drahn@optum.com,tdrahn
kaas.rxclaim.dev.bk1uat.raw.clmprdfil.rcsndp_encrypted,*,prod-ebaasenc-azure,*,prod-ebaasenc-azure,8,cleanup.policy=delete:retention.ms=1209600001:min.cleanable.dirty.ratio=0.3:compression.type=snappy,timothy.drahn@optum.com,tdrahn
