topic,producer_hosts,producer_cn,consumer_hosts,consumer_cn,partitions,config,email,ms-id,compatibility
hcp-eligibility.ATTTEST.CDB.F6435DBS.BIL_DTL_COV,,,*,ebaas-hcp-testing-lab,3,cleanup.policy=compact:delete.retention.ms=1209600000:max.compaction.lag.ms=86400000:compression.type=gzip,timothy.drahn@optum.com,tdrahn,FULL
hcp-eligibility.ATTTEST.CDB.F6435DBS.CANCEL_RSN_TYP,,,*,ebaas-hcp-testing-lab,1,cleanup.policy=compact:delete.retention.ms=1209600000:max.compaction.lag.ms=86400000:compression.type=gzip,timothy.drahn@optum.com,tdrahn,FULL
hcp-eligibility.ATTTEST.CDB.F6435DBS.CDB_FLTR,,,*,ebaas-hcp-testing-lab,3,cleanup.policy=compact:delete.retention.ms=1209600000:max.compaction.lag.ms=86400000:compression.type=gzip,timothy.drahn@optum.com,tdrahn,FULL
hcp-eligibility.ATTTEST.CDB.F6435DBS.CDB_MBR_POPULATION,,,*,ebaas-hcp-testing-lab,10,cleanup.policy=compact:delete.retention.ms=1209600000:max.compaction.lag.ms=86400000:compression.type=gzip,timothy.drahn@optum.com,tdrahn,FULL
hcp-eligibility.ATTTEST.CDB.F6435DBS.CLM_DIAG_PSTN_TYP,,,*,ebaas-hcp-testing-lab,1,cleanup.policy=compact:delete.retention.ms=1209600000:max.compaction.lag.ms=86400000:compression.type=gzip,timothy.drahn@optum.com,tdrahn,FULL
hcp-eligibility.ATTTEST.CDB.F6435DBS.CNSM_ATR,,,*,ebaas-hcp-testing-lab,3,cleanup.policy=compact:delete.retention.ms=1209600000:max.compaction.lag.ms=86400000:compression.type=gzip,timothy.drahn@optum.com,tdrahn,FULL
hcp-eligibility.ATTTEST.CDB.F6435DBS.CNSM_AUTH_REP,,,*,ebaas-hcp-testing-lab,10,cleanup.policy=compact:delete.retention.ms=1209600000:max.compaction.lag.ms=86400000:compression.type=gzip,timothy.drahn@optum.com,tdrahn,FULL
hcp-eligibility.ATTTEST.CDB.F6435DBS.CNSM_BRKR_ENTY,,,*,ebaas-hcp-testing-lab,3,cleanup.policy=compact:delete.retention.ms=1209600000:max.compaction.lag.ms=86400000:compression.type=gzip,timothy.drahn@optum.com,tdrahn,FULL
hcp-eligibility.ATTTEST.CDB.F6435DBS.CNSM_CAL,,,*,ebaas-hcp-testing-lab,10,cleanup.policy=compact:delete.retention.ms=1209600000:max.compaction.lag.ms=86400000:compression.type=gzip,timothy.drahn@optum.com,tdrahn,FULL
hcp-eligibility.ATTTEST.CDB.F6435DBS.CNSM_CMNCT_MECH,,,*,ebaas-hcp-testing-lab,1,cleanup.policy=compact:delete.retention.ms=1209600000:max.compaction.lag.ms=86400000:compression.type=gzip,timothy.drahn@optum.com,tdrahn,FULL
hcp-eligibility.ATTTEST.CDB.F6435DBS.CNSM_CNTC_PREF,,,*,ebaas-hcp-testing-lab,3,cleanup.policy=compact:delete.retention.ms=1209600000:max.compaction.lag.ms=86400000:compression.type=gzip,timothy.drahn@optum.com,tdrahn,FULL
hcp-eligibility.ATTTEST.CDB.F6435DBS.CNSM_COB_ACC_DIAG,,,*,ebaas-hcp-testing-lab,1,cleanup.policy=compact:delete.retention.ms=1209600000:max.compaction.lag.ms=86400000:compression.type=gzip,timothy.drahn@optum.com,tdrahn,FULL
hcp-eligibility.ATTTEST.CDB.F6435DBS.CNSM_COB_PRIMACY,,,*,ebaas-hcp-testing-lab,10,cleanup.policy=compact:delete.retention.ms=1209600000:max.compaction.lag.ms=86400000:compression.type=gzip,timothy.drahn@optum.com,tdrahn,FULL
hcp-eligibility.ATTTEST.CDB.F6435DBS.CNSM_COB_PRISEC,,,*,ebaas-hcp-testing-lab,10,cleanup.policy=compact:delete.retention.ms=1209600000:max.compaction.lag.ms=86400000:compression.type=gzip,timothy.drahn@optum.com,tdrahn,FULL
hcp-eligibility.ATTTEST.CDB.F6435DBS.CNSM_COMMT,,,*,ebaas-hcp-testing-lab,3,cleanup.policy=compact:delete.retention.ms=1209600000:max.compaction.lag.ms=86400000:compression.type=gzip,timothy.drahn@optum.com,tdrahn,FULL
hcp-eligibility.ATTTEST.CDB.F6435DBS.CNSM_CORSP_PREF,,,*,ebaas-hcp-testing-lab,3,cleanup.policy=compact:delete.retention.ms=1209600000:max.compaction.lag.ms=86400000:compression.type=gzip,timothy.drahn@optum.com,tdrahn,FULL
hcp-eligibility.ATTTEST.CDB.F6435DBS.CNSM_COV_CUST_DEFN_FLD,,,*,ebaas-hcp-testing-lab,50,cleanup.policy=compact:delete.retention.ms=1209600000:max.compaction.lag.ms=86400000:compression.type=gzip,timothy.drahn@optum.com,tdrahn,FULL
hcp-eligibility.ATTTEST.CDB.F6435DBS.CNSM_CPTIN_STS,,,*,ebaas-hcp-testing-lab,3,cleanup.policy=compact:delete.retention.ms=1209600000:max.compaction.lag.ms=86400000:compression.type=gzip,timothy.drahn@optum.com,tdrahn,FULL
hcp-eligibility.ATTTEST.CDB.F6435DBS.CNSM_CUST_DEFN_FLD,,,*,ebaas-hcp-testing-lab,10,cleanup.policy=compact:delete.retention.ms=1209600000:max.compaction.lag.ms=86400000:compression.type=gzip,timothy.drahn@optum.com,tdrahn,FULL
hcp-eligibility.ATTTEST.CDB.F6435DBS.CNSM_DEMO,,,*,ebaas-hcp-testing-lab,3,cleanup.policy=compact:delete.retention.ms=1209600000:max.compaction.lag.ms=86400000:compression.type=gzip,timothy.drahn@optum.com,tdrahn,FULL
hcp-eligibility.ATTTEST.CDB.F6435DBS.CNSM_DOC_CTL,,,*,ebaas-hcp-testing-lab,5,cleanup.policy=compact:delete.retention.ms=1209600000:max.compaction.lag.ms=86400000:compression.type=gzip,timothy.drahn@optum.com,tdrahn,FULL
hcp-eligibility.ATTTEST.CDB.F6435DBS.CNSM_DOC_REQ,,,*,ebaas-hcp-testing-lab,5,cleanup.policy=compact:delete.retention.ms=1209600000:max.compaction.lag.ms=86400000:compression.type=gzip,timothy.drahn@optum.com,tdrahn,FULL
hcp-eligibility.ATTTEST.CDB.F6435DBS.CNSM_DOC_SPRS,,,*,ebaas-hcp-testing-lab,5,cleanup.policy=compact:delete.retention.ms=1209600000:max.compaction.lag.ms=86400000:compression.type=gzip,timothy.drahn@optum.com,tdrahn,FULL
hcp-eligibility.ATTTEST.CDB.F6435DBS.CNSM_DTL,,,*,ebaas-hcp-testing-lab,3,cleanup.policy=compact:delete.retention.ms=1209600000:max.compaction.lag.ms=86400000:compression.type=gzip,timothy.drahn@optum.com,tdrahn,FULL
hcp-eligibility.ATTTEST.CDB.F6435DBS.CNSM_EFT,,,*,ebaas-hcp-testing-lab,3,cleanup.policy=compact:delete.retention.ms=1209600000:max.compaction.lag.ms=86400000:compression.type=gzip,timothy.drahn@optum.com,tdrahn,FULL
hcp-eligibility.ATTTEST.CDB.F6435DBS.CNSM_EMPL_ID,,,*,ebaas-hcp-testing-lab,3,cleanup.policy=compact:delete.retention.ms=1209600000:max.compaction.lag.ms=86400000:compression.type=gzip,timothy.drahn@optum.com,tdrahn,FULL
hcp-eligibility.ATTTEST.CDB.F6435DBS.CNSM_ETHNC_SEL,,,*,ebaas-hcp-testing-lab,3,cleanup.policy=compact:delete.retention.ms=1209600000:max.compaction.lag.ms=86400000:compression.type=gzip,timothy.drahn@optum.com,tdrahn,FULL
hcp-eligibility.ATTTEST.CDB.F6435DBS.CNSM_HPLN_LANG_PRF,,,*,ebaas-hcp-testing-lab,10,cleanup.policy=compact:delete.retention.ms=1209600000:max.compaction.lag.ms=86400000:compression.type=gzip,timothy.drahn@optum.com,tdrahn,FULL
hcp-eligibility.ATTTEST.CDB.F6435DBS.CNSM_INDIRECT_ETHNC_SEL,,,*,ebaas-hcp-testing-lab,3,cleanup.policy=compact:delete.retention.ms=1209600000:max.compaction.lag.ms=86400000:compression.type=gzip,timothy.drahn@optum.com,tdrahn,FULL
hcp-eligibility.ATTTEST.CDB.F6435DBS.CNSM_INDIRECT_LANG_PREF,,,*,ebaas-hcp-testing-lab,10,cleanup.policy=compact:delete.retention.ms=1209600000:max.compaction.lag.ms=86400000:compression.type=gzip,timothy.drahn@optum.com,tdrahn,FULL
hcp-eligibility.ATTTEST.CDB.F6435DBS.CNSM_INDIRECT_RACE_SEL,,,*,ebaas-hcp-testing-lab,10,cleanup.policy=compact:delete.retention.ms=1209600000:max.compaction.lag.ms=86400000:compression.type=gzip,timothy.drahn@optum.com,tdrahn,FULL
hcp-eligibility.ATTTEST.CDB.F6435DBS.CNSM_LAB_INFO,,,*,ebaas-hcp-testing-lab,3,cleanup.policy=compact:delete.retention.ms=1209600000:max.compaction.lag.ms=86400000:compression.type=gzip,timothy.drahn@optum.com,tdrahn,FULL
hcp-eligibility.ATTTEST.CDB.F6435DBS.CNSM_LANG_PREF,,,*,ebaas-hcp-testing-lab,3,cleanup.policy=compact:delete.retention.ms=1209600000:max.compaction.lag.ms=86400000:compression.type=gzip,timothy.drahn@optum.com,tdrahn,FULL
hcp-eligibility.ATTTEST.CDB.F6435DBS.CNSM_MBR_LYLTY_ACK,,,*,ebaas-hcp-testing-lab,3,cleanup.policy=compact:delete.retention.ms=1209600000:max.compaction.lag.ms=86400000:compression.type=gzip,timothy.drahn@optum.com,tdrahn,FULL
hcp-eligibility.ATTTEST.CDB.F6435DBS.CNSM_MDCR_ELIG,,,*,ebaas-hcp-testing-lab,10,cleanup.policy=compact:delete.retention.ms=1209600000:max.compaction.lag.ms=86400000:compression.type=gzip,timothy.drahn@optum.com,tdrahn,FULL
hcp-eligibility.ATTTEST.CDB.F6435DBS.CNSM_MDCR_ENRL,,,*,ebaas-hcp-testing-lab,10,cleanup.policy=compact:delete.retention.ms=1209600000:max.compaction.lag.ms=86400000:compression.type=gzip,timothy.drahn@optum.com,tdrahn,FULL
hcp-eligibility.ATTTEST.CDB.F6435DBS.CNSM_MDCR_ENTL,,,*,ebaas-hcp-testing-lab,10,cleanup.policy=compact:delete.retention.ms=1209600000:max.compaction.lag.ms=86400000:compression.type=gzip,timothy.drahn@optum.com,tdrahn,FULL
hcp-eligibility.ATTTEST.CDB.F6435DBS.CNSM_MDCR_PRIMACY,,,*,ebaas-hcp-testing-lab,10,cleanup.policy=compact:delete.retention.ms=1209600000:max.compaction.lag.ms=86400000:compression.type=gzip,timothy.drahn@optum.com,tdrahn,FULL
hcp-eligibility.ATTTEST.CDB.F6435DBS.CNSM_MDCR_PRISEC,,,*,ebaas-hcp-testing-lab,10,cleanup.policy=compact:delete.retention.ms=1209600000:max.compaction.lag.ms=86400000:compression.type=gzip,timothy.drahn@optum.com,tdrahn,FULL
hcp-eligibility.ATTTEST.CDB.F6435DBS.CNSM_OTHR_INS,,,*,ebaas-hcp-testing-lab,30,cleanup.policy=compact:delete.retention.ms=1209600000:max.compaction.lag.ms=86400000:compression.type=gzip,timothy.drahn@optum.com,tdrahn,FULL
hcp-eligibility.ATTTEST.CDB.F6435DBS.CNSM_POL_AMT,,,*,ebaas-hcp-testing-lab,10,cleanup.policy=compact:delete.retention.ms=1209600000:max.compaction.lag.ms=86400000:compression.type=gzip,timothy.drahn@optum.com,tdrahn,FULL
hcp-eligibility.ATTTEST.CDB.F6435DBS.CNSM_PRXST_COND,,,*,ebaas-hcp-testing-lab,3,cleanup.policy=compact:delete.retention.ms=1209600000:max.compaction.lag.ms=86400000:compression.type=gzip,timothy.drahn@optum.com,tdrahn,FULL
hcp-eligibility.ATTTEST.CDB.F6435DBS.CNSM_RACE_SEL,,,*,ebaas-hcp-testing-lab,3,cleanup.policy=compact:delete.retention.ms=1209600000:max.compaction.lag.ms=86400000:compression.type=gzip,timothy.drahn@optum.com,tdrahn,FULL
hcp-eligibility.ATTTEST.CDB.F6435DBS.CNSM_SLRY_BAS_DED_OOP,,,*,ebaas-hcp-testing-lab,3,cleanup.policy=compact:delete.retention.ms=1209600000:max.compaction.lag.ms=86400000:compression.type=gzip,timothy.drahn@optum.com,tdrahn,FULL
hcp-eligibility.ATTTEST.CDB.F6435DBS.CNSM_STS,,,*,ebaas-hcp-testing-lab,10,cleanup.policy=compact:delete.retention.ms=1209600000:max.compaction.lag.ms=86400000:compression.type=gzip,timothy.drahn@optum.com,tdrahn,FULL
hcp-eligibility.ATTTEST.CDB.F6435DBS.COV_INFO,,,*,ebaas-hcp-testing-lab,10,cleanup.policy=compact:delete.retention.ms=1209600000:max.compaction.lag.ms=86400000:compression.type=gzip,timothy.drahn@optum.com,tdrahn,FULL
hcp-eligibility.ATTTEST.CDB.F6435DBS.COV_LVL_TYP,,,*,ebaas-hcp-testing-lab,1,cleanup.policy=compact:delete.retention.ms=1209600000:max.compaction.lag.ms=86400000:compression.type=gzip,timothy.drahn@optum.com,tdrahn,FULL
hcp-eligibility.ATTTEST.CDB.F6435DBS.COV_PD_THRU_RSN_TYP,,,*,ebaas-hcp-testing-lab,1,cleanup.policy=compact:delete.retention.ms=1209600000:max.compaction.lag.ms=86400000:compression.type=gzip,timothy.drahn@optum.com,tdrahn,FULL
hcp-eligibility.ATTTEST.CDB.F6435DBS.COV_REQ_INFO,,,*,ebaas-hcp-testing-lab,3,cleanup.policy=compact:delete.retention.ms=1209600000:max.compaction.lag.ms=86400000:compression.type=gzip,timothy.drahn@optum.com,tdrahn,FULL
hcp-eligibility.ATTTEST.CDB.F6435DBS.COV_TYP,,,*,ebaas-hcp-testing-lab,1,cleanup.policy=compact:delete.retention.ms=1209600000:max.compaction.lag.ms=86400000:compression.type=gzip,timothy.drahn@optum.com,tdrahn,FULL
hcp-eligibility.ATTTEST.CDB.F6435DBS.CSP_PLN_VAR_TYP,,,*,ebaas-hcp-testing-lab,1,cleanup.policy=compact:delete.retention.ms=1209600000:max.compaction.lag.ms=86400000:compression.type=gzip,timothy.drahn@optum.com,tdrahn,FULL
hcp-eligibility.ATTTEST.CDB.F6435DBS.CTZN_STS_TYP,,,*,ebaas-hcp-testing-lab,1,cleanup.policy=compact:delete.retention.ms=1209600000:max.compaction.lag.ms=86400000:compression.type=gzip,timothy.drahn@optum.com,tdrahn,FULL
hcp-eligibility.ATTTEST.CDB.F6435DBS.CUST_DEFN_FLD_TYP,,,*,ebaas-hcp-testing-lab,1,cleanup.policy=compact:delete.retention.ms=1209600000:max.compaction.lag.ms=86400000:compression.type=gzip,timothy.drahn@optum.com,tdrahn,FULL
hcp-eligibility.ATTTEST.CDB.F6435DBS.CUST_ID_CRD_INFO_DTL,,,*,ebaas-hcp-testing-lab,3,cleanup.policy=compact:delete.retention.ms=1209600000:max.compaction.lag.ms=86400000:compression.type=gzip,timothy.drahn@optum.com,tdrahn,FULL
hcp-eligibility.ATTTEST.CDB.F6435DBS.CUST_INFO,,,*,ebaas-hcp-testing-lab,3,cleanup.policy=compact:delete.retention.ms=1209600000:max.compaction.lag.ms=86400000:compression.type=gzip,timothy.drahn@optum.com,tdrahn,FULL
hcp-eligibility.ATTTEST.CDB.F6435DBS.CUST_POL_XREF,,,*,ebaas-hcp-testing-lab,3,cleanup.policy=compact:delete.retention.ms=1209600000:max.compaction.lag.ms=86400000:compression.type=gzip,timothy.drahn@optum.com,tdrahn,FULL
hcp-eligibility.ATTTEST.CDB.F6435DBS.DATA_SRC_TYP,,,*,ebaas-hcp-testing-lab,1,cleanup.policy=compact:delete.retention.ms=1209600000:max.compaction.lag.ms=86400000:compression.type=gzip,timothy.drahn@optum.com,tdrahn,FULL
hcp-eligibility.ATTTEST.CDB.F6435DBS.EE_STS_TYP,,,*,ebaas-hcp-testing-lab,1,cleanup.policy=compact:delete.retention.ms=1209600000:max.compaction.lag.ms=86400000:compression.type=gzip,timothy.drahn@optum.com,tdrahn,FULL
hcp-eligibility.ATTTEST.CDB.F6435DBS.ELCTR_ADR_STS_TYP,,,*,ebaas-hcp-testing-lab,1,cleanup.policy=compact:delete.retention.ms=1209600000:max.compaction.lag.ms=86400000:compression.type=gzip,timothy.drahn@optum.com,tdrahn,FULL
hcp-eligibility.ATTTEST.CDB.F6435DBS.ELCTR_ADR_TYP,,,*,ebaas-hcp-testing-lab,1,cleanup.policy=compact:delete.retention.ms=1209600000:max.compaction.lag.ms=86400000:compression.type=gzip,timothy.drahn@optum.com,tdrahn,FULL
hcp-eligibility.ATTTEST.CDB.F6435DBS.ELCTR_MSG_FMT_TYP,,,*,ebaas-hcp-testing-lab,1,cleanup.policy=compact:delete.retention.ms=1209600000:max.compaction.lag.ms=86400000:compression.type=gzip,timothy.drahn@optum.com,tdrahn,FULL
hcp-eligibility.ATTTEST.CDB.F6435DBS.EMPMT_CLSS_TYP,,,*,ebaas-hcp-testing-lab,1,cleanup.policy=compact:delete.retention.ms=1209600000:max.compaction.lag.ms=86400000:compression.type=gzip,timothy.drahn@optum.com,tdrahn,FULL
hcp-eligibility.ATTTEST.CDB.F6435DBS.FAM_LST_UPDT,,,*,ebaas-hcp-testing-lab,20,cleanup.policy=compact:delete.retention.ms=1209600000:max.compaction.lag.ms=86400000:compression.type=gzip,timothy.drahn@optum.com,tdrahn,FULL
hcp-eligibility.ATTTEST.CDB.F6435DBS.GDR_TYP,,,*,ebaas-hcp-testing-lab,1,cleanup.policy=compact:delete.retention.ms=1209600000:max.compaction.lag.ms=86400000:compression.type=gzip,timothy.drahn@optum.com,tdrahn,FULL
hcp-eligibility.ATTTEST.CDB.F6435DBS.HLT_SRV_INFO,,,*,ebaas-hcp-testing-lab,3,cleanup.policy=compact:delete.retention.ms=1209600000:max.compaction.lag.ms=86400000:compression.type=gzip,timothy.drahn@optum.com,tdrahn,FULL
hcp-eligibility.ATTTEST.CDB.F6435DBS.HLT_SRV_PDRT_TYP,,,*,ebaas-hcp-testing-lab,1,cleanup.policy=compact:delete.retention.ms=1209600000:max.compaction.lag.ms=86400000:compression.type=gzip,timothy.drahn@optum.com,tdrahn,FULL
hcp-eligibility.ATTTEST.CDB.F6435DBS.HLT_SRV_PRDLN,,,*,ebaas-hcp-testing-lab,1,cleanup.policy=compact:delete.retention.ms=1209600000:max.compaction.lag.ms=86400000:compression.type=gzip,timothy.drahn@optum.com,tdrahn,FULL
hcp-eligibility.ATTTEST.CDB.F6435DBS.ICD_USE_TYP,,,*,ebaas-hcp-testing-lab,1,cleanup.policy=compact:delete.retention.ms=1209600000:max.compaction.lag.ms=86400000:compression.type=gzip,timothy.drahn@optum.com,tdrahn,FULL
hcp-eligibility.ATTTEST.CDB.F6435DBS.ID_CRD_SW_TYP,,,*,ebaas-hcp-testing-lab,3,cleanup.policy=compact:delete.retention.ms=1209600000:max.compaction.lag.ms=86400000:compression.type=gzip,timothy.drahn@optum.com,tdrahn,FULL
hcp-eligibility.ATTTEST.CDB.F6435DBS.IMDM_PRTY_MTCH_PROC,,,*,ebaas-hcp-testing-lab,3,cleanup.policy=compact:delete.retention.ms=1209600000:max.compaction.lag.ms=86400000:compression.type=gzip,timothy.drahn@optum.com,tdrahn,FULL
hcp-eligibility.ATTTEST.CDB.F6435DBS.IMDM_PRTY_MTCH_PROC_FAM,,,*,ebaas-hcp-testing-lab,1,cleanup.policy=compact:delete.retention.ms=1209600000:max.compaction.lag.ms=86400000:compression.type=gzip,timothy.drahn@optum.com,tdrahn,FULL
hcp-eligibility.ATTTEST.CDB.F6435DBS.INDIRECT_ETHNC_PREF_TYP,,,*,ebaas-hcp-testing-lab,1,cleanup.policy=compact:delete.retention.ms=1209600000:max.compaction.lag.ms=86400000:compression.type=gzip,timothy.drahn@optum.com,tdrahn,FULL
hcp-eligibility.ATTTEST.CDB.F6435DBS.INDIRECT_RACE_PREF_TYP,,,*,ebaas-hcp-testing-lab,1,cleanup.policy=compact:delete.retention.ms=1209600000:max.compaction.lag.ms=86400000:compression.type=gzip,timothy.drahn@optum.com,tdrahn,FULL
hcp-eligibility.ATTTEST.CDB.F6435DBS.IRS_1095_IRS_LTR_SND,,,*,ebaas-hcp-testing-lab,10,cleanup.policy=compact:delete.retention.ms=1209600000:max.compaction.lag.ms=86400000:compression.type=gzip,timothy.drahn@optum.com,tdrahn,FULL
hcp-eligibility.ATTTEST.CDB.F6435DBS.IRS_1095_LTR_EXCL,,,*,ebaas-hcp-testing-lab,1,cleanup.policy=compact:delete.retention.ms=1209600000:max.compaction.lag.ms=86400000:compression.type=gzip,timothy.drahn@optum.com,tdrahn,FULL
hcp-eligibility.ATTTEST.CDB.F6435DBS.IRS_1095_LTR_SND,,,*,ebaas-hcp-testing-lab,10,cleanup.policy=compact:delete.retention.ms=1209600000:max.compaction.lag.ms=86400000:compression.type=gzip,timothy.drahn@optum.com,tdrahn,FULL
hcp-eligibility.ATTTEST.CDB.F6435DBS.IRS_1095_ST_LTR_SND,,,*,ebaas-hcp-testing-lab,10,cleanup.policy=compact:delete.retention.ms=1209600000:max.compaction.lag.ms=86400000:compression.type=gzip,timothy.drahn@optum.com,tdrahn,FULL
hcp-eligibility.ATTTEST.CDB.F6435DBS.LAB_TYP,,,*,ebaas-hcp-testing-lab,1,cleanup.policy=compact:delete.retention.ms=1209600000:max.compaction.lag.ms=86400000:compression.type=gzip,timothy.drahn@optum.com,tdrahn,FULL
hcp-eligibility.ATTTEST.CDB.F6435DBS.LANG_PREF_TYP,,,*,ebaas-hcp-testing-lab,1,cleanup.policy=compact:delete.retention.ms=1209600000:max.compaction.lag.ms=86400000:compression.type=gzip,timothy.drahn@optum.com,tdrahn,FULL
hcp-eligibility.ATTTEST.CDB.F6435DBS.LF_BEN_SET_DET,,,*,ebaas-hcp-testing-lab,1,cleanup.policy=compact:delete.retention.ms=1209600000:max.compaction.lag.ms=86400000:compression.type=gzip,timothy.drahn@optum.com,tdrahn,FULL
hcp-eligibility.ATTTEST.CDB.F6435DBS.L_CNSM_SRCH,,,*,ebaas-hcp-testing-lab,100,cleanup.policy=compact:delete.retention.ms=1209600000:max.compaction.lag.ms=86400000:compression.type=gzip,timothy.drahn@optum.com,tdrahn,FULL
hcp-eligibility.ATTTEST.CDB.F6435DBS.L_COV_PRDT_DT,,,*,ebaas-hcp-testing-lab,150,cleanup.policy=compact:delete.retention.ms=1209600000:max.compaction.lag.ms=86400000:compression.type=gzip,timothy.drahn@optum.com,tdrahn,FULL
hcp-eligibility.ATTTEST.CDB.F6435DBS.L_COV_PRDT_PCD,,,*,ebaas-hcp-testing-lab,5,cleanup.policy=compact:delete.retention.ms=1209600000:max.compaction.lag.ms=86400000:compression.type=gzip,timothy.drahn@optum.com,tdrahn,FULL
hcp-eligibility.ATTTEST.CDB.F6435DBS.L_COV_PRDT_PCP,,,*,ebaas-hcp-testing-lab,10,cleanup.policy=compact:delete.retention.ms=1209600000:max.compaction.lag.ms=86400000:compression.type=gzip,timothy.drahn@optum.com,tdrahn,FULL
hcp-eligibility.ATTTEST.CDB.F6435DBS.L_FINC_ACCT,,,*,ebaas-hcp-testing-lab,10,cleanup.policy=compact:delete.retention.ms=1209600000:max.compaction.lag.ms=86400000:compression.type=gzip,timothy.drahn@optum.com,tdrahn,FULL
hcp-eligibility.ATTTEST.CDB.F6435DBS.L_HLT_SRV_DT,,,*,ebaas-hcp-testing-lab,25,cleanup.policy=compact:delete.retention.ms=1209600000:max.compaction.lag.ms=86400000:compression.type=gzip,timothy.drahn@optum.com,tdrahn,FULL
hcp-eligibility.ATTTEST.CDB.F6435DBS.L_LF_DIS_PRDT_DT,,,*,ebaas-hcp-testing-lab,10,cleanup.policy=compact:delete.retention.ms=1209600000:max.compaction.lag.ms=86400000:compression.type=gzip,timothy.drahn@optum.com,tdrahn,FULL
hcp-eligibility.ATTTEST.CDB.F6435DBS.MDCR_PART_TYP,,,*,ebaas-hcp-testing-lab,1,cleanup.policy=compact:delete.retention.ms=1209600000:max.compaction.lag.ms=86400000:compression.type=gzip,timothy.drahn@optum.com,tdrahn,FULL
hcp-eligibility.ATTTEST.CDB.F6435DBS.MGRT_SRC_ID_XREF,,,*,ebaas-hcp-testing-lab,5,cleanup.policy=compact:delete.retention.ms=1209600000:max.compaction.lag.ms=86400000:compression.type=gzip,timothy.drahn@optum.com,tdrahn,FULL
hcp-eligibility.ATTTEST.CDB.F6435DBS.MKT_SITE,,,*,ebaas-hcp-testing-lab,3,cleanup.policy=compact:delete.retention.ms=1209600000:max.compaction.lag.ms=86400000:compression.type=gzip,timothy.drahn@optum.com,tdrahn,FULL
hcp-eligibility.ATTTEST.CDB.F6435DBS.ML_CNSM_ADR,,,*,ebaas-hcp-testing-lab,30,cleanup.policy=compact:delete.retention.ms=1209600000:max.compaction.lag.ms=86400000:compression.type=gzip,timothy.drahn@optum.com,tdrahn,FULL
hcp-eligibility.ATTTEST.CDB.F6435DBS.ML_CNSM_ELCTR_ADR,,,*,ebaas-hcp-testing-lab,30,cleanup.policy=compact:delete.retention.ms=1209600000:max.compaction.lag.ms=86400000:compression.type=gzip,timothy.drahn@optum.com,tdrahn,FULL
hcp-eligibility.ATTTEST.CDB.F6435DBS.ML_CNSM_TEL,,,*,ebaas-hcp-testing-lab,30,cleanup.policy=compact:delete.retention.ms=1209600000:max.compaction.lag.ms=86400000:compression.type=gzip,timothy.drahn@optum.com,tdrahn,FULL
hcp-eligibility.ATTTEST.CDB.F6435DBS.ML_CNSM_XREF,,,*,ebaas-hcp-testing-lab,150,cleanup.policy=compact:delete.retention.ms=1209600000:max.compaction.lag.ms=86400000:compression.type=gzip,timothy.drahn@optum.com,tdrahn,FULL
hcp-eligibility.ATTTEST.CDB.F6435DBS.MRTL_STS_TYP,,,*,ebaas-hcp-testing-lab,1,cleanup.policy=compact:delete.retention.ms=1209600000:max.compaction.lag.ms=86400000:compression.type=gzip,timothy.drahn@optum.com,tdrahn,FULL
hcp-eligibility.ATTTEST.CDB.F6435DBS.OI_PRIMACY_RSN_TYP,,,*,ebaas-hcp-testing-lab,1,cleanup.policy=compact:delete.retention.ms=1209600000:max.compaction.lag.ms=86400000:compression.type=gzip,timothy.drahn@optum.com,tdrahn,FULL
hcp-eligibility.ATTTEST.CDB.F6435DBS.OTHR_INS_DTL,,,*,ebaas-hcp-testing-lab,3,cleanup.policy=compact:delete.retention.ms=1209600000:max.compaction.lag.ms=86400000:compression.type=gzip,timothy.drahn@optum.com,tdrahn,FULL
hcp-eligibility.ATTTEST.CDB.F6435DBS.PLN_BEN_SET,,,*,ebaas-hcp-testing-lab,10,cleanup.policy=compact:delete.retention.ms=1209600000:max.compaction.lag.ms=86400000:compression.type=gzip,timothy.drahn@optum.com,tdrahn,FULL
hcp-eligibility.ATTTEST.CDB.F6435DBS.PLN_BEN_SET_DET,,,*,ebaas-hcp-testing-lab,10,cleanup.policy=compact:delete.retention.ms=1209600000:max.compaction.lag.ms=86400000:compression.type=gzip,timothy.drahn@optum.com,tdrahn,FULL
hcp-eligibility.ATTTEST.CDB.F6435DBS.POL_DET,,,*,ebaas-hcp-testing-lab,3,cleanup.policy=compact:delete.retention.ms=1209600000:max.compaction.lag.ms=86400000:compression.type=gzip,timothy.drahn@optum.com,tdrahn,FULL
hcp-eligibility.ATTTEST.CDB.F6435DBS.POL_INFO,,,*,ebaas-hcp-testing-lab,3,cleanup.policy=compact:delete.retention.ms=1209600000:max.compaction.lag.ms=86400000:compression.type=gzip,timothy.drahn@optum.com,tdrahn,FULL
hcp-eligibility.ATTTEST.CDB.F6435DBS.PREF_CTR_CNSM_ADR,,,*,ebaas-hcp-testing-lab,10,cleanup.policy=compact:delete.retention.ms=1209600000:max.compaction.lag.ms=86400000:compression.type=gzip,timothy.drahn@optum.com,tdrahn,FULL
hcp-eligibility.ATTTEST.CDB.F6435DBS.PREF_CTR_CNSM_TEL,,,*,ebaas-hcp-testing-lab,5,cleanup.policy=compact:delete.retention.ms=1209600000:max.compaction.lag.ms=86400000:compression.type=gzip,timothy.drahn@optum.com,tdrahn,FULL
hcp-eligibility.ATTTEST.CDB.F6435DBS.PREF_CTR_ELCTR_ADR,,,*,ebaas-hcp-testing-lab,10,cleanup.policy=compact:delete.retention.ms=1209600000:max.compaction.lag.ms=86400000:compression.type=gzip,timothy.drahn@optum.com,tdrahn,FULL
hcp-eligibility.ATTTEST.CDB.F6435DBS.PREF_CTR_LANG_PREF,,,*,ebaas-hcp-testing-lab,5,cleanup.policy=compact:delete.retention.ms=1209600000:max.compaction.lag.ms=86400000:compression.type=gzip,timothy.drahn@optum.com,tdrahn,FULL
hcp-eligibility.ATTTEST.CDB.F6435DBS.PROC_CTL_DTL,,,*,ebaas-hcp-testing-lab,3,cleanup.policy=compact:delete.retention.ms=1209600000:max.compaction.lag.ms=86400000:compression.type=gzip,timothy.drahn@optum.com,tdrahn,FULL
hcp-eligibility.ATTTEST.CDB.F6435DBS.RX_BEN_SET_DET,,,*,ebaas-hcp-testing-lab,3,cleanup.policy=compact:delete.retention.ms=1209600000:max.compaction.lag.ms=86400000:compression.type=gzip,timothy.drahn@optum.com,tdrahn,FULL
hcp-eligibility.ATTTEST.CDB.F6435DBS.SBSCR_REL_TYP,,,*,ebaas-hcp-testing-lab,1,cleanup.policy=compact:delete.retention.ms=1209600000:max.compaction.lag.ms=86400000:compression.type=gzip,timothy.drahn@optum.com,tdrahn,FULL
hcp-eligibility.ATTTEST.CDB.F6435DBS.SRC_CDB_XREF,,,*,ebaas-hcp-testing-lab,100,cleanup.policy=compact:delete.retention.ms=1209600000:max.compaction.lag.ms=86400000:compression.type=gzip,timothy.drahn@optum.com,tdrahn,FULL
hcp-eligibility.ATTTEST.CDB.F6435DBS.SRC_SYS_ID,,,*,ebaas-hcp-testing-lab,1,cleanup.policy=compact:delete.retention.ms=1209600000:max.compaction.lag.ms=86400000:compression.type=gzip,timothy.drahn@optum.com,tdrahn,FULL
hcp-eligibility.ATTTEST.CDB.F6435DBS.TOPS_COV_LVL_TYP,,,*,ebaas-hcp-testing-lab,1,cleanup.policy=compact:delete.retention.ms=1209600000:max.compaction.lag.ms=86400000:compression.type=gzip,timothy.drahn@optum.com,tdrahn,FULL
hcp-eligibility.ATTTEST.CDB.F6435DBS.UHG_ETHNC_SEL_TYP,,,*,ebaas-hcp-testing-lab,1,cleanup.policy=compact:delete.retention.ms=1209600000:max.compaction.lag.ms=86400000:compression.type=gzip,timothy.drahn@optum.com,tdrahn,FULL
hcp-eligibility.ATTTEST.CDB.F6435DBS.UHG_RACE_SEL_TYP,,,*,ebaas-hcp-testing-lab,1,cleanup.policy=compact:delete.retention.ms=1209600000:max.compaction.lag.ms=86400000:compression.type=gzip,timothy.drahn@optum.com,tdrahn,FULL
hcp-eligibility.ATTTEST.CDB.F6435DBS.VEND_BEN_DTL,,,*,ebaas-hcp-testing-lab,10,cleanup.policy=compact:delete.retention.ms=1209600000:max.compaction.lag.ms=86400000:compression.type=gzip,timothy.drahn@optum.com,tdrahn,FULL
hcp-eligibility.ATTTEST.CDB.F6435SRS.CDB_SECURITY,,,*,ebaas-hcp-testing-lab,1,cleanup.policy=compact:delete.retention.ms=1209600000:max.compaction.lag.ms=86400000:compression.type=gzip,timothy.drahn@optum.com,tdrahn,FULL
hcp-eligibility.ATTTEST.CDB.F6435SRS.SRCH_SRC_CD_CNTL,,,*,ebaas-hcp-testing-lab,2,cleanup.policy=compact:delete.retention.ms=1209600000:max.compaction.lag.ms=86400000:compression.type=gzip,timothy.drahn@optum.com,tdrahn,FULL
hcp-eligibility.dpaas.ATTTEST.CDB.F6435DBS.CNSM_DEMO,,,*,ebaas-hcp-testing-lab,3,cleanup.policy=compact:delete.retention.ms=1209600000:max.compaction.lag.ms=86400000:compression.type=gzip,timothy.drahn@optum.com:joshua.kaplinsky@optum.com,tdrahn:jkaplins,FULL
