topic,producer_hosts,producer_cn,consumer_hosts,consumer_cn,partitions,config,email,ms-id,compatibility
kaas.SRTEST.BPE.RDL_ADMIN.D_MEDISPAN_DRUG_GPI10_encrypted,*,prod-kafka-ebaasenc-rxclaims-azure-beam,*,prod-kafka-ebaasenc-rxclaims-azure-beam,1,cleanup.policy=compact:delete.retention.ms=1209600000:min.cleanable.dirty.ratio=0.3:compression.type=snappy,timothy.drahn@optum.com,tdrahn,FULL
kaas.SRTEST.BPE.RDL_ADMIN.D_MEDISPAN_DRUG_MARKETING_NAME_encrypted,*,prod-kafka-ebaasenc-rxclaims-azure-beam,*,prod-kafka-ebaasenc-rxclaims-azure-beam,1,cleanup.policy=compact:delete.retention.ms=1209600000:min.cleanable.dirty.ratio=0.3:compression.type=snappy,timothy.drahn@optum.com,tdrahn,FULL
kaas.SRTEST.BPE.RDL_ADMIN.D_MEDISPAN_DRUG_VARIANT_NAME_encrypted,*,prod-kafka-ebaasenc-rxclaims-azure-beam,*,prod-kafka-ebaasenc-rxclaims-azure-beam,1,cleanup.policy=compact:delete.retention.ms=1209600000:min.cleanable.dirty.ratio=0.3:compression.type=snappy,timothy.drahn@optum.com,tdrahn,FULL
kaas.SRTEST.BPE.RDL_ADMIN.D_MEDISPAN_PRODUCT_encrypted,*,prod-kafka-ebaasenc-rxclaims-azure-beam,*,prod-kafka-ebaasenc-rxclaims-azure-beam,1,cleanup.policy=compact:delete.retention.ms=1209600000:min.cleanable.dirty.ratio=0.3:compression.type=snappy,timothy.drahn@optum.com,tdrahn,FULL
kaas.SRTEST.BPE.RDL_ADMIN.D_PHARMACY_encrypted,*,prod-kafka-ebaasenc-rxclaims-azure-beam,*,prod-kafka-ebaasenc-rxclaims-azure-beam,1,cleanup.policy=compact:delete.retention.ms=1209600000:min.cleanable.dirty.ratio=0.3:compression.type=snappy,timothy.drahn@optum.com,tdrahn,FULL
kaas.SRTEST.BPE.RDL_ADMIN.D_PHR_AFFILIATION_encrypted,*,prod-kafka-ebaasenc-rxclaims-azure-beam,*,prod-kafka-ebaasenc-rxclaims-azure-beam,1,cleanup.policy=compact:delete.retention.ms=1209600000:min.cleanable.dirty.ratio=0.3:compression.type=snappy,timothy.drahn@optum.com,tdrahn,FULL
