topic,producer-hosts,producer-cn,consumer-hosts,consumer-cn,partitions,config,email,ms-id,compatibility
cosmos.prod.canonical.claims.aca-data-split.v2,,,*,beam-mandr,32,cleanup.policy=compact:delete.retention.ms=1209600000:compression.type=gzip,steve.banks@optum.com,sbanks34,FULL
cosmos.prod.canonical.claims.cad-data-split.v2,*,ebaas-mandr-cosmos-prod,*:*,ebaas-mandr-cosmos-prod:beam-mandr,16,cleanup.policy=compact:delete.retention.ms=1209600000:compression.type=gzip:max.compaction.lag.ms=86400000,steve.banks@optum.com,sbanks34,FULL
cosmos.prod.canonical.claims.cpc-data-split.v2,*,ebaas-mandr-cosmos-prod,*:*,ebaas-mandr-cosmos-prod:beam-mandr,16,cleanup.policy=compact:delete.retention.ms=1209600000:compression.type=gzip:max.compaction.lag.ms=86400000,steve.banks@optum.com,sbanks34,FULL
cosmos.prod.canonical.claims.cpcd-data-split.v2,*,ebaas-mandr-cosmos-prod,*:*,ebaas-mandr-cosmos-prod:beam-mandr,200,cleanup.policy=compact:delete.retention.ms=1209600000:compression.type=gzip:max.compaction.lag.ms=86400000,steve.banks@optum.com,sbanks34,FULL
cosmos.prod.canonical.claims.claim-grouper-output-archive-hospital.v2,,,*,beam-mandr,32,cleanup.policy=compact:delete.retention.ms=1209600000:compression.type=gzip,steve.banks@optum.com,sbanks34,FULL
cosmos.prod.canonical.claims.claim-grouper-output-hospital.v2,*,ebaas-mandr-cosmos-prod,*,beam-mandr,32,cleanup.policy=compact:delete.retention.ms=1209600000:compression.type=gzip:max.compaction.lag.ms=86400000,steve.banks@optum.com,sbanks34,FULL
cosmos.prod.canonical.claims.claim-grouper-output-archive-professional.v2,,,*,beam-mandr,32,cleanup.policy=compact:delete.retention.ms=1209600000:compression.type=gzip,steve.banks@optum.com,sbanks34,FULL
cosmos.prod.canonical.claims.claim-grouper-output-professional.v2,*,ebaas-mandr-cosmos-prod,*,beam-mandr,32,cleanup.policy=compact:delete.retention.ms=1209600000:compression.type=gzip:max.compaction.lag.ms=86400000,steve.banks@optum.com,sbanks34,FULL
cosmos.prod.canonical.claims.claim-other-payer-archive-hospital.v2,,,*,beam-mandr,32,cleanup.policy=compact:delete.retention.ms=1209600000:compression.type=gzip,steve.banks@optum.com,sbanks34,FULL
cosmos.prod.canonical.claims.claim-other-payer-hospital.v2,*,ebaas-mandr-cosmos-prod,*,beam-mandr,32,cleanup.policy=compact:delete.retention.ms=1209600000:compression.type=gzip:max.compaction.lag.ms=86400000,steve.banks@optum.com,sbanks34,FULL
cosmos.prod.canonical.claims.claim-other-payer-archive-professional.v2,,,*,beam-mandr,32,cleanup.policy=compact:delete.retention.ms=1209600000:compression.type=gzip,steve.banks@optum.com,sbanks34,FULL
cosmos.prod.canonical.claims.claim-other-payer-professional.v2,*,ebaas-mandr-cosmos-prod,*,beam-mandr,300,cleanup.policy=compact:delete.retention.ms=1209600000:compression.type=gzip:max.compaction.lag.ms=86400000,steve.banks@optum.com,sbanks34,FULL
cosmos.prod.canonical.claims.claim-pricing-archive-hospital.v2,,,*,beam-mandr,32,cleanup.policy=compact:delete.retention.ms=1209600000:compression.type=gzip,steve.banks@optum.com,sbanks34,FULL
cosmos.prod.canonical.claims.claim-pricing-archive-professional.v2,,,*,beam-mandr,32,cleanup.policy=compact:delete.retention.ms=1209600000:compression.type=gzip,steve.banks@optum.com,sbanks34,FULL
cosmos.prod.canonical.claims.claim-pricing-hospital.v2,*,ebaas-mandr-cosmos-prod,*,beam-mandr,32,cleanup.policy=compact:delete.retention.ms=1209600000:compression.type=gzip:max.compaction.lag.ms=86400000,steve.banks@optum.com,sbanks34,FULL
cosmos.prod.canonical.claims.claim-pricing-professional.v2,*,ebaas-mandr-cosmos-prod,*,beam-mandr,32,cleanup.policy=compact:delete.retention.ms=1209600000:compression.type=gzip:max.compaction.lag.ms=86400000,steve.banks@optum.com,sbanks34,FULL
cosmos.prod.canonical.claims.claim-service-line-archive-hospital.v2,,,*,beam-mandr,32,cleanup.policy=compact:delete.retention.ms=1209600000:compression.type=gzip,steve.banks@optum.com,sbanks34,FULL
cosmos.prod.canonical.claims.claim-service-line-archive-professional.v2,,,*,beam-mandr,32,cleanup.policy=compact:delete.retention.ms=1209600000:compression.type=gzip,steve.banks@optum.com,sbanks34,FULL
cosmos.prod.canonical.claims.claim-service-line-hospital.v2,*,ebaas-mandr-cosmos-prod,*:*,beam-mandr:ocg-covid-19,300,cleanup.policy=compact:delete.retention.ms=1209600000:compression.type=gzip:max.compaction.lag.ms=86400000,steve.banks@optum.com,sbanks34,FULL
cosmos.prod.canonical.claims.claim-service-line-professional.v2,*,ebaas-mandr-cosmos-prod,*:*,beam-mandr:ocg-covid-19,300,cleanup.policy=compact:delete.retention.ms=1209600000:compression.type=gzip:max.compaction.lag.ms=86400000,steve.banks@optum.com,sbanks34,FULL
cosmos.prod.canonical.claims.claim-service-other-payer-archive-hospital.v2,,,*,beam-mandr,32,cleanup.policy=compact:delete.retention.ms=1209600000:compression.type=gzip,steve.banks@optum.com,sbanks34,FULL
cosmos.prod.canonical.claims.claim-service-other-payer-hospital.v2,*,ebaas-mandr-cosmos-prod,*,beam-mandr,32,cleanup.policy=compact:delete.retention.ms=1209600000:compression.type=gzip:max.compaction.lag.ms=86400000,steve.banks@optum.com,sbanks34,FULL
cosmos.prod.canonical.claims.claim-service-other-payer-archive-professional.v2,,,*,beam-mandr,32,cleanup.policy=compact:delete.retention.ms=1209600000:compression.type=gzip,steve.banks@optum.com,sbanks34,FULL
cosmos.prod.canonical.claims.claim-service-other-payer-professional.v2,*,ebaas-mandr-cosmos-prod,*,beam-mandr,32,cleanup.policy=compact:delete.retention.ms=1209600000:compression.type=gzip:max.compaction.lag.ms=86400000,steve.banks@optum.com,sbanks34,FULL
cosmos.prod.canonical.claims.claim-service-pricing-archive-hospital.v2,,,*,beam-mandr,32,cleanup.policy=compact:delete.retention.ms=1209600000:compression.type=gzip,steve.banks@optum.com,sbanks34,FULL
cosmos.prod.canonical.claims.claim-service-pricing-archive-professional.v2,,,*,beam-mandr,32,cleanup.policy=compact:delete.retention.ms=1209600000:compression.type=gzip,steve.banks@optum.com,sbanks34,FULL
cosmos.prod.canonical.claims.claim-service-pricing-hospital.v2,*,ebaas-mandr-cosmos-prod,*,beam-mandr,32,cleanup.policy=compact:delete.retention.ms=1209600000:compression.type=gzip:max.compaction.lag.ms=86400000,steve.banks@optum.com,sbanks34,FULL
cosmos.prod.canonical.claims.claim-service-pricing-professional.v2,*,ebaas-mandr-cosmos-prod,*,beam-mandr,32,cleanup.policy=compact:delete.retention.ms=1209600000:compression.type=gzip:max.compaction.lag.ms=86400000,steve.banks@optum.com,sbanks34,FULL
cosmos.prod.canonical.claims.claim-transaction-archive-hospital.v2,,,*,beam-mandr,32,cleanup.policy=compact:delete.retention.ms=1209600000:compression.type=gzip,steve.banks@optum.com,sbanks34,FULL
cosmos.prod.canonical.claims.claim-transaction-hospital.v2,*,ebaas-mandr-cosmos-prod,*:*,beam-mandr:ocg-covid-19,300,cleanup.policy=compact:delete.retention.ms=1209600000:compression.type=gzip:max.compaction.lag.ms=86400000,steve.banks@optum.com,sbanks34,FULL
cosmos.prod.canonical.claims.claim-transaction-archive-professional.v2,,,*,beam-mandr,32,cleanup.policy=compact:delete.retention.ms=1209600000:compression.type=gzip,steve.banks@optum.com,sbanks34,FULL
cosmos.prod.canonical.claims.claim-transaction-professional.v2,*,ebaas-mandr-cosmos-prod,*:*,beam-mandr:ocg-covid-19,300,cleanup.policy=compact:delete.retention.ms=1209600000:compression.type=gzip:max.compaction.lag.ms=86400000,steve.banks@optum.com,sbanks34,FULL
cosmos.prod.canonical.claims.hdc-data-split.v2,*,ebaas-mandr-cosmos-prod,*:*,ebaas-mandr-cosmos-prod:beam-mandr,500,cleanup.policy=compact:delete.retention.ms=1209600000:compression.type=gzip:max.compaction.lag.ms=86400000,steve.banks@optum.com,sbanks34,FULL
cosmos.prod.canonical.claims.hdc-data-archive-split.v2,,,*,beam-mandr,32,cleanup.policy=compact:delete.retention.ms=1209600000:compression.type=gzip,steve.banks@optum.com,sbanks34,FULL
cosmos.prod.canonical.claims.hip-data-split.v2,*,ebaas-mandr-cosmos-prod,*:*,ebaas-mandr-cosmos-prod:beam-mandr,500,cleanup.policy=compact:delete.retention.ms=1209600000:compression.type=gzip:max.compaction.lag.ms=86400000,steve.banks@optum.com,sbanks34,FULL
cosmos.prod.canonical.claims.hip-data-archive-split.v2,,,*,beam-mandr,32,cleanup.policy=compact:delete.retention.ms=1209600000:compression.type=gzip,steve.banks@optum.com,sbanks34,FULL
cosmos.prod.canonical.claims.modified-bbd-data.v2,*,ebaas-mandr-cosmos-prod,*:*,ebaas-mandr-cosmos-prod:beam-mandr,64,cleanup.policy=compact:delete.retention.ms=1209600000:compression.type=gzip:max.compaction.lag.ms=86400000,steve.banks@optum.com,sbanks34,FULL
cosmos.prod.canonical.claims.modified-cpp-data.v2,*,ebaas-mandr-cosmos-prod,*:*,ebaas-mandr-cosmos-prod:beam-mandr,64,cleanup.policy=compact:delete.retention.ms=1209600000:compression.type=gzip:max.compaction.lag.ms=86400000,steve.banks@optum.com,sbanks34,FULL
cosmos.prod.canonical.claims.modified-cppd-data.v2,*,ebaas-mandr-cosmos-prod,*:*,ebaas-mandr-cosmos-prod:beam-mandr,200,cleanup.policy=compact:delete.retention.ms=1209600000:compression.type=gzip:max.compaction.lag.ms=86400000,steve.banks@optum.com,sbanks34,FULL
cosmos.prod.canonical.claims.modified-cppdr1-data.v2,*,ebaas-mandr-cosmos-prod,*:*,ebaas-mandr-cosmos-prod:beam-mandr,200,cleanup.policy=compact:delete.retention.ms=1209600000:compression.type=gzip:max.compaction.lag.ms=86400000,steve.banks@optum.com,sbanks34,FULL
cosmos.prod.canonical.claims.modified-grpmstr-data.v2,*,ebaas-mandr-cosmos-prod,*:*,ebaas-mandr-cosmos-prod:beam-mandr,400,cleanup.policy=compact:delete.retention.ms=1209600000:compression.type=gzip:max.compaction.lag.ms=86400000,steve.banks@optum.com,sbanks34,FULL
cosmos.prod.canonical.claims.modified-hdtl-data.v2,*,ebaas-mandr-cosmos-prod,*:*,ebaas-mandr-cosmos-prod:beam-mandr,400,cleanup.policy=compact:delete.retention.ms=1209600000:compression.type=gzip:max.compaction.lag.ms=86400000,steve.banks@optum.com,sbanks34,FULL
cosmos.prod.canonical.claims.modified-memmstr-data.v2,*,ebaas-mandr-cosmos-prod,*:*,ebaas-mandr-cosmos-prod:beam-mandr,200,cleanup.policy=compact:delete.retention.ms=1209600000:compression.type=gzip:max.compaction.lag.ms=86400000,steve.banks@optum.com,sbanks34,FULL
cosmos.prod.canonical.claims.modified-npd-data.v2,*,ebaas-mandr-cosmos-prod,*:*,ebaas-mandr-cosmos-prod:beam-mandr,100,cleanup.policy=compact:delete.retention.ms=1209600000:compression.type=gzip,steve.banks@optum.com,sbanks34,FULL
cosmos.prod.canonical.claims.modified-pde-data.v2,*,ebaas-mandr-cosmos-prod,*:*,ebaas-mandr-cosmos-prod:beam-mandr,200,cleanup.policy=compact:delete.retention.ms=1209600000:compression.type=gzip,steve.banks@optum.com,sbanks34,FULL
cosmos.prod.canonical.claims.modified-procmstr-data.v2,*,ebaas-mandr-cosmos-prod,*:*,ebaas-mandr-cosmos-prod:beam-mandr,400,cleanup.policy=compact:delete.retention.ms=1209600000:compression.type=gzip:max.compaction.lag.ms=86400000,steve.banks@optum.com,sbanks34,FULL
cosmos.prod.canonical.claims.modified-tblp-data.v2,*,ebaas-mandr-cosmos-prod,*:*,ebaas-mandr-cosmos-prod:beam-mandr,8,cleanup.policy=compact:delete.retention.ms=1209600000:compression.type=gzip:max.compaction.lag.ms=86400000,steve.banks@optum.com,sbanks34,FULL
cosmos.prod.canonical.claims.ndc-data-processor.v2,*,ebaas-mandr-cosmos-prod,*,beam-mandr,2,cleanup.policy=compact:delete.retention.ms=1209600000:compression.type=gzip:max.compaction.lag.ms=86400000,steve.banks@optum.com,sbanks34,FULL
cosmos.prod.canonical.claims.rvw-data-split.v2,*,ebaas-mandr-cosmos-prod,*:*,ebaas-mandr-cosmos-prod:beam-mandr,500,cleanup.policy=compact:delete.retention.ms=1209600000:compression.type=gzip:max.compaction.lag.ms=86400000,steve.banks@optum.com,sbanks34,FULL
cosmos.prod.canonical.claims.security-restriction.v2,*,ebaas-mandr-cosmos-prod,*,beam-mandr,8,cleanup.policy=compact:delete.retention.ms=1209600000:compression.type=gzip,steve.banks@optum.com,sbanks34,FULL
cosmos.prod.canonical.claims.service-adjudication-group-archive-hospital.v2,,,*,beam-mandr,32,cleanup.policy=compact:delete.retention.ms=1209600000:compression.type=gzip,steve.banks@optum.com,sbanks34,FULL
cosmos.prod.canonical.claims.service-adjudication-group-archive-professional.v2,,,*,beam-mandr,32,cleanup.policy=compact:delete.retention.ms=1209600000:compression.type=gzip,steve.banks@optum.com,sbanks34,FULL
cosmos.prod.canonical.claims.service-adjudication-group-hospital.v2,*,ebaas-mandr-cosmos-prod,*,beam-mandr,32,cleanup.policy=compact:delete.retention.ms=1209600000:compression.type=gzip:max.compaction.lag.ms=86400000,steve.banks@optum.com,sbanks34,FULL
cosmos.prod.canonical.claims.service-adjudication-group-professional.v2,*,ebaas-mandr-cosmos-prod,*,beam-mandr,32,cleanup.policy=compact:delete.retention.ms=1209600000:compression.type=gzip:max.compaction.lag.ms=86400000,steve.banks@optum.com,sbanks34,FULL
cosmos.prod.canonical.eligibility.provider-selection.v3,*,ebaas-mandr-cosmos-prod,*:*:*,beam-mandr:core-api-platform-loader-prod:ocg-covid-19,100,cleanup.policy=compact:delete.retention.ms=1209600000:max.compaction.lag.ms=86400000:compression.type=gzip,steve.banks@optum.com:mitchell.f.borman@optum.com:dave.reines@optum.com:kevin_schultz@optum.com:forrest.reinard@optum.com:pramod.putta@optum.com,sbanks34:mborman1:dreines:kschul16:freinard:pputta,FULL
cosmos.prod.canonical.eligibility.provider-selection.v3.topic3,*,ebaas-mandr-cosmos-prod,*:*:*,beam-mandr:core-api-platform-loader-prod:ocg-covid-19,100,cleanup.policy=compact:delete.retention.ms=1209600000:max.compaction.lag.ms=86400000:compression.type=gzip,steve.banks@optum.com:mitchell.f.borman@optum.com:dave.reines@optum.com:kevin_schultz@optum.com:forrest.reinard@optum.com:pramod.putta@optum.com,sbanks34:mborman1:dreines:kschul16:freinard:pputta,FULL