topic,producer-hosts,producer-cn,consumer-hosts,consumer-cn,partitions,config,email,ms-id,compatibility
kaas.prod.elr.medicare-retirement.canonical.product.benefit.v2,*,ebaas-mandr-maps-prod,*:*:*,ebaas-mandr-maps-prod:beam-mandr:core-api-platform-loader-prod,32,cleanup.policy=compact:delete.retention.ms=1209600000:compression.type=gzip:max.compaction.lag.ms=86400000,steve.banks@optum.com:dave.reines@optum.com:kevin_schultz@optum.com,sbanks34:dreines:kschul16,FULL
kaas.prod.elr.medicare-retirement.canonical.product.benefit-public.v2,*,ebaas-mandr-maps-prod,*:*,ebaas-mandr-maps-prod:beam-mandr,32,cleanup.policy=compact:delete.retention.ms=1209600000:compression.type=gzip:max.compaction.lag.ms=86400000,steve.banks@optum.com,sbanks34,FULL
kaas.prod.elr.medicare-retirement.canonical.product.group.v2,*,ebaas-mandr-maps-prod,*:*:*,ebaas-mandr-maps-prod:beam-mandr:core-api-platform-loader-prod,32,cleanup.policy=compact:delete.retention.ms=1209600000:compression.type=gzip:max.compaction.lag.ms=86400000,steve.banks@optum.com:dave.reines@optum.com:kevin_schultz@optum.com,sbanks34:dreines:kschul16,FULL
kaas.prod.elr.medicare-retirement.canonical.product.group-public.v2,*,ebaas-mandr-maps-prod,*:*,ebaas-mandr-maps-prod:beam-mandr,32,cleanup.policy=compact:delete.retention.ms=1209600000:compression.type=gzip:max.compaction.lag.ms=86400000,steve.banks@optum.com,sbanks34,FULL
kaas.prod.elr.medicare-retirement.canonical.product.group-contact.v2,*,ebaas-mandr-maps-prod,*:*:*,ebaas-mandr-maps-prod:beam-mandr:core-api-platform-loader-prod,32,cleanup.policy=compact:delete.retention.ms=1209600000:compression.type=gzip:max.compaction.lag.ms=86400000,steve.banks@optum.com:dave.reines@optum.com:kevin_schultz@optum.com,sbanks34:dreines:kschul16,FULL
kaas.prod.elr.medicare-retirement.canonical.product.group-contact-public.v2,*,ebaas-mandr-maps-prod,*:*,ebaas-mandr-maps-prod:beam-mandr,32,cleanup.policy=compact:delete.retention.ms=1209600000:compression.type=gzip:max.compaction.lag.ms=86400000,steve.banks@optum.com,sbanks34,FULL
kaas.prod.elr.medicare-retirement.canonical.product.group-county.v2,*,ebaas-mandr-maps-prod,*:*:*,ebaas-mandr-maps-prod:beam-mandr:core-api-platform-loader-prod,32,cleanup.policy=compact:delete.retention.ms=1209600000:compression.type=gzip:max.compaction.lag.ms=86400000,steve.banks@optum.com:dave.reines@optum.com:kevin_schultz@optum.com,sbanks34:dreines:kschul16,FULL
kaas.prod.elr.medicare-retirement.canonical.product.group-county-public.v2,*,ebaas-mandr-maps-prod,*:*,ebaas-mandr-maps-prod:beam-mandr,32,cleanup.policy=compact:delete.retention.ms=1209600000:compression.type=gzip:max.compaction.lag.ms=86400000,steve.banks@optum.com,sbanks34,FULL
kaas.prod.elr.medicare-retirement.canonical.product.plan-county.v2,*,ebaas-mandr-maps-prod,*:*:*,ebaas-mandr-maps-prod:beam-mandr:core-api-platform-loader-prod,32,cleanup.policy=compact:delete.retention.ms=1209600000:compression.type=gzip:max.compaction.lag.ms=86400000,steve.banks@optum.com:dave.reines@optum.com:kevin_schultz@optum.com,sbanks34:dreines:kschul16,FULL
kaas.prod.elr.medicare-retirement.canonical.product.plan-county-public.v2,*,ebaas-mandr-maps-prod,*:*,ebaas-mandr-maps-prod:beam-mandr,32,cleanup.policy=compact:delete.retention.ms=1209600000:compression.type=gzip:max.compaction.lag.ms=86400000,steve.banks@optum.com,sbanks34,FULL
kaas.prod.elr.medicare-retirement.canonical.product.plan-contact.v2,*,ebaas-mandr-maps-prod,*:*:*,ebaas-mandr-maps-prod:beam-mandr:core-api-platform-loader-prod,32,cleanup.policy=compact:delete.retention.ms=1209600000:compression.type=gzip:max.compaction.lag.ms=86400000,steve.banks@optum.com:dave.reines@optum.com:kevin_schultz@optum.com,sbanks34:dreines:kschul16,FULL
kaas.prod.elr.medicare-retirement.canonical.product.plan-contact-public.v2,*,ebaas-mandr-maps-prod,*:*,ebaas-mandr-maps-prod:beam-mandr,32,cleanup.policy=compact:delete.retention.ms=1209600000:compression.type=gzip:max.compaction.lag.ms=86400000,steve.banks@optum.com,sbanks34,FULL
kaas.prod.elr.medicare-retirement.canonical.product.product-plan.v2,*,ebaas-mandr-maps-prod,*:*:*,ebaas-mandr-maps-prod:beam-mandr:core-api-platform-loader-prod,32,cleanup.policy=compact:delete.retention.ms=1209600000:compression.type=gzip:max.compaction.lag.ms=86400000,steve.banks@optum.com:dave.reines@optum.com:kevin_schultz@optum.com,sbanks34:dreines:kschul16,FULL
kaas.prod.elr.medicare-retirement.canonical.product.product-public-plan.v2,*,ebaas-mandr-maps-prod,*:*,ebaas-mandr-maps-prod:beam-mandr,32,cleanup.policy=compact:delete.retention.ms=1209600000:compression.type=gzip:max.compaction.lag.ms=86400000,steve.banks@optum.com,sbanks34,FULL
kaas.prod.elr.medicare-retirement.canonical.product.medical-benefit-details.v2,*,ebaas-mandr-maps-prod,*:*:*,ebaas-mandr-maps-prod:beam-mandr:core-api-platform-loader-prod,32,cleanup.policy=compact:delete.retention.ms=1209600000:compression.type=gzip:max.compaction.lag.ms=86400000,steve.banks@optum.com:dave.reines@optum.com:kevin_schultz@optum.com,sbanks34:dreines:kschul16,FULL
kaas.prod.elr.medicare-retirement.canonical.product.medical-benefit-details-public.v2,*,ebaas-mandr-maps-prod,*:*,ebaas-mandr-maps-prod:beam-mandr,32,cleanup.policy=compact:delete.retention.ms=1209600000:compression.type=gzip:max.compaction.lag.ms=86400000,steve.banks@optum.com,sbanks34,FULL
kaas.prod.elr.medicare-retirement.canonical.product.pharmacy-benefit-details.v2,*,ebaas-mandr-maps-prod,*:*:*,ebaas-mandr-maps-prod:beam-mandr:core-api-platform-loader-prod,32,cleanup.policy=compact:delete.retention.ms=1209600000:compression.type=gzip:max.compaction.lag.ms=86400000,steve.banks@optum.com:dave.reines@optum.com:kevin_schultz@optum.com,sbanks34:dreines:kschul16,FULL
kaas.prod.elr.medicare-retirement.canonical.product.pharmacy-benefit-details-public.v2,*,ebaas-mandr-maps-prod,*:*,ebaas-mandr-maps-prod:beam-mandr,32,cleanup.policy=compact:delete.retention.ms=1209600000:compression.type=gzip:max.compaction.lag.ms=86400000,steve.banks@optum.com,sbanks34,FULL
kaas.prod.elr.medicare-retirement.maps.security.consumer-role-permission,*,beam-mandr,*,core-api-platform-loader-prod,1,cleanup.policy=compact:delete.retention.ms=1209600000:compression.type=gzip:max.compaction.lag.ms=86400000,steve.banks@optum.com:dave.reines@optum.com:kevin_schultz@optum.com,sbanks34:dreines:kschul16,FULL
kaas.prod.elr.medicare-retirement.aggregate.product.plan-county.v1,*,ebaas-mandr-maps-prod,*:*:*,ebaas-mandr-maps-prod:beam-mandr:core-api-platform-loader-prod,32,cleanup.policy=compact:delete.retention.ms=1209600000:compression.type=gzip:max.compaction.lag.ms=86400000,steve.banks@optum.com:dave.reines@optum.com:kevin_schultz@optum.com,sbanks34:dreines:kschul16,FULL
kaas.prod.elr.medicare-retirement.aggregate.product.group-benefit.v1,*,ebaas-mandr-maps-prod,*:*:*,ebaas-mandr-maps-prod:beam-mandr:core-api-platform-loader-prod,32,cleanup.policy=compact:delete.retention.ms=1209600000:compression.type=gzip:max.compaction.lag.ms=86400000,steve.banks@optum.com:dave.reines@optum.com:kevin_schultz@optum.com,sbanks34:dreines:kschul16,FULL
kaas.prod.elr.medicare-retirement.aggregate.product.individual-benefit.v1,*,ebaas-mandr-maps-prod,*:*:*,ebaas-mandr-maps-prod:beam-mandr:core-api-platform-loader-prod,32,cleanup.policy=compact:delete.retention.ms=1209600000:compression.type=gzip:max.compaction.lag.ms=86400000,steve.banks@optum.com:dave.reines@optum.com:kevin_schultz@optum.com,sbanks34:dreines:kschul16,FULL
kaas.prod.elr.medicare-retirement.aggregate.product.plan-group-county.v1,*,ebaas-mandr-maps-prod,*:*:*,ebaas-mandr-maps-prod:beam-mandr:core-api-platform-loader-prod,32,cleanup.policy=compact:delete.retention.ms=1209600000:compression.type=gzip:max.compaction.lag.ms=86400000,steve.banks@optum.com:dave.reines@optum.com:kevin_schultz@optum.com,sbanks34:dreines:kschul16,FULL
kaas.prod.elr.medicare-retirement.aggregate.product.plan-county.v1.topic3,*,ebaas-mandr-maps-prod,*:*:*,ebaas-mandr-maps-prod:beam-mandr:core-api-platform-loader-prod,32,cleanup.policy=compact:delete.retention.ms=1209600000:compression.type=gzip:max.compaction.lag.ms=86400000,steve.banks@optum.com:dave.reines@optum.com:kevin_schultz@optum.com,sbanks34:dreines:kschul16:xyao,FULL
kaas.prod.elr.medicare-retirement.aggregate.product.group-benefit.v1.topic3,*,ebaas-mandr-maps-prod,*:*:*,ebaas-mandr-maps-prod:beam-mandr:core-api-platform-loader-prod,32,cleanup.policy=compact:delete.retention.ms=1209600000:compression.type=gzip:max.compaction.lag.ms=86400000,steve.banks@optum.com:dave.reines@optum.com:kevin_schultz@optum.com,sbanks34:dreines:kschul16:xyao,FULL
kaas.prod.elr.medicare-retirement.aggregate.product.individual-benefit.v1.topic3,*,ebaas-mandr-maps-prod,*:*:*,ebaas-mandr-maps-prod:beam-mandr:core-api-platform-loader-prod,32,cleanup.policy=compact:delete.retention.ms=1209600000:compression.type=gzip:max.compaction.lag.ms=86400000,steve.banks@optum.com:dave.reines@optum.com:kevin_schultz@optum.com,sbanks34:dreines:kschul16:xyao,FULL
kaas.prod.elr.medicare-retirement.aggregate.product.plan-group-county.v1.topic3,*,ebaas-mandr-maps-prod,*:*:*,ebaas-mandr-maps-prod:beam-mandr:core-api-platform-loader-prod,32,cleanup.policy=compact:delete.retention.ms=1209600000:compression.type=gzip:max.compaction.lag.ms=86400000,steve.banks@optum.com:dave.reines@optum.com:kevin_schultz@optum.com,sbanks34:dreines:kschul16:xyao,FULL
kaas.prod.elr.medicare-retirement.canonical.product.group.v2.topic2,*,ebaas-mandr-maps-prod,*:*:*,ebaas-mandr-maps-prod:beam-mandr:core-api-platform-loader-prod,32,cleanup.policy=compact:delete.retention.ms=1209600001:compression.type=gzip:max.compaction.lag.ms=86400000,steve.banks@optum.com:dave.reines@optum.com:kevin_schultz@optum.com,sbanks34:dreines:kschul16:mcain13,FULL
kaas.prod.elr.medicare-retirement.canonical.product.group-public.v2.topic2,*,ebaas-mandr-maps-prod,*:*,ebaas-mandr-maps-prod:beam-mandr,32,cleanup.policy=compact:delete.retention.ms=1209600000:compression.type=gzip:max.compaction.lag.ms=86400000,steve.banks@optum.com,sbanks34:mcain13,FULL
kaas.prod.elr.medicare-retirement.canonical.product.individual-group-contact.v2.topic2,*,ebaas-mandr-maps-prod,*:*:*,ebaas-mandr-maps-prod:beam-mandr:core-api-platform-loader-prod,32,cleanup.policy=compact:delete.retention.ms=1209600000:compression.type=gzip:max.compaction.lag.ms=86400000,steve.banks@optum.com:dave.reines@optum.com:kevin_schultz@optum.com,sbanks34:dreines:kschul16:mcain13,FULL
kaas.prod.elr.medicare-retirement.canonical.product.individual-group-contact-public.v2.topic2,*,ebaas-mandr-maps-prod,*:*,ebaas-mandr-maps-prod:beam-mandr,32,cleanup.policy=compact:delete.retention.ms=1209600000:compression.type=gzip:max.compaction.lag.ms=86400000,steve.banks@optum.com,sbanks34:mcain13,FULL
kaas.prod.elr.medicare-retirement.canonical.product.product-plan.v2.topic2,*,ebaas-mandr-maps-prod,*:*:*,ebaas-mandr-maps-prod:beam-mandr:core-api-platform-loader-prod,32,cleanup.policy=compact:delete.retention.ms=1209600000:compression.type=gzip:max.compaction.lag.ms=86400000,steve.banks@optum.com:dave.reines@optum.com:kevin_schultz@optum.com,sbanks34:dreines:kschul16:mcain13,FULL
kaas.prod.elr.medicare-retirement.canonical.product.product-public-plan.v2.topic2,*,ebaas-mandr-maps-prod,*:*,ebaas-mandr-maps-prod:beam-mandr,32,cleanup.policy=compact:delete.retention.ms=1209600000:compression.type=gzip:max.compaction.lag.ms=86400000,steve.banks@optum.com,sbanks34:mcain13,FULL
kaas.prod.elr.medicare-retirement.canonical.product.pharmacy-benefit-details.v2.topic2,*,ebaas-mandr-maps-prod,*:*:*,ebaas-mandr-maps-prod:beam-mandr:core-api-platform-loader-prod,32,cleanup.policy=compact:delete.retention.ms=1209600000:compression.type=gzip:max.compaction.lag.ms=86400000,steve.banks@optum.com:dave.reines@optum.com:kevin_schultz@optum.com,sbanks34:dreines:kschul16:mcain13,FULL
kaas.prod.elr.medicare-retirement.canonical.product.pharmacy-benefit-details-public.v2.topic2,*,ebaas-mandr-maps-prod,*:*,ebaas-mandr-maps-prod:beam-mandr,32,cleanup.policy=compact:delete.retention.ms=1209600000:compression.type=gzip:max.compaction.lag.ms=86400000,steve.banks@optum.com,sbanks34:mcain13,FULL
kaas.prod.elr.medicare-retirement.canonical.product.benefit.v2.topic3,*,ebaas-mandr-maps-prod,*:*:*,ebaas-mandr-maps-prod:beam-mandr:core-api-platform-loader-prod,32,cleanup.policy=compact:delete.retention.ms=1209600000:compression.type=gzip:max.compaction.lag.ms=86400000,steve.banks@optum.com:dave.reines@optum.com:kevin_schultz@optum.com,sbanks34:dreines:kschul16,FULL
kaas.prod.elr.medicare-retirement.canonical.product.benefit-public.v2.topic3,*,ebaas-mandr-maps-prod,*:*,ebaas-mandr-maps-prod:beam-mandr,32,cleanup.policy=compact:delete.retention.ms=1209600000:compression.type=gzip:max.compaction.lag.ms=86400000,steve.banks@optum.com,sbanks34,FULL
kaas.prod.elr.medicare-retirement.canonical.product.group.v2.topic3,*,ebaas-mandr-maps-prod,*:*:*,ebaas-mandr-maps-prod:beam-mandr:core-api-platform-loader-prod,32,cleanup.policy=compact:delete.retention.ms=1209600000:compression.type=gzip:max.compaction.lag.ms=86400000,steve.banks@optum.com:dave.reines@optum.com:kevin_schultz@optum.com,sbanks34:dreines:kschul16,FULL
kaas.prod.elr.medicare-retirement.canonical.product.group-public.v2.topic3,*,ebaas-mandr-maps-prod,*:*,ebaas-mandr-maps-prod:beam-mandr,32,cleanup.policy=compact:delete.retention.ms=1209600000:compression.type=gzip:max.compaction.lag.ms=86400000,steve.banks@optum.com,sbanks34,FULL
kaas.prod.elr.medicare-retirement.canonical.product.group-contact.v2.topic3,*,ebaas-mandr-maps-prod,*:*:*,ebaas-mandr-maps-prod:beam-mandr:core-api-platform-loader-prod,32,cleanup.policy=compact:delete.retention.ms=1209600000:compression.type=gzip:max.compaction.lag.ms=86400000,steve.banks@optum.com:dave.reines@optum.com:kevin_schultz@optum.com,sbanks34:dreines:kschul16,FULL
kaas.prod.elr.medicare-retirement.canonical.product.group-contact-public.v2.topic3,*,ebaas-mandr-maps-prod,*:*,ebaas-mandr-maps-prod:beam-mandr,32,cleanup.policy=compact:delete.retention.ms=1209600000:compression.type=gzip:max.compaction.lag.ms=86400000,steve.banks@optum.com,sbanks34,FULL
kaas.prod.elr.medicare-retirement.canonical.product.group-county.v2.topic3,*,ebaas-mandr-maps-prod,*:*:*,ebaas-mandr-maps-prod:beam-mandr:core-api-platform-loader-prod,32,cleanup.policy=compact:delete.retention.ms=1209600000:compression.type=gzip:max.compaction.lag.ms=86400000,steve.banks@optum.com:dave.reines@optum.com:kevin_schultz@optum.com,sbanks34:dreines:kschul16,FULL
kaas.prod.elr.medicare-retirement.canonical.product.group-county-public.v2.topic3,*,ebaas-mandr-maps-prod,*:*,ebaas-mandr-maps-prod:beam-mandr,32,cleanup.policy=compact:delete.retention.ms=1209600000:compression.type=gzip:max.compaction.lag.ms=86400000,steve.banks@optum.com,sbanks34,FULL
kaas.prod.elr.medicare-retirement.canonical.product.individual-group-contact.v2.topic3,*,ebaas-mandr-maps-prod,*:*:*,ebaas-mandr-maps-prod:beam-mandr:core-api-platform-loader-prod,32,cleanup.policy=compact:delete.retention.ms=1209600000:compression.type=gzip:max.compaction.lag.ms=86400000,steve.banks@optum.com:dave.reines@optum.com:kevin_schultz@optum.com,sbanks34:dreines:kschul16:mcain13,FULL
kaas.prod.elr.medicare-retirement.canonical.product.individual-group-contact-public.v2.topic3,*,ebaas-mandr-maps-prod,*:*,ebaas-mandr-maps-prod:beam-mandr,32,cleanup.policy=compact:delete.retention.ms=1209600000:compression.type=gzip:max.compaction.lag.ms=86400000,steve.banks@optum.com,sbanks34:mcain13,FULL
kaas.prod.elr.medicare-retirement.canonical.product.plan-county.v2.topic3,*,ebaas-mandr-maps-prod,*:*:*,ebaas-mandr-maps-prod:beam-mandr:core-api-platform-loader-prod,32,cleanup.policy=compact:delete.retention.ms=1209600000:compression.type=gzip:max.compaction.lag.ms=86400000,steve.banks@optum.com:dave.reines@optum.com:kevin_schultz@optum.com,sbanks34:dreines:kschul16,FULL
kaas.prod.elr.medicare-retirement.canonical.product.plan-county-public.v2.topic3,*,ebaas-mandr-maps-prod,*:*,ebaas-mandr-maps-prod:beam-mandr,32,cleanup.policy=compact:delete.retention.ms=1209600000:compression.type=gzip:max.compaction.lag.ms=86400000,steve.banks@optum.com,sbanks34,FULL
kaas.prod.elr.medicare-retirement.canonical.product.plan-contact.v2.topic3,*,ebaas-mandr-maps-prod,*:*:*,ebaas-mandr-maps-prod:beam-mandr:core-api-platform-loader-prod,32,cleanup.policy=compact:delete.retention.ms=1209600000:compression.type=gzip:max.compaction.lag.ms=86400000,steve.banks@optum.com:dave.reines@optum.com:kevin_schultz@optum.com,sbanks34:dreines:kschul16,FULL
kaas.prod.elr.medicare-retirement.canonical.product.plan-contact-public.v2.topic3,*,ebaas-mandr-maps-prod,*:*,ebaas-mandr-maps-prod:beam-mandr,32,cleanup.policy=compact:delete.retention.ms=1209600000:compression.type=gzip:max.compaction.lag.ms=86400000,steve.banks@optum.com,sbanks34,FULL
kaas.prod.elr.medicare-retirement.canonical.product.product-plan.v2.topic3,*,ebaas-mandr-maps-prod,*:*:*,ebaas-mandr-maps-prod:beam-mandr:core-api-platform-loader-prod,32,cleanup.policy=compact:delete.retention.ms=1209600000:compression.type=gzip:max.compaction.lag.ms=86400000,steve.banks@optum.com:dave.reines@optum.com:kevin_schultz@optum.com,sbanks34:dreines:kschul16,FULL
kaas.prod.elr.medicare-retirement.canonical.product.product-public-plan.v2.topic3,*,ebaas-mandr-maps-prod,*:*,ebaas-mandr-maps-prod:beam-mandr,32,cleanup.policy=compact:delete.retention.ms=1209600000:compression.type=gzip:max.compaction.lag.ms=86400000,steve.banks@optum.com,sbanks34,FULL
kaas.prod.elr.medicare-retirement.canonical.product.medical-benefit-details.v2.topic3,*,ebaas-mandr-maps-prod,*:*:*,ebaas-mandr-maps-prod:beam-mandr:core-api-platform-loader-prod,32,cleanup.policy=compact:delete.retention.ms=1209600000:compression.type=gzip:max.compaction.lag.ms=86400000,steve.banks@optum.com:dave.reines@optum.com:kevin_schultz@optum.com,sbanks34:dreines:kschul16,FULL
kaas.prod.elr.medicare-retirement.canonical.product.medical-benefit-details-public.v2.topic3,*,ebaas-mandr-maps-prod,*:*,ebaas-mandr-maps-prod:beam-mandr,32,cleanup.policy=compact:delete.retention.ms=1209600000:compression.type=gzip:max.compaction.lag.ms=86400000,steve.banks@optum.com,sbanks34,FULL
kaas.prod.elr.medicare-retirement.canonical.product.pharmacy-benefit-details.v2.topic3,*,ebaas-mandr-maps-prod,*:*:*,ebaas-mandr-maps-prod:beam-mandr:core-api-platform-loader-prod,32,cleanup.policy=compact:delete.retention.ms=1209600000:compression.type=gzip:max.compaction.lag.ms=86400000,steve.banks@optum.com:dave.reines@optum.com:kevin_schultz@optum.com,sbanks34:dreines:kschul16,FULL
kaas.prod.elr.medicare-retirement.canonical.product.pharmacy-benefit-details-public.v2.topic3,*,ebaas-mandr-maps-prod,*:*,ebaas-mandr-maps-prod:beam-mandr,32,cleanup.policy=compact:delete.retention.ms=1209600000:compression.type=gzip:max.compaction.lag.ms=86400000,steve.banks@optum.com,sbanks34,FULL
kaas.prod.elr.medicare-retirement.canonical.product.benefit.v2.topic4,*,ebaas-mandr-maps-prod,*:*:*,ebaas-mandr-maps-prod:beam-mandr:core-api-platform-loader-prod,32,cleanup.policy=compact:delete.retention.ms=1209600000:compression.type=gzip:max.compaction.lag.ms=86400000,michael_cain@optum.com:rakesh_patel@optum.com:ravi_perumalsamy@optum.com,mcain13:rpate14:rperum2,FULL
kaas.prod.elr.medicare-retirement.canonical.product.benefit-public.v2.topic4,*,ebaas-mandr-maps-prod,*:*,ebaas-mandr-maps-prod:beam-mandr,32,cleanup.policy=compact:delete.retention.ms=1209600000:compression.type=gzip:max.compaction.lag.ms=86400000,michael_cain@optum.com:rakesh_patel@optum.com:ravi_perumalsamy@optum.com,mcain13:rpate14:rperum2,FULL
kaas.prod.elr.medicare-retirement.canonical.product.group.v2.topic4,*,ebaas-mandr-maps-prod,*:*:*,ebaas-mandr-maps-prod:beam-mandr:core-api-platform-loader-prod,32,cleanup.policy=compact:delete.retention.ms=1209600000:compression.type=gzip:max.compaction.lag.ms=86400000,michael_cain@optum.com:rakesh_patel@optum.com:ravi_perumalsamy@optum.com,mcain13:rpate14:rperum2,FULL
kaas.prod.elr.medicare-retirement.canonical.product.group-public.v2.topic4,*,ebaas-mandr-maps-prod,*:*,ebaas-mandr-maps-prod:beam-mandr,32,cleanup.policy=compact:delete.retention.ms=1209600000:compression.type=gzip:max.compaction.lag.ms=86400000,michael_cain@optum.com:rakesh_patel@optum.com:ravi_perumalsamy@optum.com,mcain13:rpate14:rperum2,FULL
kaas.prod.elr.medicare-retirement.canonical.product.product-plan.v2.topic4,*,ebaas-mandr-maps-prod,*:*:*,ebaas-mandr-maps-prod:beam-mandr:core-api-platform-loader-prod,32,cleanup.policy=compact:delete.retention.ms=1209600000:compression.type=gzip:max.compaction.lag.ms=86400000,michael_cain@optum.com:rakesh_patel@optum.com:ravi_perumalsamy@optum.com,mcain13:rpate14:rperum2,FULL
kaas.prod.elr.medicare-retirement.canonical.product.product-public-plan.v2.topic4,*,ebaas-mandr-maps-prod,*:*,ebaas-mandr-maps-prod:beam-mandr,32,cleanup.policy=compact:delete.retention.ms=1209600000:compression.type=gzip:max.compaction.lag.ms=86400000,michael_cain@optum.com:rakesh_patel@optum.com:ravi_perumalsamy@optum.com,mcain13:rpate14:rperum2,FULL
kaas.prod.elr.medicare-retirement.canonical.product.medical-benefit-details.v2.topic4,*,ebaas-mandr-maps-prod,*:*:*,ebaas-mandr-maps-prod:beam-mandr:core-api-platform-loader-prod,32,cleanup.policy=compact:delete.retention.ms=1209600000:compression.type=gzip:max.compaction.lag.ms=86400000,michael_cain@optum.com:rakesh_patel@optum.com:ravi_perumalsamy@optum.com,mcain13:rpate14:rperum2,FULL
kaas.prod.elr.medicare-retirement.canonical.product.medical-benefit-details-public.v2.topic4,*,ebaas-mandr-maps-prod,*:*,ebaas-mandr-maps-prod:beam-mandr,32,cleanup.policy=compact:delete.retention.ms=1209600000:compression.type=gzip:max.compaction.lag.ms=86400000,michael_cain@optum.com:rakesh_patel@optum.com:ravi_perumalsamy@optum.com,mcain13:rpate14:rperum2,FULL
kaas.prod.elr.medicare-retirement.canonical.product.pharmacy-benefit-details.v2.topic4,*,ebaas-mandr-maps-prod,*:*:*,ebaas-mandr-maps-prod:beam-mandr:core-api-platform-loader-prod,32,cleanup.policy=compact:delete.retention.ms=1209600000:compression.type=gzip:max.compaction.lag.ms=86400000,michael_cain@optum.com:rakesh_patel@optum.com:ravi_perumalsamy@optum.com,mcain13:rpate14:rperum2,FULL
kaas.prod.elr.medicare-retirement.canonical.product.pharmacy-benefit-details-public.v2.topic4,*,ebaas-mandr-maps-prod,*:*,ebaas-mandr-maps-prod:beam-mandr,32,cleanup.policy=compact:delete.retention.ms=1209600000:compression.type=gzip:max.compaction.lag.ms=86400000,michael_cain@optum.com:rakesh_patel@optum.com:ravi_perumalsamy@optum.com,mcain13:rpate14:rperum2,FULL
kaas.prod.elr.medicare-retirement.aggregate.product.plan-county.v1.topic4,*,ebaas-mandr-maps-prod,*:*:*,ebaas-mandr-maps-prod:beam-mandr:core-api-platform-loader-prod,32,cleanup.policy=compact:delete.retention.ms=1209600000:compression.type=gzip:max.compaction.lag.ms=86400000,michael_cain@optum.com:rakesh_patel@optum.com:ravi_perumalsamy@optum.com,mcain13:rpate14:rperum2,FULL
kaas.prod.elr.medicare-retirement.aggregate.product.group-benefit.v1.topic4,*,ebaas-mandr-maps-prod,*:*:*,ebaas-mandr-maps-prod:beam-mandr:core-api-platform-loader-prod,32,cleanup.policy=compact:delete.retention.ms=1209600000:compression.type=gzip:max.compaction.lag.ms=86400000,michael_cain@optum.com:rakesh_patel@optum.com:ravi_perumalsamy@optum.com,mcain13:rpate14:rperum2,FULL
kaas.prod.elr.medicare-retirement.aggregate.product.individual-benefit.v1.topic4,*,ebaas-mandr-maps-prod,*:*:*,ebaas-mandr-maps-prod:beam-mandr:core-api-platform-loader-prod,32,cleanup.policy=compact:delete.retention.ms=1209600000:compression.type=gzip:max.compaction.lag.ms=86400000,michael_cain@optum.com:rakesh_patel@optum.com:ravi_perumalsamy@optum.com,mcain13:rpate14:rperum2,FULL
kaas.prod.elr.medicare-retirement.aggregate.product.plan-group-county.v1.topic4,*,ebaas-mandr-maps-prod,*:*:*,ebaas-mandr-maps-prod:beam-mandr:core-api-platform-loader-prod,32,cleanup.policy=compact:delete.retention.ms=1209600000:compression.type=gzip:max.compaction.lag.ms=86400000,michael_cain@optum.com:rakesh_patel@optum.com:ravi_perumalsamy@optum.com,mcain13:rpate14:rperum2,FULL
