topic,producer-hosts,producer-cn,consumer-hosts,consumer-cn,partitions,config,email,ms-id,compatibility
gps.kaas-prod-elr-a.prod.canonical.claims.persist-only.v1,*,ebaas-mandr-gps-prod,,,1,cleanup.policy=compact:delete.retention.ms=1209600000:max.compaction.lag.ms=86400000:compression.type=gzip,michael_cain@optum.com,mcain13,FULL
gps.kaas-prod-elr-a.prod.canonical.eligibility.application.v3,*,ebaas-mandr-gps-prod,*:*,core-api-platform-loader-prod:beam-mandr,200,cleanup.policy=compact:delete.retention.ms=1209600000:max.compaction.lag.ms=86400000:compression.type=gzip,steve.banks@optum.com:michael_cain@optum.com:scott_strzynski@optum.com:dave.reines@optum.com:mitchell.f.borman@optum.com:kevin_schultz@optum.com,sbanks34:mcain13:sstrzyns:dreines:mborman1:kschul16,FULL
gps.kaas-prod-elr-a.prod.canonical.eligibility.auxiliary-person.v3,*,ebaas-mandr-gps-prod,*,beam-mandr,32,cleanup.policy=compact:delete.retention.ms=1209600000:max.compaction.lag.ms=86400000:compression.type=gzip,steve.banks@optum.com:michael_cain@optum.com,sbanks34:mcain13,FULL
gps.kaas-prod-elr-a.prod.canonical.eligibility.coordination-of-benefits.v3,*,ebaas-mandr-gps-prod,*:*,core-api-platform-loader-prod:beam-mandr,32,cleanup.policy=compact:delete.retention.ms=1209600000:max.compaction.lag.ms=86400000:compression.type=gzip,steve.banks@optum.com:michael_cain@optum.com:scott_strzynski@optum.com:dave.reines@optum.com:mitchell.f.borman@optum.com:kevin_schultz@optum.com,sbanks34:mcain13:sstrzyns:dreines:mborman1:kschul16,FULL
gps.kaas-prod-elr-a.prod.canonical.eligibility.eligibility.v3,*,ebaas-mandr-gps-prod,*:*,core-api-platform-loader-prod:beam-mandr,200,cleanup.policy=compact:delete.retention.ms=1209600000:max.compaction.lag.ms=86400000:compression.type=gzip,steve.banks@optum.com:michael_cain@optum.com:scott_strzynski@optum.com:dave.reines@optum.com:mitchell.f.borman@optum.com:kevin_schultz@optum.com,sbanks34:mcain13:sstrzyns:dreines:mborman1:kschul16,FULL
gps.kaas-prod-elr-a.prod.canonical.eligibility.employer.v3,*,ebaas-mandr-gps-prod,*:*,core-api-platform-loader-prod:beam-mandr,32,cleanup.policy=compact:delete.retention.ms=1209600000:max.compaction.lag.ms=86400000:compression.type=gzip,steve.banks@optum.com:michael_cain@optum.com:scott_strzynski@optum.com:dave.reines@optum.com:mitchell.f.borman@optum.com:kevin_schultz@optum.com,sbanks34:mcain13:sstrzyns:dreines:mborman1:kschul16,FULL
gps.kaas-prod-elr-a.prod.canonical.eligibility.membership.v3,*,ebaas-mandr-gps-prod,*:*,ebaas-mandr-gps-prod:beam-mandr,200,cleanup.policy=compact:delete.retention.ms=1209600000:max.compaction.lag.ms=86400000:compression.type=gzip,steve.banks@optum.com:michael_cain@optum.com,sbanks34:mcain13,FULL
gps.kaas-prod-elr-a.prod.canonical.eligibility.plan.v3,*,ebaas-mandr-gps-prod,*:*,core-api-platform-loader-prod:beam-mandr,16,cleanup.policy=compact:delete.retention.ms=1209600000:max.compaction.lag.ms=86400000:compression.type=gzip,steve.banks@optum.com:michael_cain@optum.com:scott_strzynski@optum.com:dave.reines@optum.com:mitchell.f.borman@optum.com:kevin_schultz@optum.com,sbanks34:mcain13:sstrzyns:dreines:mborman1:kschul16,FULL
gps.kaas-prod-elr-a.prod.canonical.eligibility.preference.v3,*,ebaas-mandr-gps-prod,*:*,core-api-platform-loader-prod:beam-mandr,100,cleanup.policy=compact:delete.retention.ms=1209600000:max.compaction.lag.ms=86400000:compression.type=gzip,steve.banks@optum.com:michael_cain@optum.com:scott_strzynski@optum.com:dave.reines@optum.com:mitchell.f.borman@optum.com:kevin_schultz@optum.com,sbanks34:mcain13:sstrzyns:dreines:mborman1:kschul16,FULL
gps.kaas-prod-elr-a.prod.canonical.eligibility.provider-selection.v3,*,ebaas-mandr-gps-prod,*:*,core-api-platform-loader-prod:beam-mandr,200,cleanup.policy=compact:delete.retention.ms=1209600000:max.compaction.lag.ms=86400000:compression.type=gzip,steve.banks@optum.com:michael_cain@optum.com:scott_strzynski@optum.com:dave.reines@optum.com:mitchell.f.borman@optum.com:kevin_schultz@optum.com,sbanks34:mcain13:sstrzyns:dreines:mborman1:kschul16,FULL
gps.kaas-prod-elr-a.prod.canonical.eligibility.source-individual.v3,*,ebaas-mandr-gps-prod,*:*,ebaas-mandr-gps-prod:beam-mandr,200,cleanup.policy=compact:delete.retention.ms=1209600000:max.compaction.lag.ms=86400000:compression.type=gzip,steve.banks@optum.com:michael_cain@optum.com,sbanks34:mcain13,FULL
kaas.prod.elr.gps.canonical.eligibility.application.v3,*,ebaas-mandr-gps-prod,*:*,core-api-platform-loader-prod:beam-mandr,200,cleanup.policy=compact:delete.retention.ms=1209600000:max.compaction.lag.ms=86400000:compression.type=gzip,steve.banks@optum.com:michael_cain@optum.com:scott_strzynski@optum.com:dave.reines@optum.com:mitchell.f.borman@optum.com:kevin_schultz@optum.com,sbanks34:mcain13:sstrzyns:dreines:mborman1:kschul16,FULL
kaas.prod.elr.gps.canonical.eligibility.auxiliary-person.v3,*,ebaas-mandr-gps-prod,*,beam-mandr,32,cleanup.policy=compact:delete.retention.ms=1209600000:max.compaction.lag.ms=86400000:compression.type=gzip,steve.banks@optum.com:michael_cain@optum.com,sbanks34:mcain13,FULL
kaas.prod.elr.gps.canonical.eligibility.coordination-of-benefits.v3,*,ebaas-mandr-gps-prod,*:*,core-api-platform-loader-prod:beam-mandr,32,cleanup.policy=compact:delete.retention.ms=1209600000:max.compaction.lag.ms=86400000:compression.type=gzip,steve.banks@optum.com:michael_cain@optum.com:scott_strzynski@optum.com:dave.reines@optum.com:mitchell.f.borman@optum.com:kevin_schultz@optum.com,sbanks34:mcain13:sstrzyns:dreines:mborman1:kschul16,FULL
kaas.prod.elr.gps.canonical.eligibility.eligibility.v3,*,ebaas-mandr-gps-prod,*:*,core-api-platform-loader-prod:beam-mandr,200,cleanup.policy=compact:delete.retention.ms=1209600000:max.compaction.lag.ms=86400000:compression.type=gzip,steve.banks@optum.com:michael_cain@optum.com:scott_strzynski@optum.com:dave.reines@optum.com:mitchell.f.borman@optum.com:kevin_schultz@optum.com,sbanks34:mcain13:sstrzyns:dreines:mborman1:kschul16,FULL
kaas.prod.elr.gps.canonical.eligibility.employer.v3,*,ebaas-mandr-gps-prod,*:*,core-api-platform-loader-prod:beam-mandr,32,cleanup.policy=compact:delete.retention.ms=1209600000:max.compaction.lag.ms=86400000:compression.type=gzip,steve.banks@optum.com:michael_cain@optum.com:scott_strzynski@optum.com:dave.reines@optum.com:mitchell.f.borman@optum.com:kevin_schultz@optum.com,sbanks34:mcain13:sstrzyns:dreines:mborman1:kschul16,FULL
kaas.prod.elr.gps.canonical.eligibility.membership.v3,*,ebaas-mandr-gps-prod,*:*,ebaas-mandr-gps-prod:beam-mandr,200,cleanup.policy=compact:delete.retention.ms=1209600000:max.compaction.lag.ms=86400000:compression.type=gzip,steve.banks@optum.com:michael_cain@optum.com,sbanks34:mcain13,FULL
kaas.prod.elr.gps.canonical.eligibility.plan.v3,*,ebaas-mandr-gps-prod,*:*,core-api-platform-loader-prod:beam-mandr,16,cleanup.policy=compact:delete.retention.ms=1209600000:max.compaction.lag.ms=86400000:compression.type=gzip,steve.banks@optum.com:michael_cain@optum.com:scott_strzynski@optum.com:dave.reines@optum.com:mitchell.f.borman@optum.com:kevin_schultz@optum.com,sbanks34:mcain13:sstrzyns:dreines:mborman1:kschul16,FULL
kaas.prod.elr.gps.canonical.eligibility.preference.v3,*,ebaas-mandr-gps-prod,*:*,core-api-platform-loader-prod:beam-mandr,100,cleanup.policy=compact:delete.retention.ms=1209600000:max.compaction.lag.ms=86400000:compression.type=gzip,steve.banks@optum.com:michael_cain@optum.com:scott_strzynski@optum.com:dave.reines@optum.com:mitchell.f.borman@optum.com:kevin_schultz@optum.com,sbanks34:mcain13:sstrzyns:dreines:mborman1:kschul16,FULL
kaas.prod.elr.gps.canonical.eligibility.provider-selection.v3,*,ebaas-mandr-gps-prod,*:*,core-api-platform-loader-prod:beam-mandr,200,cleanup.policy=compact:delete.retention.ms=1209600000:max.compaction.lag.ms=86400000:compression.type=gzip,steve.banks@optum.com:michael_cain@optum.com:scott_strzynski@optum.com:dave.reines@optum.com:mitchell.f.borman@optum.com:kevin_schultz@optum.com,sbanks34:mcain13:sstrzyns:dreines:mborman1:kschul16,FULL
kaas.prod.elr.gps.canonical.eligibility.source-individual.v3,*,ebaas-mandr-gps-prod,*:*,ebaas-mandr-gps-prod:beam-mandr,200,cleanup.policy=compact:delete.retention.ms=1209600000:max.compaction.lag.ms=86400000:compression.type=gzip,steve.banks@optum.com:michael_cain@optum.com,sbanks34:mcain13,FULL
kaas.prod.elr.medicare-retirement.gps.security.consumer-role-permission,*:*,ebaas-mandr-gps-prod:beam-mandr,*:*,core-api-platform-loader-prod:ebaas-mandr-gps-prod,1,cleanup.policy=compact:delete.retention.ms=1209600000:max.compaction.lag.ms=86400000:compression.type=gzip,steve.banks@optum.com:michael_cain@optum.com:dave.reines@optum.com:mitchell.f.borman@optum.com:kevin_schultz@optum.com:thomas.kuisel@optum.com:pramod.putta@optum.com,sbanks34:mcain13:dreines:kschul16:pputta:tkuisel,FULL
kaas.prod.elr.gps.canonical.eligibility.application.v3.topic3,*,ebaas-mandr-gps-prod,*:*,core-api-platform-loader-prod:beam-mandr,200,cleanup.policy=compact:delete.retention.ms=1209600000:max.compaction.lag.ms=86400000:compression.type=gzip,steve.banks@optum.com:michael_cain@optum.com:scott_strzynski@optum.com:dave.reines@optum.com:mitchell.f.borman@optum.com:kevin_schultz@optum.com,sbanks34:mcain13:sstrzyns:dreines:mborman1:kschul16,FULL
kaas.prod.elr.gps.canonical.eligibility.auxiliary-person.v3.topic3,*,ebaas-mandr-gps-prod,*:*,ebaas-mandr-gps-prod:beam-mandr,32,cleanup.policy=compact:delete.retention.ms=1209600000:max.compaction.lag.ms=86400000:compression.type=gzip,steve.banks@optum.com:michael_cain@optum.com,sbanks34:mcain13,FULL
kaas.prod.elr.gps.canonical.eligibility.coordination-of-benefits.v3.topic3,*,ebaas-mandr-gps-prod,*:*,core-api-platform-loader-prod:beam-mandr,32,cleanup.policy=compact:delete.retention.ms=1209600000:max.compaction.lag.ms=86400000:compression.type=gzip,steve.banks@optum.com:michael_cain@optum.com:scott_strzynski@optum.com:dave.reines@optum.com:mitchell.f.borman@optum.com:kevin_schultz@optum.com,sbanks34:mcain13:sstrzyns:dreines:mborman1:kschul16,FULL
kaas.prod.elr.gps.canonical.eligibility.eligibility.v3.topic3,*,ebaas-mandr-gps-prod,*:*,core-api-platform-loader-prod:beam-mandr,200,cleanup.policy=compact:delete.retention.ms=1209600000:max.compaction.lag.ms=86400000:compression.type=gzip,steve.banks@optum.com:michael_cain@optum.com:scott_strzynski@optum.com:dave.reines@optum.com:mitchell.f.borman@optum.com:kevin_schultz@optum.com,sbanks34:mcain13:sstrzyns:dreines:mborman1:kschul16,FULL
kaas.prod.elr.gps.canonical.eligibility.employer.v3.topic3,*,ebaas-mandr-gps-prod,*:*,core-api-platform-loader-prod:beam-mandr,32,cleanup.policy=compact:delete.retention.ms=1209600000:max.compaction.lag.ms=86400000:compression.type=gzip,steve.banks@optum.com:michael_cain@optum.com:scott_strzynski@optum.com:dave.reines@optum.com:mitchell.f.borman@optum.com:kevin_schultz@optum.com,sbanks34:mcain13:sstrzyns:dreines:mborman1:kschul16,FULL
kaas.prod.elr.gps.canonical.eligibility.membership.v3.topic3,*,ebaas-mandr-gps-prod,*:*,ebaas-mandr-gps-prod:beam-mandr,200,cleanup.policy=compact:delete.retention.ms=1209600000:max.compaction.lag.ms=86400000:compression.type=gzip,steve.banks@optum.com:michael_cain@optum.com,sbanks34:mcain13,FULL
kaas.prod.elr.gps.canonical.eligibility.persist-only.v3-topic3,*,ebaas-mandr-gps-prod,*:*,ebaas-mandr-gps-prod,1,cleanup.policy=compact:delete.retention.ms=1209600000:max.compaction.lag.ms=86400000:compression.type=gzip,steve.banks@optum.com:michael_cain@optum.com,sbanks34:mcain13,FULL
kaas.prod.elr.gps.canonical.eligibility.plan.v3.topic3,*,ebaas-mandr-gps-prod,*:*:*,ebaas-mandr-gps-prod:core-api-platform-loader-prod:beam-mandr,16,cleanup.policy=compact:delete.retention.ms=1209600000:max.compaction.lag.ms=86400000:compression.type=gzip,steve.banks@optum.com:michael_cain@optum.com:scott_strzynski@optum.com:dave.reines@optum.com:mitchell.f.borman@optum.com:kevin_schultz@optum.com,sbanks34:mcain13:sstrzyns:dreines:mborman1:kschul16,FULL
kaas.prod.elr.gps.canonical.eligibility.preference.v3.topic3,*,ebaas-mandr-gps-prod,*:*,core-api-platform-loader-prod:beam-mandr,100,cleanup.policy=compact:delete.retention.ms=1209600000:max.compaction.lag.ms=86400000:compression.type=gzip,steve.banks@optum.com:michael_cain@optum.com:scott_strzynski@optum.com:dave.reines@optum.com:mitchell.f.borman@optum.com:kevin_schultz@optum.com,sbanks34:mcain13:sstrzyns:dreines:mborman1:kschul16,FULL
kaas.prod.elr.gps.canonical.eligibility.provider-selection.v3.topic3,*,ebaas-mandr-gps-prod,*:*,core-api-platform-loader-prod:beam-mandr,200,cleanup.policy=compact:delete.retention.ms=1209600000:max.compaction.lag.ms=86400000:compression.type=gzip,steve.banks@optum.com:michael_cain@optum.com:scott_strzynski@optum.com:dave.reines@optum.com:mitchell.f.borman@optum.com:kevin_schultz@optum.com,sbanks34:mcain13:sstrzyns:dreines:mborman1:kschul16,FULL
kaas.prod.elr.gps.canonical.eligibility.source-individual.v3.topic3,*,ebaas-mandr-gps-prod,*:*,ebaas-mandr-gps-prod:beam-mandr,200,cleanup.policy=compact:delete.retention.ms=1209600000:max.compaction.lag.ms=86400000:compression.type=gzip,steve.banks@optum.com:michael_cain@optum.com,sbanks34:mcain13,FULL
kaas.prod.elr.gps.canonical.claims.persist-only.v1,*,ebaas-mandr-gps-prod,*:*,ebaas-mandr-gps-prod,1,cleanup.policy=compact:delete.retention.ms=1209600000:max.compaction.lag.ms=86400000:compression.type=gzip,steve.banks@optum.com:michael_cain@optum.com,sbanks34:mcain13,FULL
