topic,producer-hosts,producer-cn,consumer-hosts,consumer-cn,partitions,config,email,ms-id,compatibility
gps.prod-mnr-azure.prod.canonical.eligibility.application.v3,*,prod-kafka-ebaasenc-mnr-azure-beam,*,core-api-platform-loader-prod,32,cleanup.policy=compact:delete.retention.ms=1814400001,steve.banks@optum.com:michael_cain@optum.com:scott_strzynski@optum.com:dave.reines@optum.com:mitchell.f.borman@optum.com:kevin_schultz@optum.com,sbanks34:mcain13:sstrzyns:dreines:mborman1:kschul16,FULL
gps.prod-mnr-azure.prod.canonical.eligibility.auxiliary-person.v3,*,prod-kafka-ebaasenc-mnr-azure-beam,,,32,cleanup.policy=compact:delete.retention.ms=1814400000,steve.banks@optum.com:michael_cain@optum.com,sbanks34:mcain13,FULL
gps.prod-mnr-azure.prod.canonical.eligibility.coordination-of-benefits.v3,*,prod-kafka-ebaasenc-mnr-azure-beam,*,core-api-platform-loader-prod,32,cleanup.policy=compact:delete.retention.ms=1814400000,steve.banks@optum.com:michael_cain@optum.com:scott_strzynski@optum.com:dave.reines@optum.com:mitchell.f.borman@optum.com:kevin_schultz@optum.com,sbanks34:mcain13:sstrzyns:dreines:mborman1:kschul16,FULL
gps.prod-mnr-azure.prod.canonical.eligibility.eligibility.v3,*,prod-kafka-ebaasenc-mnr-azure-beam,*,core-api-platform-loader-prod,32,cleanup.policy=compact:delete.retention.ms=1814400000,steve.banks@optum.com:michael_cain@optum.com:scott_strzynski@optum.com:dave.reines@optum.com:mitchell.f.borman@optum.com:kevin_schultz@optum.com,sbanks34:mcain13:sstrzyns:dreines:mborman1:kschul16,FULL
gps.prod-mnr-azure.prod.canonical.eligibility.employer.v3,*,prod-kafka-ebaasenc-mnr-azure-beam,*,core-api-platform-loader-prod,32,cleanup.policy=compact:delete.retention.ms=1814400000,steve.banks@optum.com:michael_cain@optum.com:scott_strzynski@optum.com:dave.reines@optum.com:mitchell.f.borman@optum.com:kevin_schultz@optum.com,sbanks34:mcain13:sstrzyns:dreines:mborman1:kschul16,FULL
gps.prod-mnr-azure.prod.canonical.eligibility.household.v3,*,prod-kafka-ebaasenc-mnr-azure-beam,,,32,cleanup.policy=compact:delete.retention.ms=1814400000,steve.banks@optum.com:michael_cain@optum.com,sbanks34:mcain13,FULL
gps.prod-mnr-azure.prod.canonical.eligibility.individual.v3,*,prod-kafka-ebaasenc-mnr-azure-beam,,,32,cleanup.policy=compact:delete.retention.ms=1814400000,steve.banks@optum.com:michael_cain@optum.com,sbanks34:mcain13,FULL
gps.prod-mnr-azure.prod.canonical.eligibility.insured-plan-joined.v3,*,prod-kafka-ebaasenc-mnr-azure-beam,,,32,cleanup.policy=compact:delete.retention.ms=1814400000,steve.banks@optum.com:michael_cain@optum.com,sbanks34:mcain13,FULL
gps.prod-mnr-azure.prod.canonical.eligibility.membership.v3,*,prod-kafka-ebaasenc-mnr-azure-beam,,,32,cleanup.policy=compact:delete.retention.ms=1814400000,steve.banks@optum.com:michael_cain@optum.com,sbanks34:mcain13,FULL
gps.prod-mnr-azure.prod.canonical.eligibility.plan.v3,*,prod-kafka-ebaasenc-mnr-azure-beam,*,core-api-platform-loader-prod,32,cleanup.policy=compact:delete.retention.ms=1814400000,steve.banks@optum.com:michael_cain@optum.com:scott_strzynski@optum.com:dave.reines@optum.com:mitchell.f.borman@optum.com:kevin_schultz@optum.com,sbanks34:mcain13:sstrzyns:dreines:mborman1:kschul16,FULL
gps.prod-mnr-azure.prod.canonical.eligibility.preference.v3,*,prod-kafka-ebaasenc-mnr-azure-beam,*,core-api-platform-loader-prod,32,cleanup.policy=compact:delete.retention.ms=1814400000,steve.banks@optum.com:michael_cain@optum.com:scott_strzynski@optum.com:dave.reines@optum.com:mitchell.f.borman@optum.com:kevin_schultz@optum.com,sbanks34:mcain13:sstrzyns:dreines:mborman1:kschul16,FULL
gps.prod-mnr-azure.prod.canonical.eligibility.provider-selection.v3,*,prod-kafka-ebaasenc-mnr-azure-beam,*,core-api-platform-loader-prod,32,cleanup.policy=compact:delete.retention.ms=1814400000,steve.banks@optum.com:michael_cain@optum.com:scott_strzynski@optum.com:dave.reines@optum.com:mitchell.f.borman@optum.com:kevin_schultz@optum.com,sbanks34:mcain13:sstrzyns:dreines:mborman1:kschul16,FULL
gps.prod-mnr-azure.prod.canonical.eligibility.region-key-change.v3,*,prod-kafka-ebaasenc-mnr-azure-beam,,,32,cleanup.policy=compact:delete.retention.ms=1814400000,steve.banks@optum.com:michael_cain@optum.com,sbanks34:mcain13,FULL
gps.prod-mnr-azure.prod.canonical.eligibility.region-plan.v3,*,prod-kafka-ebaasenc-mnr-azure-beam,,,32,cleanup.policy=compact:delete.retention.ms=1814400000,steve.banks@optum.com:michael_cain@optum.com,sbanks34:mcain13,FULL
gps.prod-mnr-azure.prod.canonical.eligibility.region-plan-joined.v3,*,prod-kafka-ebaasenc-mnr-azure-beam,,,32,cleanup.policy=compact:delete.retention.ms=1814400000,steve.banks@optum.com:michael_cain@optum.com,sbanks34:mcain13,FULL
gps.prod-mnr-azure.prod.canonical.eligibility.source-individual.v3,*,prod-kafka-ebaasenc-mnr-azure-beam,,,32,cleanup.policy=compact:delete.retention.ms=1814400000,steve.banks@optum.com:michael_cain@optum.com,sbanks34:mcain13,FULL
maps.prod-mnr-azure.prod.canonical.product.benefit.v1,*,prod-kafka-ebaasenc-mnr-azure-beam,,,32,cleanup.policy=compact:delete.retention.ms=1814400000,steve.banks@optum.com:michael_cain@optum.com,sbanks34:mcain13,FULL
maps.prod-mnr-azure.prod.canonical.product.contact-joined-group.v1,*,prod-kafka-ebaasenc-mnr-azure-beam,,,32,cleanup.policy=compact:delete.retention.ms=1814400000,steve.banks@optum.com:michael_cain@optum.com,sbanks34:mcain13,FULL
maps.prod-mnr-azure.prod.canonical.product.contact-joined-plan.v1,*,prod-kafka-ebaasenc-mnr-azure-beam,,,32,cleanup.policy=compact:delete.retention.ms=1814400000,steve.banks@optum.com:michael_cain@optum.com,sbanks34:mcain13,FULL
maps.prod-mnr-azure.prod.canonical.product.final-benefit.v1,*,prod-kafka-ebaasenc-mnr-azure-beam,,,32,cleanup.policy=compact:delete.retention.ms=1814400000,steve.banks@optum.com:michael_cain@optum.com,sbanks34:mcain13,FULL
maps.prod-mnr-azure.prod.canonical.product.final-group.v1,*,prod-kafka-ebaasenc-mnr-azure-beam,,,32,cleanup.policy=compact:delete.retention.ms=1814400000,steve.banks@optum.com:michael_cain@optum.com,sbanks34:mcain13,FULL
maps.prod-mnr-azure.prod.canonical.product.final-plan.v1,*,prod-kafka-ebaasenc-mnr-azure-beam,,,32,cleanup.policy=compact:delete.retention.ms=1814400000,steve.banks@optum.com:michael_cain@optum.com,sbanks34:mcain13,FULL
maps.prod-mnr-azure.prod.canonical.product.final-plan-private.v1,*,prod-kafka-ebaasenc-mnr-azure-beam,,,32,cleanup.policy=compact:delete.retention.ms=1814400000,steve.banks@optum.com:michael_cain@optum.com,sbanks34:mcain13,FULL
maps.prod-mnr-azure.prod.canonical.product.full-medical-benefit-detail.v1,*,prod-kafka-ebaasenc-mnr-azure-beam,,,32,cleanup.policy=compact:delete.retention.ms=1814400000,steve.banks@optum.com:michael_cain@optum.com,sbanks34:mcain13,FULL
maps.prod-mnr-azure.prod.canonical.product.group.v1,*,prod-kafka-ebaasenc-mnr-azure-beam,,,32,cleanup.policy=compact:delete.retention.ms=1814400000,steve.banks@optum.com:michael_cain@optum.com,sbanks34:mcain13,FULL
maps.prod-mnr-azure.prod.canonical.product.group-county.v1,*,prod-kafka-ebaasenc-mnr-azure-beam,,,32,cleanup.policy=compact:delete.retention.ms=1814400000,steve.banks@optum.com:michael_cain@optum.com,sbanks34:mcain13,FULL
maps.prod-mnr-azure.prod.canonical.product.group-region-joined.v1,*,prod-kafka-ebaasenc-mnr-azure-beam,,,32,cleanup.policy=compact:delete.retention.ms=1814400000,steve.banks@optum.com:michael_cain@optum.com,sbanks34:mcain13,FULL
maps.prod-mnr-azure.prod.canonical.product.package-type-by-pharmacy-package-joined.v1,*,prod-kafka-ebaasenc-mnr-azure-beam,,,32,cleanup.policy=compact:delete.retention.ms=1814400000,steve.banks@optum.com:michael_cain@optum.com,sbanks34:mcain13,FULL
maps.prod-mnr-azure.prod.canonical.product.pharmacy-benefit-detail-joined.v1,*,prod-kafka-ebaasenc-mnr-azure-beam,,,32,cleanup.policy=compact:delete.retention.ms=1814400000,steve.banks@optum.com:michael_cain@optum.com,sbanks34:mcain13,FULL
maps.prod-mnr-azure.prod.canonical.product.plan.v1,*,prod-kafka-ebaasenc-mnr-azure-beam,,,32,cleanup.policy=compact:delete.retention.ms=1814400000,steve.banks@optum.com:michael_cain@optum.com,sbanks34:mcain13,FULL
maps.prod-mnr-azure.prod.canonical.product.plan-county.v1,*,prod-kafka-ebaasenc-mnr-azure-beam,,,32,cleanup.policy=compact:delete.retention.ms=1814400000,steve.banks@optum.com:michael_cain@optum.com,sbanks34:mcain13,FULL
maps.prod-mnr-azure.prod.canonical.product.plan-region-shared.v1,*,prod-kafka-ebaasenc-mnr-azure-beam,,,32,cleanup.policy=compact:delete.retention.ms=1814400000,steve.banks@optum.com:michael_cain@optum.com,sbanks34:mcain13,FULL
maps.prod-mnr-azure.prod.canonical.product.policy-joined.v1,*,prod-kafka-ebaasenc-mnr-azure-beam,,,32,cleanup.policy=compact:delete.retention.ms=1814400000,steve.banks@optum.com:michael_cain@optum.com,sbanks34:mcain13,FULL
