topic,producer-hosts,producer-cn,consumer-hosts,consumer-cn,partitions,config,email,ms-id,compatibility
kaas.prod.ctc.peoples.canonical.claims.dental.claim-service-line.v2,*,beam-mandr,*,ocg-covid-19,8,cleanup.policy=compact:delete.retention.ms=1209600000:compression.type=gzip:max.compaction.lag.ms=86400000,steve.banks@optum.com:michael_cain@optum.com,sbanks34:mcain13,FULL
kaas.prod.ctc.peoples.canonical.claims.dental.claim-transaction.v2,*,beam-mandr,*,ocg-covid-19,8,cleanup.policy=compact:delete.retention.ms=1209600000:compression.type=gzip:max.compaction.lag.ms=86400000,steve.banks@optum.com:michael_cain@optum.com,sbanks34:mcain13,FULL
kaas.prod.ctc.peoples.canonical.claims.medical.claim-other-payer.v2,*,beam-mandr,*,core-api-platform-loader-prod,2,cleanup.policy=compact:delete.retention.ms=1209600000:compression.type=gzip:max.compaction.lag.ms=86400000,steve.banks@optum.com:michael_cain@optum.com:dave.reines@optum.com:kevin_schultz@optum.com:santhosh_mukhta@optum.com:scott_strzynski@optum.com,sbanks34:mcain13:dreines:kschul16:pputta3,FULL
kaas.prod.ctc.peoples.canonical.claims.medical.claim-service-line.v2,*,beam-mandr,*:*,core-api-platform-loader-prod:ocg-covid-19,32,cleanup.policy=compact:delete.retention.ms=1209600000:compression.type=gzip:max.compaction.lag.ms=86400000,steve.banks@optum.com:michael_cain@optum.com:dave.reines@optum.com:kevin_schultz@optum.com:santhosh_mukhta@optum.com:scott_strzynski@optum.com,sbanks34:mcain13:dreines:kschul16:pputta3,FULL
kaas.prod.ctc.peoples.canonical.claims.medical.claim-service-other-payer.v2,*,beam-mandr,*,core-api-platform-loader-prod,2,cleanup.policy=compact:delete.retention.ms=1209600000:compression.type=gzip:max.compaction.lag.ms=86400000,:dave.reines@optum.com:kevin_schultz@optum.com:santhosh_mukhta@optum.com:scott_strzynski@optum.com,sbanks34:mcain13:dreines:kschul16:pputta3,FULL
kaas.prod.ctc.peoples.canonical.claims.medical.claim-transaction.v2,*:*,beam-mandr:ebaas-mandr-peoples-prod,*:*,core-api-platform-loader-prod:ocg-covid-19,16,cleanup.policy=compact:delete.retention.ms=1209600001:compression.type=gzip:max.compaction.lag.ms=86400000,steve.banks@optum.com:michael_cain@optum.com:dave.reines@optum.com:kevin_schultz@optum.com:santhosh_mukhta@optum.com:scott_strzynski@optum.com,sbanks34:mcain13:dreines:kschul16:pputta3,FULL
kaas.prod.ctc.peoples.canonical.eligibility.eligibility.v3,*:*,beam-mandr:ebaas-mandr-peoples-prod,*:*,core-api-platform-loader-prod:ocg-covid-19,2,cleanup.policy=compact:delete.retention.ms=1209600001:compression.type=gzip:max.compaction.lag.ms=86400000,steve.banks@optum.com:michael_cain@optum.com,sbanks34:mcain13,FULL
kaas.prod.ctc.peoples.canonical.eligibility.membership.v3,*,beam-mandr,*:*,ebaas-mandr-peoples-prod:ocg-covid-19,2,cleanup.policy=compact:delete.retention.ms=1209600001:compression.type=gzip:max.compaction.lag.ms=86400000,steve.banks@optum.com:michael_cain@optum.com,sbanks34:mcain13,FULL
kaas.prod.ctc.peoples.canonical.eligibility.source-individual.v3,*,beam-mandr,*:*,ebaas-mandr-peoples-prod:ocg-covid-19,2,cleanup.policy=compact:delete.retention.ms=1209600001:compression.type=gzip:max.compaction.lag.ms=86400000,steve.banks@optum.com:michael_cain@optum.com,sbanks34:mcain13,FULL
kaas.prod.ctc.peoples.claim.transaction.claim-transaction,*,beam-mandr,*:*,ebaas-mandr-peoples-prod:ocg-covid-19,16,cleanup.policy=compact:delete.retention.ms=1209600001:compression.type=gzip:max.compaction.lag.ms=86400000,steve.banks@optum.com:michael_cain@optum.com,sbanks34:mcain13,FULL
kaas.prod.ctc.peoples.claim.transaction.condition-code,*,beam-mandr,*,ebaas-mandr-peoples-prod,32,cleanup.policy=compact:delete.retention.ms=1209600001:compression.type=gzip:max.compaction.lag.ms=86400000,steve.banks@optum.com:michael_cain@optum.com,sbanks34:mcain13,FULL
kaas.prod.ctc.peoples.claim.transaction.diagnosis-code,*,beam-mandr,*,ebaas-mandr-peoples-prod,32,cleanup.policy=compact:delete.retention.ms=1209600001:compression.type=gzip:max.compaction.lag.ms=86400000,steve.banks@optum.com:michael_cain@optum.com,sbanks34:mcain13,FULL
kaas.prod.ctc.peoples.claim.transaction.icd-procedure-code,*,beam-mandr,*,ebaas-mandr-peoples-prod,32,cleanup.policy=compact:delete.retention.ms=1209600001:compression.type=gzip:max.compaction.lag.ms=86400000,steve.banks@optum.com:michael_cain@optum.com,sbanks34:mcain13,FULL
kaas.prod.ctc.peoples.claim.transaction.occurrence-code,*,beam-mandr,*,ebaas-mandr-peoples-prod,32,cleanup.policy=compact:delete.retention.ms=1209600001:compression.type=gzip:max.compaction.lag.ms=86400000,steve.banks@optum.com:michael_cain@optum.com,sbanks34:mcain13,FULL
kaas.prod.ctc.peoples.claim.transaction.value-code,*,beam-mandr,*,ebaas-mandr-peoples-prod,32,cleanup.policy=compact:delete.retention.ms=1209600001:compression.type=gzip:max.compaction.lag.ms=86400000,steve.banks@optum.com:michael_cain@optum.com,sbanks34:mcain13,FULL
kaas.prod.ctc.peoples.security.consumer-role-permission,*,beam-mandr,*,core-api-platform-loader-prod,1,cleanup.policy=compact:delete.retention.ms=1209600000:compression.type=gzip:max.compaction.lag.ms=86400000,steve.banks@optum.com:michael_cain@optum.com:dave.reines@optum.com:kevin_schultz@optum.com:santhosh_mukhta@optum.com:scott_strzynski@optum.com,sbanks34:mcain13:dreines:kschul16:pputta3,FULL
kaas.prod.ctc.peoples.canonical.claims.medical.claim-other-payer.v2.topic2,*,beam-mandr,*,core-api-platform-loader-prod,2,cleanup.policy=compact:delete.retention.ms=1209600000:compression.type=gzip:max.compaction.lag.ms=86400000,steve.banks@optum.com:michael_cain@optum.com:dave.reines@optum.com:kevin_schultz@optum.com:santhosh_mukhta@optum.com:scott_strzynski@optum.com,sbanks34:mcain13:dreines:kschul16:pputta3,FULL
kaas.prod.ctc.peoples.canonical.claims.medical.claim-service-line.v2.topic2,*,beam-mandr,*:*,core-api-platform-loader-prod:ocg-covid-19,32,cleanup.policy=compact:delete.retention.ms=1209600000:compression.type=gzip:max.compaction.lag.ms=86400000,steve.banks@optum.com:michael_cain@optum.com:dave.reines@optum.com:kevin_schultz@optum.com:santhosh_mukhta@optum.com:scott_strzynski@optum.com,sbanks34:mcain13:dreines:kschul16:pputta3,FULL
kaas.prod.ctc.peoples.canonical.claims.medical.claim-service-other-payer.v2.topic2,*,beam-mandr,*,core-api-platform-loader-prod,2,cleanup.policy=compact:delete.retention.ms=1209600000:compression.type=gzip:max.compaction.lag.ms=86400000,:dave.reines@optum.com:kevin_schultz@optum.com:santhosh_mukhta@optum.com:scott_strzynski@optum.com,sbanks34:mcain13:dreines:kschul16:pputta3,FULL
kaas.prod.ctc.peoples.canonical.claims.medical.claim-transaction-standardized-attribute.v2.topic2,*:*,beam-mandr:ebaas-mandr-peoples-prod,*:*,core-api-platform-loader-prod:ocg-covid-19,16,cleanup.policy=compact:delete.retention.ms=1209600001:compression.type=gzip:max.compaction.lag.ms=86400000,steve.banks@optum.com:michael_cain@optum.com:dave.reines@optum.com:kevin_schultz@optum.com:santhosh_mukhta@optum.com:scott_strzynski@optum.com,sbanks34:mcain13:dreines:kschul16:pputta3,FULL
kaas.prod.ctc.peoples.canonical.claims.medical.claim-transaction.v2.topic2,*:*,beam-mandr:ebaas-mandr-peoples-prod,*:*,core-api-platform-loader-prod:ocg-covid-19,16,cleanup.policy=compact:delete.retention.ms=1209600001:compression.type=gzip:max.compaction.lag.ms=86400000,steve.banks@optum.com:michael_cain@optum.com:dave.reines@optum.com:kevin_schultz@optum.com:santhosh_mukhta@optum.com:scott_strzynski@optum.com,sbanks34:mcain13:dreines:kschul16:pputta3,FULL
kaas.prod.ctc.peoples.claim.transaction.claim-transaction.topic2,*,beam-mandr,*,ebaas-mandr-peoples-prod,16,cleanup.policy=compact:delete.retention.ms=1209600001:compression.type=gzip:max.compaction.lag.ms=86400000,steve.banks@optum.com:michael_cain@optum.com,sbanks34:mcain13,FULL
kaas.prod.ctc.peoples.claim.transaction.condition-code.topic2,*,beam-mandr,*,ebaas-mandr-peoples-prod,32,cleanup.policy=compact:delete.retention.ms=1209600001:compression.type=gzip:max.compaction.lag.ms=86400000,steve.banks@optum.com:michael_cain@optum.com,sbanks34:mcain13,FULL
kaas.prod.ctc.peoples.claim.transaction.diagnosis-code.topic2,*,beam-mandr,*,ebaas-mandr-peoples-prod,32,cleanup.policy=compact:delete.retention.ms=1209600001:compression.type=gzip:max.compaction.lag.ms=86400000,steve.banks@optum.com:michael_cain@optum.com,sbanks34:mcain13,FULL
kaas.prod.ctc.peoples.claim.transaction.icd-procedure-code.topic2,*,beam-mandr,*,ebaas-mandr-peoples-prod,32,cleanup.policy=compact:delete.retention.ms=1209600001:compression.type=gzip:max.compaction.lag.ms=86400000,steve.banks@optum.com:michael_cain@optum.com,sbanks34:mcain13,FULL
kaas.prod.ctc.peoples.claim.transaction.occurrence-code.topic2,*,beam-mandr,*,ebaas-mandr-peoples-prod,32,cleanup.policy=compact:delete.retention.ms=1209600001:compression.type=gzip:max.compaction.lag.ms=86400000,steve.banks@optum.com:michael_cain@optum.com,sbanks34:mcain13,FULL
kaas.prod.ctc.peoples.claim.transaction.value-code.topic2,*,beam-mandr,*,ebaas-mandr-peoples-prod,32,cleanup.policy=compact:delete.retention.ms=1209600001:compression.type=gzip:max.compaction.lag.ms=86400000,steve.banks@optum.com:michael_cain@optum.com,sbanks34:mcain13,FULL
