topic,producer-hosts,producer-cn,consumer-hosts,consumer-cn,partitions,config,email,ms-id,compatibility
kaas.prod.elr.ATTPROD.MAP.dbo.AdminFeeType,*,beam-mandr,*,ebaas-mandr-maps-prod,1,cleanup.policy=compact:delete.retention.ms=1209600001:max.compaction.lag.ms=86400000:compression.type=gzip,steve.banks@optum.com,sbanks34,FULL
kaas.prod.elr.ATTPROD.MAP.dbo.Benefit,*,beam-mandr,*,ebaas-mandr-maps-prod,2,cleanup.policy=compact:delete.retention.ms=1209600000:max.compaction.lag.ms=86400000:compression.type=gzip,steve.banks@optum.com,sbanks34,FULL
kaas.prod.elr.ATTPROD.MAP.dbo.BenefitConditionDetail,*,beam-mandr,*,ebaas-mandr-maps-prod,1,cleanup.policy=compact:delete.retention.ms=1209600000:max.compaction.lag.ms=86400000:compression.type=gzip,steve.banks@optum.com,sbanks34,FULL
kaas.prod.elr.ATTPROD.MAP.dbo.BenefitDetailType,*,beam-mandr,*,ebaas-mandr-maps-prod,1,cleanup.policy=compact:delete.retention.ms=1209600000:max.compaction.lag.ms=86400000:compression.type=gzip,steve.banks@optum.com,sbanks34,FULL
kaas.prod.elr.ATTPROD.MAP.dbo.BenefitNotes,*,beam-mandr,*,ebaas-mandr-maps-prod,1,cleanup.policy=compact:delete.retention.ms=1209600000:max.compaction.lag.ms=86400000:compression.type=gzip,steve.banks@optum.com,sbanks34,FULL
kaas.prod.elr.ATTPROD.MAP.dbo.BenefitPartD,*,beam-mandr,*,ebaas-mandr-maps-prod,1,cleanup.policy=compact:delete.retention.ms=1209600000:max.compaction.lag.ms=86400000:compression.type=gzip,steve.banks@optum.com,sbanks34,FULL
kaas.prod.elr.ATTPROD.MAP.dbo.BenefitTierType,*,beam-mandr,*,ebaas-mandr-maps-prod,1,cleanup.policy=compact:delete.retention.ms=1209600000:max.compaction.lag.ms=86400000:compression.type=gzip,steve.banks@optum.com,sbanks34,FULL
kaas.prod.elr.ATTPROD.MAP.dbo.BenefitType,*,beam-mandr,*,ebaas-mandr-maps-prod,1,cleanup.policy=compact:delete.retention.ms=1209600000:max.compaction.lag.ms=86400000:compression.type=gzip,steve.banks@optum.com,sbanks34,FULL
kaas.prod.elr.ATTPROD.MAP.dbo.BusinessSegment,*,beam-mandr,*,ebaas-mandr-maps-prod,1,cleanup.policy=compact:delete.retention.ms=1209600000:max.compaction.lag.ms=86400000:compression.type=gzip,steve.banks@optum.com,sbanks34,FULL
kaas.prod.elr.ATTPROD.MAP.dbo.ConditionType,*,beam-mandr,*,ebaas-mandr-maps-prod,1,cleanup.policy=compact:delete.retention.ms=1209600000:max.compaction.lag.ms=86400000:compression.type=gzip,steve.banks@optum.com,sbanks34,FULL
kaas.prod.elr.ATTPROD.MAP.dbo.ContactType,*,beam-mandr,*,ebaas-mandr-maps-prod,1,cleanup.policy=compact:delete.retention.ms=1209600000:max.compaction.lag.ms=86400000:compression.type=gzip,steve.banks@optum.com,sbanks34,FULL
kaas.prod.elr.ATTPROD.MAP.dbo.Contract,*,beam-mandr,*,ebaas-mandr-maps-prod,1,cleanup.policy=compact:delete.retention.ms=1209600000:max.compaction.lag.ms=86400000:compression.type=gzip,steve.banks@optum.com,sbanks34,FULL
kaas.prod.elr.ATTPROD.MAP.dbo.County,*,beam-mandr,*,ebaas-mandr-maps-prod,1,cleanup.policy=compact:delete.retention.ms=1209600000:max.compaction.lag.ms=86400000:compression.type=gzip,steve.banks@optum.com,sbanks34,FULL
kaas.prod.elr.ATTPROD.MAP.dbo.CountyZip,*,beam-mandr,*,ebaas-mandr-maps-prod,2,cleanup.policy=compact:delete.retention.ms=1209600000:max.compaction.lag.ms=86400000:compression.type=gzip,steve.banks@optum.com,sbanks34,FULL
kaas.prod.elr.ATTPROD.MAP.dbo.CoreSystemBenefit,*,beam-mandr,*,ebaas-mandr-maps-prod,1,cleanup.policy=compact:delete.retention.ms=1209600001:max.compaction.lag.ms=86400000:compression.type=gzip,steve.banks@optum.com,sbanks34,FULL
kaas.prod.elr.ATTPROD.MAP.dbo.CoreSystemPlanCode,*,beam-mandr,*,ebaas-mandr-maps-prod,1,cleanup.policy=compact:delete.retention.ms=1209600000:max.compaction.lag.ms=86400000:compression.type=gzip,steve.banks@optum.com,sbanks34,FULL
kaas.prod.elr.ATTPROD.MAP.dbo.Division,*,beam-mandr,*,ebaas-mandr-maps-prod,1,cleanup.policy=compact:delete.retention.ms=1209600001:max.compaction.lag.ms=86400000:compression.type=gzip,steve.banks@optum.com,sbanks34,FULL
kaas.prod.elr.ATTPROD.MAP.dbo.DrugType,*,beam-mandr,*,ebaas-mandr-maps-prod,1,cleanup.policy=compact:delete.retention.ms=1209600000:max.compaction.lag.ms=86400000:compression.type=gzip,steve.banks@optum.com,sbanks34,FULL
kaas.prod.elr.ATTPROD.MAP.dbo.DSNPEligibilityType,*,beam-mandr,*,ebaas-mandr-maps-prod,1,cleanup.policy=compact:delete.retention.ms=1209600000:max.compaction.lag.ms=86400000:compression.type=gzip,steve.banks@optum.com,sbanks34,FULL
kaas.prod.elr.ATTPROD.MAP.dbo.EmployerGroupContact,*,beam-mandr,*,ebaas-mandr-maps-prod,32,cleanup.policy=compact:delete.retention.ms=1209600000:max.compaction.lag.ms=86400000:compression.type=gzip,steve.banks@optum.com,sbanks34,FULL
kaas.prod.elr.ATTPROD.MAP.dbo.EmployerGroupDemographic,*,beam-mandr,*,ebaas-mandr-maps-prod,2,cleanup.policy=compact:delete.retention.ms=1209600001:max.compaction.lag.ms=86400000:compression.type=gzip,steve.banks@optum.com,sbanks34,FULL
kaas.prod.elr.ATTPROD.MAP.dbo.EmployerGroupIndicators,*,beam-mandr,*,ebaas-mandr-maps-prod,1,cleanup.policy=compact:delete.retention.ms=1209600001:max.compaction.lag.ms=86400000:compression.type=gzip,steve.banks@optum.com,sbanks34,FULL
kaas.prod.elr.ATTPROD.MAP.dbo.EmployerGroupPackage,*,beam-mandr,*,ebaas-mandr-maps-prod,1,cleanup.policy=compact:delete.retention.ms=1209600001:max.compaction.lag.ms=86400000:compression.type=gzip,steve.banks@optum.com,sbanks34,FULL
kaas.prod.elr.ATTPROD.MAP.dbo.EmployerGroupPlanBenefit,*,beam-mandr,*,ebaas-mandr-maps-prod,2,cleanup.policy=compact:delete.retention.ms=1209600001:max.compaction.lag.ms=86400000:compression.type=gzip,steve.banks@optum.com,sbanks34,FULL
kaas.prod.elr.ATTPROD.MAP.dbo.FormularyType,*,beam-mandr,*,ebaas-mandr-maps-prod,1,cleanup.policy=compact:delete.retention.ms=1209600001:max.compaction.lag.ms=86400000:compression.type=gzip,steve.banks@optum.com,sbanks34,FULL
kaas.prod.elr.ATTPROD.MAP.dbo.FulfillmentType,*,beam-mandr,*,ebaas-mandr-maps-prod,1,cleanup.policy=compact:delete.retention.ms=1209600001:max.compaction.lag.ms=86400000:compression.type=gzip,steve.banks@optum.com,sbanks34,FULL
kaas.prod.elr.ATTPROD.MAP.dbo.Group,*,beam-mandr,*,ebaas-mandr-maps-prod,1,cleanup.policy=compact:delete.retention.ms=1209600001:max.compaction.lag.ms=86400000:compression.type=gzip,steve.banks@optum.com,sbanks34,FULL
kaas.prod.elr.ATTPROD.MAP.dbo.GroupAdminFee,*,beam-mandr,*,ebaas-mandr-maps-prod,1,cleanup.policy=compact:delete.retention.ms=1209600001:max.compaction.lag.ms=86400000:compression.type=gzip,steve.banks@optum.com,sbanks34,FULL
kaas.prod.elr.ATTPROD.MAP.dbo.GroupCoreSystemBenefit,*,beam-mandr,*,ebaas-mandr-maps-prod,100,cleanup.policy=compact:delete.retention.ms=1209600001:max.compaction.lag.ms=86400000:compression.type=gzip,steve.banks@optum.com,sbanks34,FULL
kaas.prod.elr.ATTPROD.MAP.dbo.GroupCounty,*,beam-mandr,*,ebaas-mandr-maps-prod,100,cleanup.policy=compact:delete.retention.ms=1209600000:max.compaction.lag.ms=86400000:compression.type=gzip,steve.banks@optum.com,sbanks34,FULL
kaas.prod.elr.ATTPROD.MAP.dbo.GroupFootnotes,*,beam-mandr,*,ebaas-mandr-maps-prod,1,cleanup.policy=compact:delete.retention.ms=1209600001:max.compaction.lag.ms=86400000:compression.type=gzip,steve.banks@optum.com,sbanks34,FULL
kaas.prod.elr.ATTPROD.MAP.dbo.GroupEnrollmentNotes,*,beam-mandr,*,ebaas-mandr-maps-prod,1,cleanup.policy=compact:delete.retention.ms=1209600001:max.compaction.lag.ms=86400000:compression.type=gzip,steve.banks@optum.com,sbanks34,FULL
kaas.prod.elr.ATTPROD.MAP.dbo.GroupRegion,*,beam-mandr,*,ebaas-mandr-maps-prod,2,cleanup.policy=compact:delete.retention.ms=1209600001:max.compaction.lag.ms=86400000:compression.type=gzip,steve.banks@optum.com,sbanks34,FULL
kaas.prod.elr.ATTPROD.MAP.dbo.GroupType,*,beam-mandr,*,ebaas-mandr-maps-prod,1,cleanup.policy=compact:delete.retention.ms=1209600001:max.compaction.lag.ms=86400000:compression.type=gzip,steve.banks@optum.com,sbanks34,FULL
kaas.prod.elr.ATTPROD.MAP.dbo.IndividualGroupContact,*,beam-mandr,*,ebaas-mandr-maps-prod,1,cleanup.policy=compact:delete.retention.ms=1209600000:max.compaction.lag.ms=86400000:compression.type=gzip,steve.banks@optum.com,sbanks34,FULL
kaas.prod.elr.ATTPROD.MAP.dbo.IndividualGroupPlan,*,beam-mandr,*,ebaas-mandr-maps-prod,1,cleanup.policy=compact:delete.retention.ms=1209600001:max.compaction.lag.ms=86400000:compression.type=gzip,steve.banks@optum.com,sbanks34,FULL
kaas.prod.elr.ATTPROD.MAP.dbo.IndividualPlanBenefit,*,beam-mandr,*,ebaas-mandr-maps-prod,1,cleanup.policy=compact:delete.retention.ms=1209600000:max.compaction.lag.ms=86400000:compression.type=gzip,steve.banks@optum.com,sbanks34,FULL
kaas.prod.elr.ATTPROD.MAP.dbo.IndividualPlanComponentCode,*,beam-mandr,*,ebaas-mandr-maps-prod,1,cleanup.policy=compact:delete.retention.ms=1209600000:max.compaction.lag.ms=86400000:compression.type=gzip,steve.banks@optum.com,sbanks34,FULL
kaas.prod.elr.ATTPROD.MAP.dbo.IndividualPlanContact,*,beam-mandr,*,ebaas-mandr-maps-prod,2,cleanup.policy=compact:delete.retention.ms=1209600000:max.compaction.lag.ms=86400000:compression.type=gzip,steve.banks@optum.com,sbanks34,FULL
kaas.prod.elr.ATTPROD.MAP.dbo.IndividualPlanDemographic,*,beam-mandr,*,ebaas-mandr-maps-prod,1,cleanup.policy=compact:delete.retention.ms=1209600000:max.compaction.lag.ms=86400000:compression.type=gzip,steve.banks@optum.com,sbanks34,FULL
kaas.prod.elr.ATTPROD.MAP.dbo.IndividualPlanPackage,*,beam-mandr,*,ebaas-mandr-maps-prod,1,cleanup.policy=compact:delete.retention.ms=1209600000:max.compaction.lag.ms=86400000:compression.type=gzip,steve.banks@optum.com,sbanks34,FULL
kaas.prod.elr.ATTPROD.MAP.dbo.IntervalNumberType,*,beam-mandr,*,ebaas-mandr-maps-prod,1,cleanup.policy=compact:delete.retention.ms=1209600000:max.compaction.lag.ms=86400000:compression.type=gzip,steve.banks@optum.com,sbanks34,FULL
kaas.prod.elr.ATTPROD.MAP.dbo.MasterGroup,*,beam-mandr,*,ebaas-mandr-maps-prod,1,cleanup.policy=compact:delete.retention.ms=1209600001:max.compaction.lag.ms=86400000:compression.type=gzip,steve.banks@optum.com,sbanks34,FULL
kaas.prod.elr.ATTPROD.MAP.dbo.MedicalBenefitDetail,*,beam-mandr,*,ebaas-mandr-maps-prod,32,cleanup.policy=compact:delete.retention.ms=1209600000:max.compaction.lag.ms=86400000:compression.type=gzip,steve.banks@optum.com,sbanks34,FULL
kaas.prod.elr.ATTPROD.MAP.dbo.MedicalBenefitDetailAdditional,*,beam-mandr,*,ebaas-mandr-maps-prod,8,cleanup.policy=compact:delete.retention.ms=1209600000:max.compaction.lag.ms=86400000:compression.type=gzip,steve.banks@optum.com,sbanks34,FULL
kaas.prod.elr.ATTPROD.MAP.dbo.MedicalBenefitDetailNotes,*,beam-mandr,*,ebaas-mandr-maps-prod,4,cleanup.policy=compact:delete.retention.ms=1209600000:max.compaction.lag.ms=86400000:compression.type=gzip,steve.banks@optum.com,sbanks34,FULL
kaas.prod.elr.ATTPROD.MAP.dbo.MedicalBenefitDetailTier,*,beam-mandr,*,ebaas-mandr-maps-prod,1,cleanup.policy=compact:delete.retention.ms=1209600000:max.compaction.lag.ms=86400000:compression.type=gzip,steve.banks@optum.com,sbanks34,FULL
kaas.prod.elr.ATTPROD.MAP.dbo.MonthPeriodType,*,beam-mandr,*,ebaas-mandr-maps-prod,1,cleanup.policy=compact:delete.retention.ms=1209600000:max.compaction.lag.ms=86400000:compression.type=gzip,steve.banks@optum.com,sbanks34,FULL
kaas.prod.elr.ATTPROD.MAP.dbo.NetworkType,*,beam-mandr,*,ebaas-mandr-maps-prod,1,cleanup.policy=compact:delete.retention.ms=1209600000:max.compaction.lag.ms=86400000:compression.type=gzip,steve.banks@optum.com,sbanks34,FULL
kaas.prod.elr.ATTPROD.MAP.dbo.PackageBenefitDetail,*,beam-mandr,*,ebaas-mandr-maps-prod,1,cleanup.policy=compact:delete.retention.ms=1209600000:max.compaction.lag.ms=86400000:compression.type=gzip,steve.banks@optum.com,sbanks34,FULL
kaas.prod.elr.ATTPROD.MAP.dbo.PackageType,*,beam-mandr,*,ebaas-mandr-maps-prod,1,cleanup.policy=compact:delete.retention.ms=1209600000:max.compaction.lag.ms=86400000:compression.type=gzip,steve.banks@optum.com,sbanks34,FULL
kaas.prod.elr.ATTPROD.MAP.dbo.PharmacyBenefitDetail,*,beam-mandr,*,ebaas-mandr-maps-prod,8,cleanup.policy=compact:delete.retention.ms=1209600000:max.compaction.lag.ms=86400000:compression.type=gzip,steve.banks@optum.com,sbanks34,FULL
kaas.prod.elr.ATTPROD.MAP.dbo.PharmacyBenefitDetailType,*,beam-mandr,*,ebaas-mandr-maps-prod,1,cleanup.policy=compact:delete.retention.ms=1209600000:max.compaction.lag.ms=86400000:compression.type=gzip,steve.banks@optum.com,sbanks34,FULL
kaas.prod.elr.ATTPROD.MAP.dbo.PharmacyBenefitNotes,*,beam-mandr,*,ebaas-mandr-maps-prod,1,cleanup.policy=compact:delete.retention.ms=1209600000:max.compaction.lag.ms=86400000:compression.type=gzip,steve.banks@optum.com,sbanks34,FULL
kaas.prod.elr.ATTPROD.MAP.dbo.PharmacyNetworkType,*,beam-mandr,*,ebaas-mandr-maps-prod,1,cleanup.policy=compact:delete.retention.ms=1209600000:max.compaction.lag.ms=86400000:compression.type=gzip,steve.banks@optum.com,sbanks34,FULL
kaas.prod.elr.ATTPROD.MAP.dbo.PharmacyPackage,*,beam-mandr,*,ebaas-mandr-maps-prod,1,cleanup.policy=compact:delete.retention.ms=1209600000:max.compaction.lag.ms=86400000:compression.type=gzip,steve.banks@optum.com,sbanks34,FULL
kaas.prod.elr.ATTPROD.MAP.dbo.PharmacyType,*,beam-mandr,*,ebaas-mandr-maps-prod,1,cleanup.policy=compact:delete.retention.ms=1209600000:max.compaction.lag.ms=86400000:compression.type=gzip,steve.banks@optum.com,sbanks34,FULL
kaas.prod.elr.ATTPROD.MAP.dbo.Plan,*,beam-mandr,*,ebaas-mandr-maps-prod,1,cleanup.policy=compact:delete.retention.ms=1209600001:max.compaction.lag.ms=86400000:compression.type=gzip,steve.banks@optum.com,sbanks34,FULL
kaas.prod.elr.ATTPROD.MAP.dbo.PlanCounty,*,beam-mandr,*,ebaas-mandr-maps-prod,32,cleanup.policy=compact:delete.retention.ms=1209600000:max.compaction.lag.ms=86400000:compression.type=gzip,steve.banks@optum.com,sbanks34,FULL
kaas.prod.elr.ATTPROD.MAP.dbo.PlanCountyPartialZip,*,beam-mandr,*,ebaas-mandr-maps-prod,1,cleanup.policy=compact:delete.retention.ms=1209600000:max.compaction.lag.ms=86400000:compression.type=gzip,steve.banks@optum.com,sbanks34,FULL
kaas.prod.elr.ATTPROD.MAP.dbo.PlanRegion,*,beam-mandr,*,ebaas-mandr-maps-prod,1,cleanup.policy=compact:delete.retention.ms=1209600000:max.compaction.lag.ms=86400000:compression.type=gzip,steve.banks@optum.com,sbanks34,FULL
kaas.prod.elr.ATTPROD.MAP.dbo.PlanProgramDetail,*,beam-mandr,*,ebaas-mandr-maps-prod,1,cleanup.policy=compact:delete.retention.ms=1209600000:max.compaction.lag.ms=86400000:compression.type=gzip,steve.banks@optum.com,sbanks34,FULL
kaas.prod.elr.ATTPROD.MAP.dbo.PlanSubCategoryType,*,beam-mandr,*,ebaas-mandr-maps-prod,1,cleanup.policy=compact:delete.retention.ms=1209600001:max.compaction.lag.ms=86400000:compression.type=gzip,steve.banks@optum.com,sbanks34,FULL
kaas.prod.elr.ATTPROD.MAP.dbo.PlanType,*,beam-mandr,*,ebaas-mandr-maps-prod,1,cleanup.policy=compact:delete.retention.ms=1209600000:max.compaction.lag.ms=86400000:compression.type=gzip,steve.banks@optum.com,sbanks34,FULL
kaas.prod.elr.ATTPROD.MAP.dbo.Policy,*,beam-mandr,*,ebaas-mandr-maps-prod,4,cleanup.policy=compact:delete.retention.ms=1209600001:max.compaction.lag.ms=86400000:compression.type=gzip,steve.banks@optum.com,sbanks34,FULL
kaas.prod.elr.ATTPROD.MAP.dbo.PolicyType,*,beam-mandr,*,ebaas-mandr-maps-prod,1,cleanup.policy=compact:delete.retention.ms=1209600001:max.compaction.lag.ms=86400000:compression.type=gzip,steve.banks@optum.com,sbanks34,FULL
kaas.prod.elr.ATTPROD.MAP.dbo.ProgramType,*,beam-mandr,*,ebaas-mandr-maps-prod,4,cleanup.policy=compact:delete.retention.ms=1209600000:max.compaction.lag.ms=86400000:compression.type=gzip,steve.banks@optum.com,sbanks34,FULL
kaas.prod.elr.ATTPROD.MAP.dbo.Region,*,beam-mandr,*,ebaas-mandr-maps-prod,1,cleanup.policy=compact:delete.retention.ms=1209600001:max.compaction.lag.ms=86400000:compression.type=gzip,steve.banks@optum.com,sbanks34,FULL
kaas.prod.elr.ATTPROD.MAP.dbo.RegionState,*,beam-mandr,*,ebaas-mandr-maps-prod,1,cleanup.policy=compact:delete.retention.ms=1209600001:max.compaction.lag.ms=86400000:compression.type=gzip,steve.banks@optum.com,sbanks34,FULL
kaas.prod.elr.ATTPROD.MAP.dbo.SNPSubType,*,beam-mandr,*,ebaas-mandr-maps-prod,1,cleanup.policy=compact:delete.retention.ms=1209600000:max.compaction.lag.ms=86400000:compression.type=gzip,steve.banks@optum.com,sbanks34,FULL
kaas.prod.elr.ATTPROD.MAP.dbo.SNPType,*,beam-mandr,*,ebaas-mandr-maps-prod,1,cleanup.policy=compact:delete.retention.ms=1209600000:max.compaction.lag.ms=86400000:compression.type=gzip,steve.banks@optum.com,sbanks34,FULL
kaas.prod.elr.ATTPROD.MAP.dbo.SourceSystem,*,beam-mandr,*,ebaas-mandr-maps-prod,1,cleanup.policy=compact:delete.retention.ms=1209600000:max.compaction.lag.ms=86400000:compression.type=gzip,steve.banks@optum.com,sbanks34,FULL
kaas.prod.elr.ATTPROD.MAP.dbo.State,*,beam-mandr,*,ebaas-mandr-maps-prod,1,cleanup.policy=compact:delete.retention.ms=1209600001:max.compaction.lag.ms=86400000:compression.type=gzip,steve.banks@optum.com,sbanks34,FULL
kaas.prod.elr.ATTPROD.MAP.dbo.Tier,*,beam-mandr,*,ebaas-mandr-maps-prod,1,cleanup.policy=compact:delete.retention.ms=1209600000:max.compaction.lag.ms=86400000:compression.type=gzip,steve.banks@optum.com,sbanks34,FULL
kaas.prod.elr.ATTPROD.MAP.dbo.Zip,*,beam-mandr,*,ebaas-mandr-maps-prod,1,cleanup.policy=compact:delete.retention.ms=1209600000:max.compaction.lag.ms=86400000:compression.type=gzip,steve.banks@optum.com,sbanks34,FULL
kaas.prod.elr.attunity.ATTPROD.MAP.dbo.AdminFeeType,*,beam-mandr,*,ebaas-mandr-maps-prod,1,cleanup.policy=compact:delete.retention.ms=1209600000:max.compaction.lag.ms=86400000:compression.type=gzip,steve.banks@optum.com,sbanks34,FULL
kaas.prod.elr.attunity.ATTPROD.MAP.dbo.Benefit,*,beam-mandr,*,ebaas-mandr-maps-prod,2,cleanup.policy=compact:delete.retention.ms=1209600000:max.compaction.lag.ms=86400000:compression.type=gzip,steve.banks@optum.com,sbanks34,FULL
kaas.prod.elr.attunity.ATTPROD.MAP.dbo.BenefitConditionDetail,*,beam-mandr,*,ebaas-mandr-maps-prod,1,cleanup.policy=compact:delete.retention.ms=1209600000:max.compaction.lag.ms=86400000:compression.type=gzip,steve.banks@optum.com,sbanks34,FULL
kaas.prod.elr.attunity.ATTPROD.MAP.dbo.BenefitDetailType,*,beam-mandr,*,ebaas-mandr-maps-prod,1,cleanup.policy=compact:delete.retention.ms=1209600000:max.compaction.lag.ms=86400000:compression.type=gzip,steve.banks@optum.com,sbanks34,FULL
kaas.prod.elr.attunity.ATTPROD.MAP.dbo.BenefitNotes,*,beam-mandr,*,ebaas-mandr-maps-prod,1,cleanup.policy=compact:delete.retention.ms=1209600000:max.compaction.lag.ms=86400000:compression.type=gzip,steve.banks@optum.com,sbanks34,FULL
kaas.prod.elr.attunity.ATTPROD.MAP.dbo.BenefitPartD,*,beam-mandr,*,ebaas-mandr-maps-prod,1,cleanup.policy=compact:delete.retention.ms=1209600000:max.compaction.lag.ms=86400000:compression.type=gzip,steve.banks@optum.com,sbanks34,FULL
kaas.prod.elr.attunity.ATTPROD.MAP.dbo.BenefitTierType,*,beam-mandr,*,ebaas-mandr-maps-prod,1,cleanup.policy=compact:delete.retention.ms=1209600000:max.compaction.lag.ms=86400000:compression.type=gzip,steve.banks@optum.com,sbanks34,FULL
kaas.prod.elr.attunity.ATTPROD.MAP.dbo.BenefitType,*,beam-mandr,*,ebaas-mandr-maps-prod,1,cleanup.policy=compact:delete.retention.ms=1209600000:max.compaction.lag.ms=86400000:compression.type=gzip,steve.banks@optum.com,sbanks34,FULL
kaas.prod.elr.attunity.ATTPROD.MAP.dbo.BusinessSegment,*,beam-mandr,*,ebaas-mandr-maps-prod,1,cleanup.policy=compact:delete.retention.ms=1209600000:max.compaction.lag.ms=86400000:compression.type=gzip,steve.banks@optum.com,sbanks34,FULL
kaas.prod.elr.attunity.ATTPROD.MAP.dbo.ConditionType,*,beam-mandr,*,ebaas-mandr-maps-prod,1,cleanup.policy=compact:delete.retention.ms=1209600000:max.compaction.lag.ms=86400000:compression.type=gzip,steve.banks@optum.com,sbanks34,FULL
kaas.prod.elr.attunity.ATTPROD.MAP.dbo.ContactType,*,beam-mandr,*,ebaas-mandr-maps-prod,1,cleanup.policy=compact:delete.retention.ms=1209600000:max.compaction.lag.ms=86400000:compression.type=gzip,steve.banks@optum.com,sbanks34,FULL
kaas.prod.elr.attunity.ATTPROD.MAP.dbo.Contract,*,beam-mandr,*,ebaas-mandr-maps-prod,1,cleanup.policy=compact:delete.retention.ms=1209600000:max.compaction.lag.ms=86400000:compression.type=gzip,steve.banks@optum.com,sbanks34,FULL
kaas.prod.elr.attunity.ATTPROD.MAP.dbo.County,*,beam-mandr,*,ebaas-mandr-maps-prod,1,cleanup.policy=compact:delete.retention.ms=1209600000:max.compaction.lag.ms=86400000:compression.type=gzip,steve.banks@optum.com,sbanks34,FULL
kaas.prod.elr.attunity.ATTPROD.MAP.dbo.CountyZip,*,beam-mandr,*,ebaas-mandr-maps-prod,2,cleanup.policy=compact:delete.retention.ms=1209600000:max.compaction.lag.ms=86400000:compression.type=gzip,steve.banks@optum.com,sbanks34,FULL
kaas.prod.elr.attunity.ATTPROD.MAP.dbo.CoreSystemBenefit,*,beam-mandr,*,ebaas-mandr-maps-prod,1,cleanup.policy=compact:delete.retention.ms=1209600000:max.compaction.lag.ms=86400000:compression.type=gzip,steve.banks@optum.com,sbanks34,FULL
kaas.prod.elr.attunity.ATTPROD.MAP.dbo.CoreSystemPlanCode,*,beam-mandr,*,ebaas-mandr-maps-prod,1,cleanup.policy=compact:delete.retention.ms=1209600000:max.compaction.lag.ms=86400000:compression.type=gzip,steve.banks@optum.com,sbanks34,FULL
kaas.prod.elr.attunity.ATTPROD.MAP.dbo.Division,*,beam-mandr,*,ebaas-mandr-maps-prod,1,cleanup.policy=compact:delete.retention.ms=1209600000:max.compaction.lag.ms=86400000:compression.type=gzip,steve.banks@optum.com,sbanks34,FULL
kaas.prod.elr.attunity.ATTPROD.MAP.dbo.DrugType,*,beam-mandr,*,ebaas-mandr-maps-prod,1,cleanup.policy=compact:delete.retention.ms=1209600000:max.compaction.lag.ms=86400000:compression.type=gzip,steve.banks@optum.com,sbanks34,FULL
kaas.prod.elr.attunity.ATTPROD.MAP.dbo.DSNPEligibilityType,*,beam-mandr,*,ebaas-mandr-maps-prod,1,cleanup.policy=compact:delete.retention.ms=1209600000:max.compaction.lag.ms=86400000:compression.type=gzip,steve.banks@optum.com,sbanks34,FULL
kaas.prod.elr.attunity.ATTPROD.MAP.dbo.EmployerGroupContact,*,beam-mandr,*,ebaas-mandr-maps-prod,32,cleanup.policy=compact:delete.retention.ms=1209600000:max.compaction.lag.ms=86400000:compression.type=gzip,steve.banks@optum.com,sbanks34,FULL
kaas.prod.elr.attunity.ATTPROD.MAP.dbo.EmployerGroupDemographic,*,beam-mandr,*,ebaas-mandr-maps-prod,2,cleanup.policy=compact:delete.retention.ms=1209600000:max.compaction.lag.ms=86400000:compression.type=gzip,steve.banks@optum.com,sbanks34,FULL
kaas.prod.elr.attunity.ATTPROD.MAP.dbo.EmployerGroupIndicators,*,beam-mandr,*,ebaas-mandr-maps-prod,1,cleanup.policy=compact:delete.retention.ms=1209600000:max.compaction.lag.ms=86400000:compression.type=gzip,steve.banks@optum.com,sbanks34,FULL
kaas.prod.elr.attunity.ATTPROD.MAP.dbo.EmployerGroupPackage,*,beam-mandr,*,ebaas-mandr-maps-prod,1,cleanup.policy=compact:delete.retention.ms=1209600000:max.compaction.lag.ms=86400000:compression.type=gzip,steve.banks@optum.com,sbanks34,FULL
kaas.prod.elr.attunity.ATTPROD.MAP.dbo.EmployerGroupPlanBenefit,*,beam-mandr,*,ebaas-mandr-maps-prod,2,cleanup.policy=compact:delete.retention.ms=1209600000:max.compaction.lag.ms=86400000:compression.type=gzip,steve.banks@optum.com,sbanks34,FULL
kaas.prod.elr.attunity.ATTPROD.MAP.dbo.FormularyType,*,beam-mandr,*,ebaas-mandr-maps-prod,1,cleanup.policy=compact:delete.retention.ms=1209600000:max.compaction.lag.ms=86400000:compression.type=gzip,steve.banks@optum.com,sbanks34,FULL
kaas.prod.elr.attunity.ATTPROD.MAP.dbo.FulfillmentType,*,beam-mandr,*,ebaas-mandr-maps-prod,1,cleanup.policy=compact:delete.retention.ms=1209600000:max.compaction.lag.ms=86400000:compression.type=gzip,steve.banks@optum.com,sbanks34,FULL
kaas.prod.elr.attunity.ATTPROD.MAP.dbo.Group,*,beam-mandr,*,ebaas-mandr-maps-prod,1,cleanup.policy=compact:delete.retention.ms=1209600000:max.compaction.lag.ms=86400000:compression.type=gzip,steve.banks@optum.com,sbanks34,FULL
kaas.prod.elr.attunity.ATTPROD.MAP.dbo.GroupAdminFee,*,beam-mandr,*,ebaas-mandr-maps-prod,1,cleanup.policy=compact:delete.retention.ms=1209600000:max.compaction.lag.ms=86400000:compression.type=gzip,steve.banks@optum.com,sbanks34,FULL
kaas.prod.elr.attunity.ATTPROD.MAP.dbo.GroupCoreSystemBenefit,*,beam-mandr,*,ebaas-mandr-maps-prod,100,cleanup.policy=compact:delete.retention.ms=1209600000:max.compaction.lag.ms=86400000:compression.type=gzip,steve.banks@optum.com,sbanks34,FULL
kaas.prod.elr.attunity.ATTPROD.MAP.dbo.GroupCounty,*,beam-mandr,*,ebaas-mandr-maps-prod,100,cleanup.policy=compact:delete.retention.ms=1209600000:max.compaction.lag.ms=86400000:compression.type=gzip,steve.banks@optum.com,sbanks34,FULL
kaas.prod.elr.attunity.ATTPROD.MAP.dbo.GroupFootnotes,*,beam-mandr,*,ebaas-mandr-maps-prod,1,cleanup.policy=compact:delete.retention.ms=1209600000:max.compaction.lag.ms=86400000:compression.type=gzip,steve.banks@optum.com,sbanks34,FULL
kaas.prod.elr.attunity.ATTPROD.MAP.dbo.GroupEnrollmentNotes,*,beam-mandr,*,ebaas-mandr-maps-prod,1,cleanup.policy=compact:delete.retention.ms=1209600000:max.compaction.lag.ms=86400000:compression.type=gzip,steve.banks@optum.com,sbanks34,FULL
kaas.prod.elr.attunity.ATTPROD.MAP.dbo.GroupRegion,*,beam-mandr,*,ebaas-mandr-maps-prod,2,cleanup.policy=compact:delete.retention.ms=1209600000:max.compaction.lag.ms=86400000:compression.type=gzip,steve.banks@optum.com,sbanks34,FULL
kaas.prod.elr.attunity.ATTPROD.MAP.dbo.GroupType,*,beam-mandr,*,ebaas-mandr-maps-prod,1,cleanup.policy=compact:delete.retention.ms=1209600000:max.compaction.lag.ms=86400000:compression.type=gzip,steve.banks@optum.com,sbanks34,FULL
kaas.prod.elr.attunity.ATTPROD.MAP.dbo.IndividualGroupContact,*,beam-mandr,*,ebaas-mandr-maps-prod,1,cleanup.policy=compact:delete.retention.ms=1209600000:max.compaction.lag.ms=86400000:compression.type=gzip,steve.banks@optum.com,sbanks34,FULL
kaas.prod.elr.attunity.ATTPROD.MAP.dbo.IndividualGroupPlan,*,beam-mandr,*,ebaas-mandr-maps-prod,1,cleanup.policy=compact:delete.retention.ms=1209600000:max.compaction.lag.ms=86400000:compression.type=gzip,steve.banks@optum.com,sbanks34,FULL
kaas.prod.elr.attunity.ATTPROD.MAP.dbo.IndividualPlanBenefit,*,beam-mandr,*,ebaas-mandr-maps-prod,1,cleanup.policy=compact:delete.retention.ms=1209600000:max.compaction.lag.ms=86400000:compression.type=gzip,steve.banks@optum.com,sbanks34,FULL
kaas.prod.elr.attunity.ATTPROD.MAP.dbo.IndividualPlanComponentCode,*,beam-mandr,*,ebaas-mandr-maps-prod,1,cleanup.policy=compact:delete.retention.ms=1209600000:max.compaction.lag.ms=86400000:compression.type=gzip,steve.banks@optum.com,sbanks34,FULL
kaas.prod.elr.attunity.ATTPROD.MAP.dbo.IndividualPlanContact,*,beam-mandr,*,ebaas-mandr-maps-prod,2,cleanup.policy=compact:delete.retention.ms=1209600000:max.compaction.lag.ms=86400000:compression.type=gzip,steve.banks@optum.com,sbanks34,FULL
kaas.prod.elr.attunity.ATTPROD.MAP.dbo.IndividualPlanDemographic,*,beam-mandr,*,ebaas-mandr-maps-prod,1,cleanup.policy=compact:delete.retention.ms=1209600000:max.compaction.lag.ms=86400000:compression.type=gzip,steve.banks@optum.com,sbanks34,FULL
kaas.prod.elr.attunity.ATTPROD.MAP.dbo.IndividualPlanPackage,*,beam-mandr,*,ebaas-mandr-maps-prod,1,cleanup.policy=compact:delete.retention.ms=1209600000:max.compaction.lag.ms=86400000:compression.type=gzip,steve.banks@optum.com,sbanks34,FULL
kaas.prod.elr.attunity.ATTPROD.MAP.dbo.IntervalNumberType,*,beam-mandr,*,ebaas-mandr-maps-prod,1,cleanup.policy=compact:delete.retention.ms=1209600000:max.compaction.lag.ms=86400000:compression.type=gzip,steve.banks@optum.com,sbanks34,FULL
kaas.prod.elr.attunity.ATTPROD.MAP.dbo.MasterGroup,*,beam-mandr,*,ebaas-mandr-maps-prod,1,cleanup.policy=compact:delete.retention.ms=1209600000:max.compaction.lag.ms=86400000:compression.type=gzip,steve.banks@optum.com,sbanks34,FULL
kaas.prod.elr.attunity.ATTPROD.MAP.dbo.MedicalBenefitDetail,*,beam-mandr,*,ebaas-mandr-maps-prod,32,cleanup.policy=compact:delete.retention.ms=1209600000:max.compaction.lag.ms=86400000:compression.type=gzip,steve.banks@optum.com,sbanks34,FULL
kaas.prod.elr.attunity.ATTPROD.MAP.dbo.MedicalBenefitDetailAdditional,*,beam-mandr,*,ebaas-mandr-maps-prod,8,cleanup.policy=compact:delete.retention.ms=1209600000:max.compaction.lag.ms=86400000:compression.type=gzip,steve.banks@optum.com,sbanks34,FULL
kaas.prod.elr.attunity.ATTPROD.MAP.dbo.MedicalBenefitDetailNotes,*,beam-mandr,*,ebaas-mandr-maps-prod,4,cleanup.policy=compact:delete.retention.ms=1209600000:max.compaction.lag.ms=86400000:compression.type=gzip,steve.banks@optum.com,sbanks34,FULL
kaas.prod.elr.attunity.ATTPROD.MAP.dbo.MedicalBenefitDetailTier,*,beam-mandr,*,ebaas-mandr-maps-prod,1,cleanup.policy=compact:delete.retention.ms=1209600000:max.compaction.lag.ms=86400000:compression.type=gzip,steve.banks@optum.com,sbanks34,FULL
kaas.prod.elr.attunity.ATTPROD.MAP.dbo.MonthPeriodType,*,beam-mandr,*,ebaas-mandr-maps-prod,1,cleanup.policy=compact:delete.retention.ms=1209600000:max.compaction.lag.ms=86400000:compression.type=gzip,steve.banks@optum.com,sbanks34,FULL
kaas.prod.elr.attunity.ATTPROD.MAP.dbo.NetworkType,*,beam-mandr,*,ebaas-mandr-maps-prod,1,cleanup.policy=compact:delete.retention.ms=1209600000:max.compaction.lag.ms=86400000:compression.type=gzip,steve.banks@optum.com,sbanks34,FULL
kaas.prod.elr.attunity.ATTPROD.MAP.dbo.PackageBenefitDetail,*,beam-mandr,*,ebaas-mandr-maps-prod,1,cleanup.policy=compact:delete.retention.ms=1209600000:max.compaction.lag.ms=86400000:compression.type=gzip,steve.banks@optum.com,sbanks34,FULL
kaas.prod.elr.attunity.ATTPROD.MAP.dbo.PackageType,*,beam-mandr,*,ebaas-mandr-maps-prod,1,cleanup.policy=compact:delete.retention.ms=1209600000:max.compaction.lag.ms=86400000:compression.type=gzip,steve.banks@optum.com,sbanks34,FULL
kaas.prod.elr.attunity.ATTPROD.MAP.dbo.PharmacyBenefitDetail,*,beam-mandr,*,ebaas-mandr-maps-prod,8,cleanup.policy=compact:delete.retention.ms=1209600000:max.compaction.lag.ms=86400000:compression.type=gzip,steve.banks@optum.com,sbanks34,FULL
kaas.prod.elr.attunity.ATTPROD.MAP.dbo.PharmacyBenefitDetailType,*,beam-mandr,*,ebaas-mandr-maps-prod,1,cleanup.policy=compact:delete.retention.ms=1209600000:max.compaction.lag.ms=86400000:compression.type=gzip,steve.banks@optum.com,sbanks34,FULL
kaas.prod.elr.attunity.ATTPROD.MAP.dbo.PharmacyBenefitNotes,*,beam-mandr,*,ebaas-mandr-maps-prod,1,cleanup.policy=compact:delete.retention.ms=1209600000:max.compaction.lag.ms=86400000:compression.type=gzip,steve.banks@optum.com,sbanks34,FULL
kaas.prod.elr.attunity.ATTPROD.MAP.dbo.PharmacyNetworkType,*,beam-mandr,*,ebaas-mandr-maps-prod,1,cleanup.policy=compact:delete.retention.ms=1209600000:max.compaction.lag.ms=86400000:compression.type=gzip,steve.banks@optum.com,sbanks34,FULL
kaas.prod.elr.attunity.ATTPROD.MAP.dbo.PharmacyPackage,*,beam-mandr,*,ebaas-mandr-maps-prod,1,cleanup.policy=compact:delete.retention.ms=1209600000:max.compaction.lag.ms=86400000:compression.type=gzip,steve.banks@optum.com,sbanks34,FULL
kaas.prod.elr.attunity.ATTPROD.MAP.dbo.PharmacyType,*,beam-mandr,*,ebaas-mandr-maps-prod,1,cleanup.policy=compact:delete.retention.ms=1209600000:max.compaction.lag.ms=86400000:compression.type=gzip,steve.banks@optum.com,sbanks34,FULL
kaas.prod.elr.attunity.ATTPROD.MAP.dbo.Phrasing,*,beam-mandr,*,ebaas-mandr-maps-prod,1,cleanup.policy=compact:delete.retention.ms=1209600000:max.compaction.lag.ms=86400000:compression.type=gzip,steve.banks@optum.com:ravi_perumalsamy@optum.com:rakesh_patel@optum.com,sbanks34:rperum2:rpate14,FULL
kaas.prod.elr.attunity.ATTPROD.MAP.dbo.Plan,*,beam-mandr,*,ebaas-mandr-maps-prod,1,cleanup.policy=compact:delete.retention.ms=1209600000:max.compaction.lag.ms=86400000:compression.type=gzip,steve.banks@optum.com,sbanks34,FULL
kaas.prod.elr.attunity.ATTPROD.MAP.dbo.PlanCounty,*,beam-mandr,*,ebaas-mandr-maps-prod,32,cleanup.policy=compact:delete.retention.ms=1209600000:max.compaction.lag.ms=86400000:compression.type=gzip,steve.banks@optum.com,sbanks34,FULL
kaas.prod.elr.attunity.ATTPROD.MAP.dbo.PlanCountyPartialZip,*,beam-mandr,*,ebaas-mandr-maps-prod,1,cleanup.policy=compact:delete.retention.ms=1209600000:max.compaction.lag.ms=86400000:compression.type=gzip,steve.banks@optum.com,sbanks34,FULL
kaas.prod.elr.attunity.ATTPROD.MAP.dbo.PlanRegion,*,beam-mandr,*,ebaas-mandr-maps-prod,1,cleanup.policy=compact:delete.retention.ms=1209600000:max.compaction.lag.ms=86400000:compression.type=gzip,steve.banks@optum.com,sbanks34,FULL
kaas.prod.elr.attunity.ATTPROD.MAP.dbo.PlanProgramDetail,*,beam-mandr,*,ebaas-mandr-maps-prod,1,cleanup.policy=compact:delete.retention.ms=1209600000:max.compaction.lag.ms=86400000:compression.type=gzip,steve.banks@optum.com,sbanks34,FULL
kaas.prod.elr.attunity.ATTPROD.MAP.dbo.PlanSubCategoryType,*,beam-mandr,*,ebaas-mandr-maps-prod,1,cleanup.policy=compact:delete.retention.ms=1209600000:max.compaction.lag.ms=86400000:compression.type=gzip,steve.banks@optum.com,sbanks34,FULL
kaas.prod.elr.attunity.ATTPROD.MAP.dbo.PlanType,*,beam-mandr,*,ebaas-mandr-maps-prod,1,cleanup.policy=compact:delete.retention.ms=1209600000:max.compaction.lag.ms=86400000:compression.type=gzip,steve.banks@optum.com,sbanks34,FULL
kaas.prod.elr.attunity.ATTPROD.MAP.dbo.Policy,*,beam-mandr,*,ebaas-mandr-maps-prod,4,cleanup.policy=compact:delete.retention.ms=1209600000:max.compaction.lag.ms=86400000:compression.type=gzip,steve.banks@optum.com,sbanks34,FULL
kaas.prod.elr.attunity.ATTPROD.MAP.dbo.PolicyType,*,beam-mandr,*,ebaas-mandr-maps-prod,1,cleanup.policy=compact:delete.retention.ms=1209600000:max.compaction.lag.ms=86400000:compression.type=gzip,steve.banks@optum.com,sbanks34,FULL
kaas.prod.elr.attunity.ATTPROD.MAP.dbo.ProgramType,*,beam-mandr,*,ebaas-mandr-maps-prod,4,cleanup.policy=compact:delete.retention.ms=1209600000:max.compaction.lag.ms=86400000:compression.type=gzip,steve.banks@optum.com,sbanks34,FULL
kaas.prod.elr.attunity.ATTPROD.MAP.dbo.Region,*,beam-mandr,*,ebaas-mandr-maps-prod,1,cleanup.policy=compact:delete.retention.ms=1209600000:max.compaction.lag.ms=86400000:compression.type=gzip,steve.banks@optum.com,sbanks34,FULL
kaas.prod.elr.attunity.ATTPROD.MAP.dbo.RegionState,*,beam-mandr,*,ebaas-mandr-maps-prod,1,cleanup.policy=compact:delete.retention.ms=1209600000:max.compaction.lag.ms=86400000:compression.type=gzip,steve.banks@optum.com,sbanks34,FULL
kaas.prod.elr.attunity.ATTPROD.MAP.dbo.SNPSubType,*,beam-mandr,*,ebaas-mandr-maps-prod,1,cleanup.policy=compact:delete.retention.ms=1209600000:max.compaction.lag.ms=86400000:compression.type=gzip,steve.banks@optum.com,sbanks34,FULL
kaas.prod.elr.attunity.ATTPROD.MAP.dbo.SNPType,*,beam-mandr,*,ebaas-mandr-maps-prod,1,cleanup.policy=compact:delete.retention.ms=1209600000:max.compaction.lag.ms=86400000:compression.type=gzip,steve.banks@optum.com,sbanks34,FULL
kaas.prod.elr.attunity.ATTPROD.MAP.dbo.SourceSystem,*,beam-mandr,*,ebaas-mandr-maps-prod,1,cleanup.policy=compact:delete.retention.ms=1209600000:max.compaction.lag.ms=86400000:compression.type=gzip,steve.banks@optum.com,sbanks34,FULL
kaas.prod.elr.attunity.ATTPROD.MAP.dbo.State,*,beam-mandr,*,ebaas-mandr-maps-prod,1,cleanup.policy=compact:delete.retention.ms=1209600000:max.compaction.lag.ms=86400000:compression.type=gzip,steve.banks@optum.com,sbanks34,FULL
kaas.prod.elr.attunity.ATTPROD.MAP.dbo.Tier,*,beam-mandr,*,ebaas-mandr-maps-prod,1,cleanup.policy=compact:delete.retention.ms=1209600000:max.compaction.lag.ms=86400000:compression.type=gzip,steve.banks@optum.com,sbanks34,FULL
kaas.prod.elr.attunity.ATTPROD.MAP.dbo.Zip,*,beam-mandr,*,ebaas-mandr-maps-prod,1,cleanup.policy=compact:delete.retention.ms=1209600000:max.compaction.lag.ms=86400000:compression.type=gzip,steve.banks@optum.com,sbanks34,FULL
