topic,producer-hosts,producer-cn,consumer-hosts,consumer-cn,partitions,config,email,ms-id,compatibility
kaas.prod.elr.ATTPROD.GPN.PARTD.ADDRESS_TYPE,*,beam-mandr,*,ebaas-mandr-gps-prod,2,cleanup.policy=compact:delete.retention.ms=1209600000:max.compaction.lag.ms=86400000:compression.type=gzip,steve.banks@optum.com,sbanks34,FULL
kaas.prod.elr.ATTPROD.GPN.PARTD.APPLICATION,*,beam-mandr,*,ebaas-mandr-gps-prod,32,cleanup.policy=compact:delete.retention.ms=1209600000:max.compaction.lag.ms=86400000:compression.type=gzip,steve.banks@optum.com,sbanks34,FULL
kaas.prod.elr.ATTPROD.GPN.PARTD.APPLICATION_ADDRESS,*,beam-mandr,*,ebaas-mandr-gps-prod,32,cleanup.policy=compact:delete.retention.ms=1209600000:max.compaction.lag.ms=86400000:compression.type=gzip,steve.banks@optum.com,sbanks34,FULL
kaas.prod.elr.ATTPROD.GPN.PARTD.APPLICATION_AUXILIARY_PERSON,*,beam-mandr,*,ebaas-mandr-gps-prod,16,cleanup.policy=compact:delete.retention.ms=1209600000:max.compaction.lag.ms=86400000:compression.type=gzip,steve.banks@optum.com,sbanks34,FULL
kaas.prod.elr.ATTPROD.GPN.PARTD.APPLICATION_BILLING_DETAILS,*,beam-mandr,*,ebaas-mandr-gps-prod,32,cleanup.policy=compact:delete.retention.ms=1209600000:max.compaction.lag.ms=86400000:compression.type=gzip,steve.banks@optum.com,sbanks34,FULL
kaas.prod.elr.ATTPROD.GPN.PARTD.APPLICATION_INDIVIDUAL,*,beam-mandr,*,ebaas-mandr-gps-prod,32,cleanup.policy=compact:delete.retention.ms=1209600000:max.compaction.lag.ms=86400000:compression.type=gzip,steve.banks@optum.com,sbanks34,FULL
kaas.prod.elr.ATTPROD.GPN.PARTD.APPLICATION_PROVIDER,*,beam-mandr,*,ebaas-mandr-gps-prod,2,cleanup.policy=compact:delete.retention.ms=1209600000:max.compaction.lag.ms=86400000:compression.type=gzip,steve.banks@optum.com,sbanks34,FULL
kaas.prod.elr.ATTPROD.GPN.PARTD.APPLICATION_PROVIDER_TYPE,*,beam-mandr,*,ebaas-mandr-gps-prod,2,cleanup.policy=compact:delete.retention.ms=1209600000:max.compaction.lag.ms=86400000:compression.type=gzip,steve.banks@optum.com,sbanks34,FULL
kaas.prod.elr.ATTPROD.GPN.PARTD.APPLICATION_REASON,*,beam-mandr,*,ebaas-mandr-gps-prod,4,cleanup.policy=compact:delete.retention.ms=1209600000:max.compaction.lag.ms=86400000:compression.type=gzip,steve.banks@optum.com,sbanks34,FULL
kaas.prod.elr.ATTPROD.GPN.PARTD.APPLICATION_SECONDARY_COVERAGE,*,beam-mandr,*,ebaas-mandr-gps-prod,8,cleanup.policy=compact:delete.retention.ms=1209600000:max.compaction.lag.ms=86400000:compression.type=gzip,steve.banks@optum.com,sbanks34,FULL
kaas.prod.elr.ATTPROD.GPN.PARTD.APPLICATION_SMS_COVERAGE,*,beam-mandr,*,ebaas-mandr-gps-prod,100,cleanup.policy=compact:delete.retention.ms=1209600000:max.compaction.lag.ms=86400000:compression.type=gzip,steve.banks@optum.com,sbanks34,FULL
kaas.prod.elr.ATTPROD.GPN.PARTD.APPLICATION_SMS_RESPONSE,*,beam-mandr,*,ebaas-mandr-gps-prod,32,cleanup.policy=compact:delete.retention.ms=1209600000:max.compaction.lag.ms=86400000:compression.type=gzip,steve.banks@optum.com,sbanks34,FULL
kaas.prod.elr.ATTPROD.GPN.PARTD.APPLICATION_SOURCE,*,beam-mandr,*,ebaas-mandr-gps-prod,2,cleanup.policy=compact:delete.retention.ms=1209600000:max.compaction.lag.ms=86400000:compression.type=gzip,steve.banks@optum.com,sbanks34,FULL
kaas.prod.elr.ATTPROD.GPN.PARTD.APPLICATION_STATE,*,beam-mandr,*,ebaas-mandr-gps-prod,2,cleanup.policy=compact:delete.retention.ms=1209600000:max.compaction.lag.ms=86400000:compression.type=gzip,steve.banks@optum.com,sbanks34,FULL
kaas.prod.elr.ATTPROD.GPN.PARTD.APPLICATION_WORKFLOW_HISTORY,*,beam-mandr,*,ebaas-mandr-gps-prod,100,cleanup.policy=compact:delete.retention.ms=1209600000:max.compaction.lag.ms=86400000:compression.type=gzip,steve.banks@optum.com,sbanks34,FULL
kaas.prod.elr.ATTPROD.GPN.PARTD.AUXILIARY_PERSON,*,beam-mandr,*,ebaas-mandr-gps-prod,16,cleanup.policy=compact:delete.retention.ms=1209600000:max.compaction.lag.ms=86400000:compression.type=gzip,steve.banks@optum.com,sbanks34,FULL
kaas.prod.elr.ATTPROD.GPN.PARTD.AUXILIARY_PERSON_ADDRESS,*,beam-mandr,*,ebaas-mandr-gps-prod,32,cleanup.policy=compact:delete.retention.ms=1209600000:max.compaction.lag.ms=86400000:compression.type=gzip,steve.banks@optum.com,sbanks34,FULL
kaas.prod.elr.ATTPROD.GPN.PARTD.AUXILIARY_PERSON_ROLE,*,beam-mandr,*,ebaas-mandr-gps-prod,32,cleanup.policy=compact:delete.retention.ms=1209600000:max.compaction.lag.ms=86400000:compression.type=gzip,steve.banks@optum.com,sbanks34,FULL
kaas.prod.elr.ATTPROD.GPN.PARTD.AUXILIARY_PERSON_TYPE,*,beam-mandr,*,ebaas-mandr-gps-prod,2,cleanup.policy=compact:delete.retention.ms=1209600000:max.compaction.lag.ms=86400000:compression.type=gzip,steve.banks@optum.com,sbanks34,FULL
kaas.prod.elr.ATTPROD.GPN.PARTD.BRANCH,*,beam-mandr,*,ebaas-mandr-gps-prod,2,cleanup.policy=compact:delete.retention.ms=1209600000:max.compaction.lag.ms=86400000:compression.type=gzip,steve.banks@optum.com,sbanks34,FULL
kaas.prod.elr.ATTPROD.GPN.PARTD.BRAND,*,beam-mandr,*,ebaas-mandr-gps-prod,2,cleanup.policy=compact:delete.retention.ms=1209600000:max.compaction.lag.ms=86400000:compression.type=gzip,steve.banks@optum.com,sbanks34,FULL
kaas.prod.elr.ATTPROD.GPN.PARTD.CARRIER_TYPE,*,beam-mandr,*,ebaas-mandr-gps-prod,2,cleanup.policy=compact:delete.retention.ms=1209600000:max.compaction.lag.ms=86400000:compression.type=gzip,steve.banks@optum.com,sbanks34,FULL
kaas.prod.elr.ATTPROD.GPN.PARTD.CLAIM_NUMBER_HISTORY,*,beam-mandr,*,ebaas-mandr-gps-prod,2,cleanup.policy=compact:delete.retention.ms=1209600000:max.compaction.lag.ms=86400000:compression.type=gzip,steve.banks@optum.com,sbanks34,FULL
kaas.prod.elr.ATTPROD.GPN.PARTD.CONSERVATION_REASON,*,beam-mandr,*,ebaas-mandr-gps-prod,2,cleanup.policy=compact:delete.retention.ms=1209600000:max.compaction.lag.ms=86400000:compression.type=gzip,steve.banks@optum.com,sbanks34,FULL
kaas.prod.elr.ATTPROD.GPN.PARTD.COB_SUPPLEMENTAL_CODE_TYPE,*,beam-mandr,*,ebaas-mandr-gps-prod,2,cleanup.policy=compact:delete.retention.ms=1209600000:max.compaction.lag.ms=86400000:compression.type=gzip,steve.banks@optum.com,sbanks34,FULL
kaas.prod.elr.ATTPROD.GPN.PARTD.CONTRACT,*,beam-mandr,*,ebaas-mandr-gps-prod,2,cleanup.policy=compact:delete.retention.ms=1209600000:max.compaction.lag.ms=86400000:compression.type=gzip,steve.banks@optum.com,sbanks34,FULL
kaas.prod.elr.ATTPROD.GPN.PARTD.COPAY_CATEGORY,*,beam-mandr,*,ebaas-mandr-gps-prod,2,cleanup.policy=compact:delete.retention.ms=1209600000:max.compaction.lag.ms=86400000:compression.type=gzip,steve.banks@optum.com,sbanks34,FULL
kaas.prod.elr.ATTPROD.GPN.PARTD.COUNTRY,*,beam-mandr,*,ebaas-mandr-gps-prod,2,cleanup.policy=compact:delete.retention.ms=1209600000:max.compaction.lag.ms=86400000:compression.type=gzip,steve.banks@optum.com,sbanks34,FULL
kaas.prod.elr.ATTPROD.GPN.PARTD.COUNTY,*,beam-mandr,*,ebaas-mandr-gps-prod,2,cleanup.policy=compact:delete.retention.ms=1209600000:max.compaction.lag.ms=86400000:compression.type=gzip,steve.banks@optum.com,sbanks34,FULL
kaas.prod.elr.ATTPROD.GPN.PARTD.DELIVERY_TYPE,*,beam-mandr,*,ebaas-mandr-gps-prod,2,cleanup.policy=compact:delete.retention.ms=1209600000:max.compaction.lag.ms=86400000:compression.type=gzip,steve.banks@optum.com,sbanks34,FULL
kaas.prod.elr.ATTPROD.GPN.PARTD.ELECTION_TYPE,*,beam-mandr,*,ebaas-mandr-gps-prod,2,cleanup.policy=compact:delete.retention.ms=1209600000:max.compaction.lag.ms=86400000:compression.type=gzip,steve.banks@optum.com,sbanks34,FULL
kaas.prod.elr.ATTPROD.GPN.PARTD.EMPLOYER,*,beam-mandr,*,ebaas-mandr-gps-prod,2,cleanup.policy=compact:delete.retention.ms=1209600000:max.compaction.lag.ms=86400000:compression.type=gzip,steve.banks@optum.com,sbanks34,FULL
kaas.prod.elr.ATTPROD.GPN.PARTD.EMPLOYER_ACCOUNT_TYPE,*,beam-mandr,*,ebaas-mandr-gps-prod,2,cleanup.policy=compact:delete.retention.ms=1209600000:max.compaction.lag.ms=86400000:compression.type=gzip,steve.banks@optum.com,sbanks34,FULL
kaas.prod.elr.ATTPROD.GPN.PARTD.EMPLOYER_ADDRESS,*,beam-mandr,*,ebaas-mandr-gps-prod,2,cleanup.policy=compact:delete.retention.ms=1209600000:max.compaction.lag.ms=86400000:compression.type=gzip,steve.banks@optum.com,sbanks34,FULL
kaas.prod.elr.ATTPROD.GPN.PARTD.EMPLOYER_BILL_GROUP,*,beam-mandr,*,ebaas-mandr-gps-prod,2,cleanup.policy=compact:delete.retention.ms=1209600000:max.compaction.lag.ms=86400000:compression.type=gzip,steve.banks@optum.com,sbanks34,FULL
kaas.prod.elr.ATTPROD.GPN.PARTD.EMPLOYER_BRAND,*,beam-mandr,*,ebaas-mandr-gps-prod,2,cleanup.policy=compact:delete.retention.ms=1209600000:max.compaction.lag.ms=86400000:compression.type=gzip,steve.banks@optum.com,sbanks34,FULL
kaas.prod.elr.ATTPROD.GPN.PARTD.EMPLOYER_CARRIER,*,beam-mandr,*,ebaas-mandr-gps-prod,2,cleanup.policy=compact:delete.retention.ms=1209600000:max.compaction.lag.ms=86400000:compression.type=gzip,steve.banks@optum.com,sbanks34,FULL
kaas.prod.elr.ATTPROD.GPN.PARTD.EMPLOYER_GROUP_TYPE,*,beam-mandr,*,ebaas-mandr-gps-prod,2,cleanup.policy=compact:delete.retention.ms=1209600000:max.compaction.lag.ms=86400000:compression.type=gzip,steve.banks@optum.com,sbanks34,FULL
kaas.prod.elr.ATTPROD.GPN.PARTD.EMPLOYER_HOUSEHOLD,*,beam-mandr,*,ebaas-mandr-gps-prod,32,cleanup.policy=compact:delete.retention.ms=1209600000:max.compaction.lag.ms=86400000:compression.type=gzip,steve.banks@optum.com,sbanks34,FULL
kaas.prod.elr.ATTPROD.GPN.PARTD.ENROLLMENT_SOURCE,*,beam-mandr,*,ebaas-mandr-gps-prod,2,cleanup.policy=compact:delete.retention.ms=1209600000:max.compaction.lag.ms=86400000:compression.type=gzip,steve.banks@optum.com,sbanks34,FULL
kaas.prod.elr.ATTPROD.GPN.PARTD.FORMULARY_ADDENDUM,*,beam-mandr,*,ebaas-mandr-gps-prod,2,cleanup.policy=compact:delete.retention.ms=1209600000:max.compaction.lag.ms=86400000:compression.type=gzip,steve.banks@optum.com,sbanks34,FULL
kaas.prod.elr.ATTPROD.GPN.PARTD.GROUP_BENEFIT_TYPE,*,beam-mandr,*,ebaas-mandr-gps-prod,2,cleanup.policy=compact:delete.retention.ms=1209600000:max.compaction.lag.ms=86400000:compression.type=gzip,steve.banks@optum.com,sbanks34,FULL
kaas.prod.elr.ATTPROD.GPN.PARTD.HOUSEHOLD,*,beam-mandr,*,ebaas-mandr-gps-prod,128,cleanup.policy=compact:delete.retention.ms=1209600000:max.compaction.lag.ms=86400000:compression.type=gzip,steve.banks@optum.com,sbanks34,FULL
kaas.prod.elr.ATTPROD.GPN.PARTD.HOUSEHOLD_ADDRESS,*,beam-mandr,*,ebaas-mandr-gps-prod,128,cleanup.policy=compact:delete.retention.ms=1209600000:max.compaction.lag.ms=86400000:compression.type=gzip,steve.banks@optum.com,sbanks34,FULL
kaas.prod.elr.ATTPROD.GPN.PARTD.HOUSEHOLD_MEMBER,*,beam-mandr,*,ebaas-mandr-gps-prod,128,cleanup.policy=compact:delete.retention.ms=1209600000:max.compaction.lag.ms=86400000:compression.type=gzip,steve.banks@optum.com,sbanks34,FULL
kaas.prod.elr.ATTPROD.GPN.PARTD.HOUSEHOLD_PROFILE,*,beam-mandr,*,ebaas-mandr-gps-prod,128,cleanup.policy=compact:delete.retention.ms=1209600000:max.compaction.lag.ms=86400000:compression.type=gzip,steve.banks@optum.com,sbanks34,FULL
kaas.prod.elr.ATTPROD.GPN.PARTD.HOUSEHOLD_SPECIAL_HANDLING,*,beam-mandr,*,ebaas-mandr-gps-prod,128,cleanup.policy=compact:delete.retention.ms=1209600000:max.compaction.lag.ms=86400000:compression.type=gzip,steve.banks@optum.com,sbanks34,FULL
kaas.prod.elr.ATTPROD.GPN.PARTD.INDIVIDUAL,*,beam-mandr,*,ebaas-mandr-gps-prod,128,cleanup.policy=compact:delete.retention.ms=1209600000:max.compaction.lag.ms=86400000:compression.type=gzip,steve.banks@optum.com,sbanks34,FULL
kaas.prod.elr.ATTPROD.GPN.PARTD.INDIVIDUAL_OOA_TRACKING,*,beam-mandr,*,ebaas-mandr-gps-prod,8,cleanup.policy=compact:delete.retention.ms=1209600000:max.compaction.lag.ms=86400000:compression.type=gzip,steve.banks@optum.com,sbanks34,FULL
kaas.prod.elr.ATTPROD.GPN.PARTD.INDIVIDUAL_PROFILE,*,beam-mandr,*,ebaas-mandr-gps-prod,128,cleanup.policy=compact:delete.retention.ms=1209600000:max.compaction.lag.ms=86400000:compression.type=gzip,steve.banks@optum.com,sbanks34,FULL
kaas.prod.elr.ATTPROD.GPN.PARTD.INDIVIDUAL_SECONDARY_COVERAGE,*,beam-mandr,*,ebaas-mandr-gps-prod,32,cleanup.policy=compact:delete.retention.ms=1209600000:max.compaction.lag.ms=86400000:compression.type=gzip,steve.banks@optum.com,sbanks34,FULL
kaas.prod.elr.ATTPROD.GPN.PARTD.INSURED_PLAN,*,beam-mandr,*:*:*,ebaas-mandr-cosmos-prod:ebaas-mandr-gps-prod:ebaas-mandr-nice-prod,128,cleanup.policy=compact:delete.retention.ms=1209600000:max.compaction.lag.ms=86400000:compression.type=gzip,steve.banks@optum.com,sbanks34,FULL
kaas.prod.elr.ATTPROD.GPN.PARTD.INSURED_PLAN_PROFILE,*,beam-mandr,*,ebaas-mandr-gps-prod,128,cleanup.policy=compact:delete.retention.ms=1209600000:max.compaction.lag.ms=86400000:compression.type=gzip,steve.banks@optum.com,sbanks34,FULL
kaas.prod.elr.ATTPROD.GPN.PARTD.INSURED_PLAN_PROVIDER,*,beam-mandr,*:*:*,ebaas-mandr-cosmos-prod:ebaas-mandr-gps-prod:ebaas-mandr-nice-prod,128,cleanup.policy=compact:delete.retention.ms=1209600000:max.compaction.lag.ms=86400000:compression.type=gzip,steve.banks@optum.com,sbanks34,FULL
kaas.prod.elr.ATTPROD.GPN.PARTD.LANGUAGE_PREFERENCE,*,beam-mandr,*,ebaas-mandr-gps-prod,2,cleanup.policy=compact:delete.retention.ms=1209600000:max.compaction.lag.ms=86400000:compression.type=gzip,steve.banks@optum.com,sbanks34,FULL
kaas.prod.elr.ATTPROD.GPN.PARTD.LEP_CHANGE_REASON,*,beam-mandr,*,ebaas-mandr-gps-prod,2,cleanup.policy=compact:delete.retention.ms=1209600000:max.compaction.lag.ms=86400000:compression.type=gzip,steve.banks@optum.com,sbanks34,FULL
kaas.prod.elr.ATTPROD.GPN.PARTD.LINE_OF_BUSINESS,*,beam-mandr,*,ebaas-mandr-gps-prod,2,cleanup.policy=compact:delete.retention.ms=1209600000:max.compaction.lag.ms=86400000:compression.type=gzip,steve.banks@optum.com,sbanks34,FULL
kaas.prod.elr.ATTPROD.GPN.PARTD.MATERIAL_FORMAT_TYPE,*,beam-mandr,*,ebaas-mandr-gps-prod,2,cleanup.policy=compact:delete.retention.ms=1209600000:max.compaction.lag.ms=86400000:compression.type=gzip,steve.banks@optum.com,sbanks34,FULL
kaas.prod.elr.ATTPROD.GPN.PARTD.MEMBER_DELIVERY_PREFERENCE,*,beam-mandr,*,ebaas-mandr-gps-prod,64,cleanup.policy=compact:delete.retention.ms=1209600000:max.compaction.lag.ms=86400000:compression.type=gzip,steve.banks@optum.com,sbanks34,FULL
kaas.prod.elr.ATTPROD.GPN.PARTD.MEMBERSHIP_NUMBER_SYSTEM,*,beam-mandr,*:*:*,ebaas-mandr-cosmos-prod:ebaas-mandr-gps-prod:ebaas-mandr-nice-prod,2,cleanup.policy=compact:delete.retention.ms=1209600000:max.compaction.lag.ms=86400000:compression.type=gzip,steve.banks@optum.com,sbanks34,FULL
kaas.prod.elr.ATTPROD.GPN.PARTD.PASSPORT_DETAILS,*,beam-mandr,*,ebaas-mandr-gps-prod,2,cleanup.policy=compact:delete.retention.ms=1209600000:max.compaction.lag.ms=86400000:compression.type=gzip,steve.banks@optum.com,sbanks34,FULL
kaas.prod.elr.ATTPROD.GPN.PARTD.PAYMENT_METHOD_TYPE,*,beam-mandr,*,ebaas-mandr-gps-prod,2,cleanup.policy=compact:delete.retention.ms=1209600000:max.compaction.lag.ms=86400000:compression.type=gzip,steve.banks@optum.com,sbanks34,FULL
kaas.prod.elr.ATTPROD.GPN.PARTD.PBM_SOURCE,*,beam-mandr,*,ebaas-mandr-gps-prod,2,cleanup.policy=compact:delete.retention.ms=1209600000:max.compaction.lag.ms=86400000:compression.type=gzip,steve.banks@optum.com,sbanks34,FULL
kaas.prod.elr.ATTPROD.GPN.PARTD.PLAN,*,beam-mandr,*,ebaas-mandr-gps-prod,1,cleanup.policy=compact:delete.retention.ms=1209600000:max.compaction.lag.ms=86400000:compression.type=gzip,steve.banks@optum.com,sbanks34,FULL
kaas.prod.elr.ATTPROD.GPN.PARTD.PLAN_ATTACHABILITY,*,beam-mandr,*,ebaas-mandr-gps-prod,2,cleanup.policy=compact:delete.retention.ms=1209600000:max.compaction.lag.ms=86400000:compression.type=gzip,steve.banks@optum.com,sbanks34,FULL
kaas.prod.elr.ATTPROD.GPN.PARTD.PLAN_CATEGORY,*,beam-mandr,*,ebaas-mandr-gps-prod,1,cleanup.policy=compact:delete.retention.ms=1209600000:max.compaction.lag.ms=86400000:compression.type=gzip,steve.banks@optum.com,sbanks34,FULL
kaas.prod.elr.ATTPROD.GPN.PARTD.PLAN_TYPE,*,beam-mandr,*,ebaas-mandr-gps-prod,1,cleanup.policy=compact:delete.retention.ms=1209600000:max.compaction.lag.ms=86400000:compression.type=gzip,steve.banks@optum.com,sbanks34,FULL
kaas.prod.elr.ATTPROD.GPN.PARTD.PROVIDER_TERM_REASON_TYPE,*,beam-mandr,*:*:*,ebaas-mandr-cosmos-prod:ebaas-mandr-gps-prod:ebaas-mandr-nice-prod,2,cleanup.policy=compact:delete.retention.ms=1209600000:max.compaction.lag.ms=86400000:compression.type=gzip,steve.banks@optum.com,sbanks34,FULL
kaas.prod.elr.ATTPROD.GPN.PARTD.REASON,*,beam-mandr,*,ebaas-mandr-gps-prod,2,cleanup.policy=compact:delete.retention.ms=1209600000:max.compaction.lag.ms=86400000:compression.type=gzip,steve.banks@optum.com,sbanks34,FULL
kaas.prod.elr.ATTPROD.GPN.PARTD.REGION_PLAN,*,beam-mandr,*,ebaas-mandr-gps-prod,64,cleanup.policy=compact:delete.retention.ms=1209600000:max.compaction.lag.ms=86400000:compression.type=gzip,steve.banks@optum.com,sbanks34,FULL
kaas.prod.elr.ATTPROD.GPN.PARTD.REGION_PLAN_PROFILE,*,beam-mandr,*:*:*,ebaas-mandr-cosmos-prod:ebaas-mandr-gps-prod:ebaas-mandr-nice-prod,2,cleanup.policy=compact:delete.retention.ms=1209600000:max.compaction.lag.ms=86400000:compression.type=gzip,steve.banks@optum.com,sbanks34,FULL
kaas.prod.elr.ATTPROD.GPN.PARTD.ROLE_TYPE,*,beam-mandr,*,ebaas-mandr-gps-prod,2,cleanup.policy=compact:delete.retention.ms=1209600000:max.compaction.lag.ms=86400000:compression.type=gzip,steve.banks@optum.com,sbanks34,FULL
kaas.prod.elr.ATTPROD.GPN.PARTD.SALES_INITIATIVE,*,beam-mandr,*,ebaas-mandr-gps-prod,2,cleanup.policy=compact:delete.retention.ms=1209600000:max.compaction.lag.ms=86400000:compression.type=gzip,steve.banks@optum.com,sbanks34,FULL
kaas.prod.elr.ATTPROD.GPN.PARTD.SMS_COVERAGE_TYPE,*,beam-mandr,*,ebaas-mandr-gps-prod,2,cleanup.policy=compact:delete.retention.ms=1209600000:max.compaction.lag.ms=86400000:compression.type=gzip,steve.banks@optum.com,sbanks34,FULL
kaas.prod.elr.ATTPROD.GPN.PARTD.SOURCE_SYSTEM,*,beam-mandr,*,ebaas-mandr-gps-prod,2,cleanup.policy=compact:delete.retention.ms=1209600000:max.compaction.lag.ms=86400000:compression.type=gzip,steve.banks@optum.com,sbanks34,FULL
kaas.prod.elr.ATTPROD.GPN.PARTD.SPECIAL_ELECTION_REASON,*,beam-mandr,*,ebaas-mandr-gps-prod,2,cleanup.policy=compact:delete.retention.ms=1209600000:max.compaction.lag.ms=86400000:compression.type=gzip,steve.banks@optum.com,sbanks34,FULL
kaas.prod.elr.ATTPROD.GPN.PARTD.SPECIAL_HANDLING_TYPE,*,beam-mandr,*,ebaas-mandr-gps-prod,2,cleanup.policy=compact:delete.retention.ms=1209600000:max.compaction.lag.ms=86400000:compression.type=gzip,steve.banks@optum.com,sbanks34,FULL
kaas.prod.elr.ATTPROD.GPN.PARTD.STATE,*,beam-mandr,*,ebaas-mandr-gps-prod,2,cleanup.policy=compact:delete.retention.ms=1209600000:max.compaction.lag.ms=86400000:compression.type=gzip,steve.banks@optum.com,sbanks34,FULL
kaas.prod.elr.ATTPROD.GPN.PARTD.SUBSIDIZED_INSURED_PLAN,*,beam-mandr,*,ebaas-mandr-gps-prod,64,cleanup.policy=compact:delete.retention.ms=1209600000:max.compaction.lag.ms=86400000:compression.type=gzip,steve.banks@optum.com,sbanks34,FULL
kaas.prod.elr.ATTPROD.GPN.PARTD.SUBSIDY_SOURCE_CODE,*,beam-mandr,*,ebaas-mandr-gps-prod,2,cleanup.policy=compact:delete.retention.ms=1209600000:max.compaction.lag.ms=86400000:compression.type=gzip,steve.banks@optum.com,sbanks34,FULL
kaas.prod.elr.ATTPROD.GPN.PARTD.TERMINATION_REASON,*,beam-mandr,*,ebaas-mandr-gps-prod,2,cleanup.policy=compact:delete.retention.ms=1209600000:max.compaction.lag.ms=86400000:compression.type=gzip,steve.banks@optum.com,sbanks34,FULL
kaas.prod.elr.ATTPROD.GPN.PARTD.TITLE,*,beam-mandr,*,ebaas-mandr-gps-prod,2,cleanup.policy=compact:delete.retention.ms=1209600000:max.compaction.lag.ms=86400000:compression.type=gzip,steve.banks@optum.com,sbanks34,FULL
streamit-ingestion-store-prod-elr.ATTPROD.CSF.FAC.CMC_PRPR_PROV,*,beam-mandr,*,ebaas-mandr-gps-prod,16,cleanup.policy=compact:delete.retention.ms=1209600000:max.compaction.lag.ms=86400000:compression.type=gzip,steve.banks@optum.com,sbanks34,FULL
streamit-ingestion-store-prod-elr.ATTPROD.CSF.FAC.CMC_PRAD_ADDRESS,*,beam-mandr,*,ebaas-mandr-gps-prod,32,cleanup.policy=compact:delete.retention.ms=1209600000:max.compaction.lag.ms=86400000:compression.type=gzip,steve.banks@optum.com,sbanks34,FULL
