topic,producer-hosts,producer-cn,consumer-hosts,consumer-cn,partitions,config,email,ms-id,compatibility
claas.ATTPROD.COS.D9331COS.ADJ_DATA,*,beam-mandr,*,ebaas-mandr-cosmos-prod,200,cleanup.policy=compact:delete.retention.ms=1209600001:max.compaction.lag.ms=86400000:compression.type=gzip,steve.banks@optum.com,sbanks34,FULL
claas.ATTPROD.COS.D9331COS.AUTHORIZE,*,beam-mandr,*,ebaas-mandr-cosmos-prod,100,cleanup.policy=compact:delete.retention.ms=1209600001:max.compaction.lag.ms=86400000:compression.type=gzip,steve.banks@optum.com,sbanks34,FULL
claas.ATTPROD.COS.D9331COS.BAE_DATA,*,beam-mandr,*,ebaas-mandr-cosmos-prod,64,cleanup.policy=compact:delete.retention.ms=1209600001:max.compaction.lag.ms=86400000:compression.type=gzip,steve.banks@optum.com,sbanks34,FULL
claas.ATTPROD.COS.D9331COS.BBD_DATA,*,beam-mandr,*,ebaas-mandr-cosmos-prod,300,cleanup.policy=compact:delete.retention.ms=1209600001:max.compaction.lag.ms=86400000:compression.type=gzip,steve.banks@optum.com,sbanks34,FULL
claas.ATTPROD.COS.D9331COS.BUN_DATA,*,beam-mandr,*,ebaas-mandr-cosmos-prod,64,cleanup.policy=compact:delete.retention.ms=1209600001:max.compaction.lag.ms=86400000:compression.type=gzip,steve.banks@optum.com,sbanks34,FULL
claas.ATTPROD.COS.D9331COS.CAD_DATA,*,beam-mandr,*,ebaas-mandr-cosmos-prod,64,cleanup.policy=compact:delete.retention.ms=1209600001:max.compaction.lag.ms=86400000:compression.type=gzip,steve.banks@optum.com,sbanks34,FULL
claas.ATTPROD.COS.D9331COS.CAP_DATA,*,beam-mandr,*,ebaas-mandr-cosmos-prod,128,cleanup.policy=compact:delete.retention.ms=1209600001:max.compaction.lag.ms=86400000:compression.type=gzip,steve.banks@optum.com,sbanks34,FULL
claas.ATTPROD.COS.D9331COS.CDS_DATA,*,beam-mandr,*,ebaas-mandr-cosmos-prod,50,cleanup.policy=compact:delete.retention.ms=1209600001:max.compaction.lag.ms=86400000:compression.type=gzip,atulsagar_gupta@optum.com:nitish_juneja@optum.com,njuneja:agupt119,FULL
claas.ATTPROD.COS.D9331COS.COB_DATA,*,beam-mandr,*,ebaas-mandr-cosmos-prod,50,cleanup.policy=compact:delete.retention.ms=1209600001:max.compaction.lag.ms=86400000:compression.type=gzip,atulsagar_gupta@optum.com:nitish_juneja@optum.com,njuneja:agupt119,FULL
claas.ATTPROD.COS.D9331COS.COM_DATA,*,beam-mandr,*,ebaas-mandr-cosmos-prod,100,cleanup.policy=compact:delete.retention.ms=1209600001:max.compaction.lag.ms=86400000:compression.type=gzip,atulsagar_gupta@optum.com:nitish_juneja@optum.com,njuneja:agupt119,FULL
claas.ATTPROD.COS.D9331COS.COS_DATA,*,beam-mandr,*,ebaas-mandr-cosmos-prod,8,cleanup.policy=compact:delete.retention.ms=1209600001:max.compaction.lag.ms=86400000:compression.type=gzip,steve.banks@optum.com,sbanks34,FULL
claas.ATTPROD.COS.D9331COS.CPC_DATA,*,beam-mandr,*,ebaas-mandr-cosmos-prod,200,cleanup.policy=compact:delete.retention.ms=1209600001:max.compaction.lag.ms=86400000:compression.type=gzip,steve.banks@optum.com,sbanks34,FULL
claas.ATTPROD.COS.D9331COS.CPCD_DATA,*,beam-mandr,*,ebaas-mandr-cosmos-prod,200,cleanup.policy=compact:delete.retention.ms=1209600001:max.compaction.lag.ms=86400000:compression.type=gzip,steve.banks@optum.com,sbanks34,FULL
claas.ATTPROD.COS.D9331COS.CPI_DATA,*,beam-mandr,*,ebaas-mandr-cosmos-prod,64,cleanup.policy=compact:delete.retention.ms=1209600001:max.compaction.lag.ms=86400000:compression.type=gzip,steve.banks@optum.com,sbanks34,FULL
claas.ATTPROD.COS.D9331COS.CPP_DATA,*,beam-mandr,*,ebaas-mandr-cosmos-prod,250,cleanup.policy=compact:delete.retention.ms=1209600001:max.compaction.lag.ms=86400000:compression.type=gzip,steve.banks@optum.com,sbanks34,FULL
claas.ATTPROD.COS.D9331COS.CPPD_DATA,*,beam-mandr,*,ebaas-mandr-cosmos-prod,400,cleanup.policy=compact:delete.retention.ms=1209600001:max.compaction.lag.ms=86400000:compression.type=gzip,steve.banks@optum.com,sbanks34,FULL
claas.ATTPROD.COS.D9331COS.CPPDR1_DATA,*,beam-mandr,*,ebaas-mandr-cosmos-prod,200,cleanup.policy=compact:delete.retention.ms=1209600001:max.compaction.lag.ms=86400000:compression.type=gzip,steve.banks@optum.com,sbanks34,FULL
claas.ATTPROD.COS.D9331COS.DGD_DATA,*,beam-mandr,*,ebaas-mandr-cosmos-prod,8,cleanup.policy=compact:delete.retention.ms=1209600001:max.compaction.lag.ms=86400000:compression.type=gzip,steve.banks@optum.com,sbanks34,FULL
claas.ATTPROD.COS.D9331COS.DRCD_DATA,*,beam-mandr,*,ebaas-mandr-cosmos-prod,300,cleanup.policy=compact:delete.retention.ms=1209600001:max.compaction.lag.ms=86400000:compression.type=gzip,steve.banks@optum.com,sbanks34,FULL
claas.ATTPROD.COS.D9331COS.DRCLAIMS,*,beam-mandr,*,ebaas-mandr-cosmos-prod,300,cleanup.policy=compact:delete.retention.ms=1209600001:max.compaction.lag.ms=86400000:compression.type=gzip,steve.banks@optum.com,sbanks34,FULL
claas.ATTPROD.COS.D9331COS.GRPMSTR,*,beam-mandr,*,ebaas-mandr-cosmos-prod,124,cleanup.policy=compact:delete.retention.ms=1209600001:max.compaction.lag.ms=86400000:compression.type=gzip,steve.banks@optum.com,sbanks34,FULL
claas.ATTPROD.COS.D9331COS.HDC_DATA,*,beam-mandr,*,ebaas-mandr-cosmos-prod,400,cleanup.policy=compact:delete.retention.ms=1209600001:max.compaction.lag.ms=86400000:compression.type=gzip,steve.banks@optum.com,sbanks34,FULL
claas.ATTPROD.COS.D9331COS.HDTL_DATA,*,beam-mandr,*,ebaas-mandr-cosmos-prod,300,cleanup.policy=compact:delete.retention.ms=1209600001:max.compaction.lag.ms=86400000:compression.type=gzip,steve.banks@optum.com,sbanks34,FULL
claas.ATTPROD.COS.D9331COS.HHC_DATA,*,beam-mandr,*,ebaas-mandr-cosmos-prod,200,cleanup.policy=compact:delete.retention.ms=1209600001:max.compaction.lag.ms=86400000:compression.type=gzip,steve.banks@optum.com,sbanks34,FULL
claas.ATTPROD.COS.D9331COS.HIP_DATA,*,beam-mandr,*,ebaas-mandr-cosmos-prod,300,cleanup.policy=compact:delete.retention.ms=1209600001:max.compaction.lag.ms=86400000:compression.type=gzip,steve.banks@optum.com,sbanks34,FULL
claas.ATTPROD.COS.D9331COS.HOCCD_DATA,*,beam-mandr,*,ebaas-mandr-cosmos-prod,200,cleanup.policy=compact:delete.retention.ms=1209600001:max.compaction.lag.ms=86400000:compression.type=gzip,steve.banks@optum.com,sbanks34,FULL
claas.ATTPROD.COS.D9331COS.HSO_DATA,*,beam-mandr,*,ebaas-mandr-cosmos-prod,64,cleanup.policy=compact:delete.retention.ms=1209600001:max.compaction.lag.ms=86400000:compression.type=gzip,steve.banks@optum.com,sbanks34,FULL
claas.ATTPROD.COS.D9331COS.HPC_DATA,*,beam-mandr,*,ebaas-mandr-cosmos-prod,216,cleanup.policy=compact:delete.retention.ms=1209600001:max.compaction.lag.ms=86400000:compression.type=gzip,steve.banks@optum.com,sbanks34,FULL
claas.ATTPROD.COS.D9331COS.MAD_DATA,*,beam-mandr,*,ebaas-mandr-cosmos-prod,8,cleanup.policy=compact:delete.retention.ms=1209600001:max.compaction.lag.ms=86400000:compression.type=gzip,steve.banks@optum.com,sbanks34,FULL
claas.ATTPROD.COS.D9331COS.MEMMSTR,*,beam-mandr,*,ebaas-mandr-cosmos-prod,300,cleanup.policy=compact:delete.retention.ms=1209600001:max.compaction.lag.ms=86400000:compression.type=gzip,steve.banks@optum.com,sbanks34,FULL
claas.ATTPROD.COS.D9331COS.MNT_DATA,*,beam-mandr,*,ebaas-mandr-cosmos-prod,256,cleanup.policy=compact:delete.retention.ms=1209600001:max.compaction.lag.ms=86400000:compression.type=gzip,steve.banks@optum.com,sbanks34,FULL
claas.ATTPROD.COS.D9331COS.NDC_DATA,*,beam-mandr,*,ebaas-mandr-cosmos-prod,64,cleanup.policy=compact:delete.retention.ms=1209600001:max.compaction.lag.ms=86400000:compression.type=gzip,steve.banks@optum.com,sbanks34,FULL
claas.ATTPROD.COS.D9331COS.NPD_DATA,*,beam-mandr,*,ebaas-mandr-cosmos-prod,100,cleanup.policy=compact:delete.retention.ms=1209600001:max.compaction.lag.ms=86400000:compression.type=gzip,steve.banks@optum.com,sbanks34,FULL
claas.ATTPROD.COS.D9331COS.NPR_DATA,*,beam-mandr,*,ebaas-mandr-cosmos-prod,8,cleanup.policy=compact:delete.retention.ms=1209600001:max.compaction.lag.ms=86400000:compression.type=gzip,steve.banks@optum.com,sbanks34,FULL
claas.ATTPROD.COS.D9331COS.PDE_DATA,*,beam-mandr,*,ebaas-mandr-cosmos-prod,400,cleanup.policy=compact:delete.retention.ms=1209600001:max.compaction.lag.ms=86400000:compression.type=gzip,steve.banks@optum.com,sbanks34,FULL
claas.ATTPROD.COS.D9331COS.PDR_DATA,*,beam-mandr,*,ebaas-mandr-cosmos-prod,8,cleanup.policy=compact:delete.retention.ms=1209600001:max.compaction.lag.ms=86400000:compression.type=gzip,steve.banks@optum.com,sbanks34,FULL
claas.ATTPROD.COS.D9331COS.PHTABLE,*,beam-mandr,*,ebaas-mandr-cosmos-prod,200,cleanup.policy=compact:delete.retention.ms=1209600001:max.compaction.lag.ms=86400000:compression.type=gzip,steve.banks@optum.com,sbanks34,FULL
claas.ATTPROD.COS.D9331COS.PROCMSTR,*,beam-mandr,*,ebaas-mandr-cosmos-prod,128,cleanup.policy=compact:delete.retention.ms=1209600001:max.compaction.lag.ms=86400000:compression.type=gzip,steve.banks@optum.com,sbanks34,FULL
claas.ATTPROD.COS.D9331COS.PSH_DATA,*,beam-mandr,*,ebaas-mandr-cosmos-prod,128,cleanup.policy=compact:delete.retention.ms=1209600001:max.compaction.lag.ms=86400000:compression.type=gzip,steve.banks@optum.com,sbanks34,FULL
claas.ATTPROD.COS.D9331COS.PTH_DATA,*,beam-mandr,*,ebaas-mandr-cosmos-prod,8,cleanup.policy=compact:delete.retention.ms=1209600001:max.compaction.lag.ms=86400000:compression.type=gzip,steve.banks@optum.com,sbanks34,FULL
claas.ATTPROD.COS.D9331COS.REC_DATA,*,beam-mandr,*,ebaas-mandr-cosmos-prod,48,cleanup.policy=compact:delete.retention.ms=1209600001:max.compaction.lag.ms=86400000:compression.type=gzip,atulsagar_gupta@optum.com:nitish_juneja@optum.com,njuneja:agupt119,FULL
claas.ATTPROD.COS.D9331COS.RVW_DATA,*,beam-mandr,*,ebaas-mandr-cosmos-prod,400,cleanup.policy=compact:delete.retention.ms=1209600001:max.compaction.lag.ms=86400000:compression.type=gzip,steve.banks@optum.com,sbanks34,FULL
claas.ATTPROD.COS.D9331COS.SUBSCRIBER,*,beam-mandr,*,ebaas-mandr-cosmos-prod,300,cleanup.policy=compact:delete.retention.ms=1209600001:max.compaction.lag.ms=86400000:compression.type=gzip,steve.banks@optum.com,sbanks34,FULL
claas.ATTPROD.COS.D9331COS.TBLP_DATA,*,beam-mandr,*,ebaas-mandr-cosmos-prod,64,cleanup.policy=compact:delete.retention.ms=1209600001:max.compaction.lag.ms=86400000:compression.type=gzip,steve.banks@optum.com,sbanks34,FULL
claas.ATTPROD.COS.D9331COS.UGP_DATA,*,beam-mandr,*,ebaas-mandr-cosmos-prod,64,cleanup.policy=compact:delete.retention.ms=1209600001:max.compaction.lag.ms=86400000:compression.type=gzip,steve.banks@optum.com,sbanks34,FULL
claas.ATTPROD.COS.D9331COS.UM_DATA,*,beam-mandr,*,ebaas-mandr-cosmos-prod,8,cleanup.policy=compact:delete.retention.ms=1209600001:max.compaction.lag.ms=86400000:compression.type=gzip,steve.banks@optum.com,sbanks34,FULL
