topic,producer_hosts,producer_cn,consumer_hosts,consumer_cn,partitions,config,email,msid
CDCPROD.CDB.f6435dbp.f6435dbp.bil_dtl_cov,*,prod-ibmcdc-cdb-elr,*:*,prod-de-streams:prod-cdb-elig,20,retention.ms=1209600000:compression.type=gzip,,
CDCPROD.CDB.f6435dbp.f6435dbp.cdb_mbr_population,*,prod-ibmcdc-cdb-elr,*:*,prod-de-streams:prod-cdb-elig,20,retention.ms=1209600000:compression.type=gzip,,
CDCPROD.CDB.f6435dbp.f6435dbp.clm_diag_pstn_typ,*,prod-ibmcdc-cdb-elr,*:*,prod-de-streams:prod-cdb-elig,8,retention.ms=120960000:compression.type=gzip,,
CDCPROD.CDB.f6435dbp.f6435dbp.cnsm_atr,*,prod-ibmcdc-cdb-elr,*:*,prod-de-streams:prod-cdb-elig,20,retention.ms=1209600000:compression.type=gzip,,
CDCPROD.CDB.f6435dbp.f6435dbp.cnsm_auth_rep,*,prod-ibmcdc-cdb-elr,*:*,prod-de-streams:prod-cdb-elig,20,retention.ms=1209600000:compression.type=gzip,,
CDCPROD.CDB.f6435dbp.f6435dbp.cnsm_brkr_enty,*,prod-ibmcdc-cdb-elr,*:*,prod-de-streams:prod-cdb-elig,20,retention.ms=1209600000:compression.type=gzip,,
CDCPROD.CDB.f6435dbp.f6435dbp.cnsm_cal,*,prod-ibmcdc-cdb-elr,*:*,prod-de-streams:prod-cdb-elig,20,retention.ms=1209600000:compression.type=gzip,,
CDCPROD.CDB.f6435dbp.f6435dbp.cnsm_cmnct_mech,*,prod-ibmcdc-cdb-elr,*:*,prod-de-streams:prod-cdb-elig,20,retention.ms=1209600000:compression.type=gzip,,
CDCPROD.CDB.f6435dbp.f6435dbp.cnsm_cntc_pref,*,prod-ibmcdc-cdb-elr,*:*,prod-de-streams:prod-cdb-elig,20,retention.ms=1209600000:compression.type=gzip,,
CDCPROD.CDB.f6435dbp.f6435dbp.cnsm_cob_acc_diag,*,prod-ibmcdc-cdb-elr,*:*,prod-de-streams:prod-cdb-elig,20,retention.ms=1209600000:compression.type=gzip,,
CDCPROD.CDB.f6435dbp.f6435dbp.cnsm_cob_primacy,*,prod-ibmcdc-cdb-elr,*:*,prod-de-streams:prod-cdb-elig,20,retention.ms=1209600000:compression.type=gzip,,
CDCPROD.CDB.f6435dbp.f6435dbp.cnsm_cob_prisec,*,prod-ibmcdc-cdb-elr,*:*,prod-de-streams:prod-cdb-elig,20,retention.ms=1209600000:compression.type=gzip,,
CDCPROD.CDB.f6435dbp.f6435dbp.cnsm_commt,*,prod-ibmcdc-cdb-elr,*:*,prod-de-streams:prod-cdb-elig,20,retention.ms=1209600000:compression.type=gzip,,
CDCPROD.CDB.f6435dbp.f6435dbp.cnsm_corsp_pref,*,prod-ibmcdc-cdb-elr,*:*,prod-de-streams:prod-cdb-elig,20,retention.ms=1209600000:compression.type=gzip,,
CDCPROD.CDB.f6435dbp.f6435dbp.cnsm_cov_cust_defn_fld,*,prod-ibmcdc-cdb-elr,*:*,prod-de-streams:prod-cdb-elig,20,retention.ms=1209600000:compression.type=gzip,,
CDCPROD.CDB.f6435dbp.f6435dbp.cnsm_cptin_sts,*,prod-ibmcdc-cdb-elr,*:*,prod-de-streams:prod-cdb-elig,20,retention.ms=1209600000:compression.type=gzip,,
CDCPROD.CDB.f6435dbp.f6435dbp.cnsm_cust_defn_fld,*,prod-ibmcdc-cdb-elr,*:*,prod-de-streams:prod-cdb-elig,20,retention.ms=1209600000:compression.type=gzip,,
CDCPROD.CDB.f6435dbp.f6435dbp.cnsm_demo,*:*,prod-ibmcdc-cdb-elr:prod-de-streams,*:*,prod-de-streams:prod-cdb-elig,20,retention.ms=1209600000:compression.type=gzip,,
CDCPROD.CDB.f6435dbp.f6435dbp.cnsm_doc_ctl,*,prod-ibmcdc-cdb-elr,*:*,prod-de-streams:prod-cdb-elig,20,retention.ms=1209600000:compression.type=gzip,,
CDCPROD.CDB.f6435dbp.f6435dbp.cnsm_doc_req,*,prod-ibmcdc-cdb-elr,*:*,prod-de-streams:prod-cdb-elig,20,retention.ms=1209600000:compression.type=gzip,,
CDCPROD.CDB.f6435dbp.f6435dbp.cnsm_doc_sprs,*,prod-ibmcdc-cdb-elr,*:*,prod-de-streams:prod-cdb-elig,20,retention.ms=1209600000:compression.type=gzip,,
CDCPROD.CDB.f6435dbp.f6435dbp.cnsm_dtl,*,prod-ibmcdc-cdb-elr,*:*,prod-de-streams:prod-cdb-elig,20,retention.ms=1209600000:compression.type=gzip,,
CDCPROD.CDB.f6435dbp.f6435dbp.cnsm_eft,*,prod-ibmcdc-cdb-elr,*:*,prod-de-streams:prod-cdb-elig,20,retention.ms=1209600000:compression.type=gzip,,
CDCPROD.CDB.f6435dbp.f6435dbp.cnsm_empl_id,*,prod-ibmcdc-cdb-elr,*:*,prod-de-streams:prod-cdb-elig,20,retention.ms=1209600000:compression.type=gzip,,
CDCPROD.CDB.f6435dbp.f6435dbp.cnsm_ethnc_sel,*,prod-ibmcdc-cdb-elr,*:*,prod-de-streams:prod-cdb-elig,20,retention.ms=1209600000:compression.type=gzip,,
CDCPROD.CDB.f6435dbp.f6435dbp.cnsm_hpln_lang_prf,*,prod-ibmcdc-cdb-elr,*:*,prod-de-streams:prod-cdb-elig,20,retention.ms=1209600000:compression.type=gzip,,
CDCPROD.CDB.f6435dbp.f6435dbp.cnsm_indirect_ethnc_sel,*,prod-ibmcdc-cdb-elr,*:*,prod-de-streams:prod-cdb-elig,20,retention.ms=1209600000:compression.type=gzip,,
CDCPROD.CDB.f6435dbp.f6435dbp.cnsm_indirect_lang_pref,*,prod-ibmcdc-cdb-elr,*:*,prod-de-streams:prod-cdb-elig,20,retention.ms=1209600000:compression.type=gzip,,
CDCPROD.CDB.f6435dbp.f6435dbp.cnsm_indirect_race_sel,*,prod-ibmcdc-cdb-elr,*:*,prod-de-streams:prod-cdb-elig,20,retention.ms=1209600000:compression.type=gzip,,
CDCPROD.CDB.f6435dbp.f6435dbp.cnsm_lab_info,*,prod-ibmcdc-cdb-elr,*:*,prod-de-streams:prod-cdb-elig,20,retention.ms=1209600000:compression.type=gzip,,
CDCPROD.CDB.f6435dbp.f6435dbp.cnsm_lang_pref,*,prod-ibmcdc-cdb-elr,*:*,prod-de-streams:prod-cdb-elig,20,retention.ms=1209600000:compression.type=gzip,,
CDCPROD.CDB.f6435dbp.f6435dbp.cnsm_mdcr_elig,*,prod-ibmcdc-cdb-elr,*:*,prod-de-streams:prod-cdb-elig,20,retention.ms=1209600000:compression.type=gzip,,
CDCPROD.CDB.f6435dbp.f6435dbp.cnsm_mdcr_enrl,*,prod-ibmcdc-cdb-elr,*:*,prod-de-streams:prod-cdb-elig,20,retention.ms=1209600000:compression.type=gzip,,
CDCPROD.CDB.f6435dbp.f6435dbp.cnsm_mdcr_entl,*,prod-ibmcdc-cdb-elr,*:*,prod-de-streams:prod-cdb-elig,20,retention.ms=1209600000:compression.type=gzip,,
CDCPROD.CDB.f6435dbp.f6435dbp.cnsm_mdcr_primacy,*,prod-ibmcdc-cdb-elr,*:*,prod-de-streams:prod-cdb-elig,20,retention.ms=1209600000:compression.type=gzip,,
CDCPROD.CDB.f6435dbp.f6435dbp.cnsm_mdcr_prisec,*,prod-ibmcdc-cdb-elr,*:*,prod-de-streams:prod-cdb-elig,20,retention.ms=1209600000:compression.type=gzip,,
CDCPROD.CDB.f6435dbp.f6435dbp.cnsm_othr_ins,*,prod-ibmcdc-cdb-elr,*:*,prod-de-streams:prod-cdb-elig,20,retention.ms=1209600000:compression.type=gzip,,
CDCPROD.CDB.f6435dbp.f6435dbp.cnsm_pol_amt,*,prod-ibmcdc-cdb-elr,*:*,prod-de-streams:prod-cdb-elig,20,retention.ms=1209600000:compression.type=gzip,,
CDCPROD.CDB.f6435dbp.f6435dbp.cnsm_prxst_cond,*,prod-ibmcdc-cdb-elr,*:*,prod-de-streams:prod-cdb-elig,20,retention.ms=1209600000:compression.type=gzip,,
CDCPROD.CDB.f6435dbp.f6435dbp.cnsm_race_sel,*,prod-ibmcdc-cdb-elr,*:*,prod-de-streams:prod-cdb-elig,20,retention.ms=1209600000:compression.type=gzip,,
CDCPROD.CDB.f6435dbp.f6435dbp.cnsm_slry_bas_ded_oop,*,prod-ibmcdc-cdb-elr,*:*,prod-de-streams:prod-cdb-elig,20,retention.ms=1209600000:compression.type=gzip,,
CDCPROD.CDB.f6435dbp.f6435dbp.cnsm_sts,*:*,prod-ibmcdc-cdb-elr:prod-de-streams,*:*,prod-de-streams:prod-cdb-elig,20,retention.ms=1209600000:compression.type=gzip,,
CDCPROD.CDB.f6435dbp.f6435dbp.cov_info,*,prod-ibmcdc-cdb-elr,*:*,prod-de-streams:prod-cdb-elig,20,retention.ms=1209600000:compression.type=gzip,,
CDCPROD.CDB.f6435dbp.f6435dbp.cov_lvl_typ,*,prod-ibmcdc-cdb-elr,*:*,prod-de-streams:prod-cdb-elig,8,retention.ms=120960000:compression.type=gzip,,
CDCPROD.CDB.f6435dbp.f6435dbp.cov_pd_thru_rsn_typ,*,prod-ibmcdc-cdb-elr,*:*,prod-de-streams:prod-cdb-elig,8,retention.ms=120960000:compression.type=gzip,,
CDCPROD.CDB.f6435dbp.f6435dbp.cov_typ,*,prod-ibmcdc-cdb-elr,*:*,prod-de-streams:prod-cdb-elig,20,retention.ms=1209600000:compression.type=gzip,,
CDCPROD.CDB.f6435dbp.f6435dbp.csp_pln_var_typ,*,prod-ibmcdc-cdb-elr,*:*,prod-de-streams:prod-cdb-elig,20,retention.ms=1209600000:compression.type=gzip,,
CDCPROD.CDB.f6435dbp.f6435dbp.ctzn_sts_typ,*,prod-ibmcdc-cdb-elr,*:*,prod-de-streams:prod-cdb-elig,8,retention.ms=120960000:compression.type=gzip,,
CDCPROD.CDB.f6435dbp.f6435dbp.cust_defn_fld_typ,*,prod-ibmcdc-cdb-elr,*:*,prod-de-streams:prod-cdb-elig,20,retention.ms=1209600000:compression.type=gzip,,
CDCPROD.CDB.f6435dbp.f6435dbp.cust_info,*,prod-ibmcdc-cdb-elr,*:*,prod-de-streams:prod-cdb-elig,20,retention.ms=1209600000:compression.type=gzip,,
CDCPROD.CDB.f6435dbp.f6435dbp.data_src_typ,*,prod-ibmcdc-cdb-elr,*:*,prod-de-streams:prod-cdb-elig,1,retention.ms=1209600000:compression.type=gzip,,
CDCPROD.CDB.f6435dbp.f6435dbp.ee_sts_typ,*,prod-ibmcdc-cdb-elr,*:*,prod-de-streams:prod-cdb-elig,8,retention.ms=120960000:compression.type=gzip,,
CDCPROD.CDB.f6435dbp.f6435dbp.elctr_adr_sts_typ,*,prod-ibmcdc-cdb-elr,*:*,prod-de-streams:prod-cdb-elig,8,retention.ms=120960000:compression.type=gzip,,
CDCPROD.CDB.f6435dbp.f6435dbp.elctr_adr_typ,*,prod-ibmcdc-cdb-elr,*:*,prod-de-streams:prod-cdb-elig,8,retention.ms=120960000:compression.type=gzip,,
CDCPROD.CDB.f6435dbp.f6435dbp.elctr_msg_fmt_typ,*,prod-ibmcdc-cdb-elr,*:*,prod-de-streams:prod-cdb-elig,8,retention.ms=120960000:compression.type=gzip,,
CDCPROD.CDB.f6435dbp.f6435dbp.empmt_clss_typ,*,prod-ibmcdc-cdb-elr,*:*,prod-de-streams:prod-cdb-elig,8,retention.ms=120960000:compression.type=gzip,,
CDCPROD.CDB.f6435dbp.f6435dbp.fam_lst_updt,*,prod-ibmcdc-cdb-elr,*:*,prod-de-streams:prod-cdb-elig,20,retention.ms=1209600000:compression.type=gzip,,
CDCPROD.CDB.f6435dbp.f6435dbp.gdr_typ,*,prod-ibmcdc-cdb-elr,*:*,prod-de-streams:prod-cdb-elig,8,retention.ms=120960000:compression.type=gzip,,
CDCPROD.CDB.f6435dbp.f6435dbp.hlt_srv_prdln,*,prod-ibmcdc-cdb-elr,*:*,prod-de-streams:prod-cdb-elig,8,retention.ms=120960000:compression.type=gzip,,
CDCPROD.CDB.f6435dbp.f6435dbp.hlt_srv_prdt_typ,*,prod-ibmcdc-cdb-elr,*:*,prod-de-streams:prod-cdb-elig,8,retention.ms=120960000:compression.type=gzip,,
CDCPROD.CDB.f6435dbp.f6435dbp.icd_use_typ,*,prod-ibmcdc-cdb-elr,*:*,prod-de-streams:prod-cdb-elig,8,retention.ms=120960000:compression.type=gzip,,
CDCPROD.CDB.f6435dbp.f6435dbp.indirect_ethnc_pref_typ,*,prod-ibmcdc-cdb-elr,*:*,prod-de-streams:prod-cdb-elig,8,retention.ms=120960000:compression.type=gzip,,
CDCPROD.CDB.f6435dbp.f6435dbp.indirect_race_pref_typ,*,prod-ibmcdc-cdb-elr,*:*,prod-de-streams:prod-cdb-elig,8,retention.ms=120960000:compression.type=gzip,,
CDCPROD.CDB.f6435dbp.f6435dbp.kafka_trans_eci,*:*,prod-ibmcdc-cdb-elr:prod-cdb-streams,*:*:*,prod-cdb-streams:prod-cdb-elig:prod-de-streams,20,retention.ms=1814400000:compression.type=gzip,,
CDCPROD.CDB.f6435dbp.f6435dbp.l_cnsm_srch,*:*,prod-ibmcdc-cdb-elr:prod-de-streams,*:*:*,prod-de-streams:prod-cdb-elig:prod-imdm-streams,20,retention.ms=1209600000:compression.type=gzip,,
CDCPROD.CDB.f6435dbp.f6435dbp.l_cov_prdt_dt,*:*,prod-ibmcdc-cdb-elr:prod-de-streams,*:*,prod-de-streams:prod-cdb-elig,20,retention.ms=1209600000:compression.type=gzip,,
CDCPROD.CDB.f6435dbp.f6435dbp.l_cov_prdt_dt_hbase,*,prod-ibmcdc-cdb-elr,*:*,prod-de-streams:prod-cdb-elig,20,retention.ms=1209600000:compression.type=gzip,,
CDCPROD.CDB.f6435dbp.f6435dbp.l_cov_prdt_pcd,*,prod-ibmcdc-cdb-elr,*:*,prod-de-streams:prod-cdb-elig,20,retention.ms=1209600000:compression.type=gzip,,
CDCPROD.CDB.f6435dbp.f6435dbp.l_cov_prdt_pcp,*,prod-ibmcdc-cdb-elr,*:*,prod-de-streams:prod-cdb-elig,20,retention.ms=1209600000:compression.type=gzip,,
CDCPROD.CDB.f6435dbp.f6435dbp.l_finc_acct,*,prod-ibmcdc-cdb-elr,*:*,prod-de-streams:prod-cdb-elig,20,retention.ms=1209600000:compression.type=gzip,,
CDCPROD.CDB.f6435dbp.f6435dbp.l_hlt_srv_dt,*,prod-ibmcdc-cdb-elr,*:*,prod-de-streams:prod-cdb-elig,20,retention.ms=1209600000:compression.type=gzip,,
CDCPROD.CDB.f6435dbp.f6435dbp.l_lf_dis_prdt_dt,*,prod-ibmcdc-cdb-elr,*:*,prod-de-streams:prod-cdb-elig,20,retention.ms=1209600000:compression.type=gzip,,
CDCPROD.CDB.f6435dbp.f6435dbp.lab_typ,*,prod-ibmcdc-cdb-elr,*:*,prod-de-streams:prod-cdb-elig,20,retention.ms=1209600000:compression.type=gzip,,
CDCPROD.CDB.f6435dbp.f6435dbp.lang_pref_typ,*,prod-ibmcdc-cdb-elr,*:*,prod-de-streams:prod-cdb-elig,20,retention.ms=1209600000:compression.type=gzip,,
CDCPROD.CDB.f6435dbp.f6435dbp.lf_ben_set_det,*,prod-ibmcdc-cdb-elr,*:*,prod-de-streams:prod-cdb-elig,20,retention.ms=1209600000:compression.type=gzip,,
CDCPROD.CDB.f6435dbp.f6435dbp.mdcr_part_typ,*,prod-ibmcdc-cdb-elr,*:*,prod-de-streams:prod-cdb-elig,8,retention.ms=120960000:compression.type=gzip,,
CDCPROD.CDB.f6435dbp.f6435dbp.mgrt_src_id_xref,*,prod-ibmcdc-cdb-elr,*:*,prod-de-streams:prod-cdb-elig,20,retention.ms=1209600000:compression.type=gzip,,
CDCPROD.CDB.f6435dbp.f6435dbp.ml_cnsm_adr,*:*,prod-ibmcdc-cdb-elr:prod-de-streams,*:*,prod-de-streams:prod-cdb-elig,20,retention.ms=1209600000:compression.type=gzip,,
CDCPROD.CDB.f6435dbp.f6435dbp.ml_cnsm_elctr_adr,*:*,prod-ibmcdc-cdb-elr:prod-de-streams,*:*,prod-de-streams:prod-cdb-elig,20,retention.ms=1209600000:compression.type=gzip,,
CDCPROD.CDB.f6435dbp.f6435dbp.ml_cnsm_tel,*:*,prod-ibmcdc-cdb-elr:prod-de-streams,*:*,prod-de-streams:prod-cdb-elig,20,retention.ms=1209600000:compression.type=gzip,,
CDCPROD.CDB.f6435dbp.f6435dbp.ml_cnsm_xref,*:*,prod-ibmcdc-cdb-elr:prod-de-streams,*:*,prod-de-streams:prod-cdb-elig,20,retention.ms=1209600000:compression.type=gzip,,
CDCPROD.CDB.f6435dbp.f6435dbp.mrtl_sts_typ,*,prod-ibmcdc-cdb-elr,*:*,prod-de-streams:prod-cdb-elig,8,retention.ms=120960000:compression.type=gzip,,
CDCPROD.CDB.f6435dbp.f6435dbp.oi_primacy_rsn_typ,*,prod-ibmcdc-cdb-elr,*:*,prod-de-streams:prod-cdb-elig,8,retention.ms=120960000:compression.type=gzip,,
CDCPROD.CDB.f6435dbp.f6435dbp.pln_ben_set,*,prod-ibmcdc-cdb-elr,*:*,prod-de-streams:prod-cdb-elig,20,retention.ms=1209600000:compression.type=gzip,,
CDCPROD.CDB.f6435dbp.f6435dbp.pln_ben_set_det,*,prod-ibmcdc-cdb-elr,*:*,prod-de-streams:prod-cdb-elig,20,retention.ms=1209600000:compression.type=gzip,,
CDCPROD.CDB.f6435dbp.f6435dbp.pol_info,*,prod-ibmcdc-cdb-elr,*:*,prod-de-streams:prod-cdb-elig,20,retention.ms=1209600000:compression.type=gzip,,
CDCPROD.CDB.f6435dbp.f6435dbp.pref_ctr_cnsm_adr,*,prod-ibmcdc-cdb-elr,*:*,prod-de-streams:prod-cdb-elig,20,retention.ms=1209600000:compression.type=gzip,,
CDCPROD.CDB.f6435dbp.f6435dbp.pref_ctr_cnsm_tel,*,prod-ibmcdc-cdb-elr,*:*,prod-de-streams:prod-cdb-elig,20,retention.ms=1209600000:compression.type=gzip,,
CDCPROD.CDB.f6435dbp.f6435dbp.pref_ctr_elctr_adr,*,prod-ibmcdc-cdb-elr,*:*,prod-de-streams:prod-cdb-elig,20,retention.ms=1209600000:compression.type=gzip,,
CDCPROD.CDB.f6435dbp.f6435dbp.pref_ctr_lang_pref,*,prod-ibmcdc-cdb-elr,*:*,prod-de-streams:prod-cdb-elig,20,retention.ms=1209600000:compression.type=gzip,,
CDCPROD.CDB.f6435dbp.f6435dbp.rx_ben_set_det,*,prod-ibmcdc-cdb-elr,*:*,prod-de-streams:prod-cdb-elig,20,retention.ms=1209600000:compression.type=gzip,,
CDCPROD.CDB.f6435dbp.f6435dbp.sbscr_rel_typ,*,prod-ibmcdc-cdb-elr,*:*,prod-de-streams:prod-cdb-elig,8,retention.ms=120960000:compression.type=gzip,,
CDCPROD.CDB.f6435dbp.f6435dbp.src_cdb_xref,*:*,prod-ibmcdc-cdb-elr:prod-de-streams,*:*,prod-de-streams:prod-cdb-elig,20,retention.ms=1209600000:compression.type=gzip,,
CDCPROD.CDB.f6435dbp.f6435dbp.tops_cov_lvl_typ,*,prod-ibmcdc-cdb-elr,*:*,prod-de-streams:prod-cdb-elig,8,retention.ms=120960000:compression.type=gzip,,
CDCPROD.CDB.f6435dbp.f6435dbp.uhg_ethnc_sel_typ,*,prod-ibmcdc-cdb-elr,*:*,prod-de-streams:prod-cdb-elig,20,retention.ms=1209600000:compression.type=gzip,,
CDCPROD.CDB.f6435dbp.f6435dbp.uhg_race_sel_typ,*,prod-ibmcdc-cdb-elr,*:*,prod-de-streams:prod-cdb-elig,20,retention.ms=1209600000:compression.type=gzip,,
CDCPROD.CDB.f6435dbp.f6435dbp.vend_ben_dtl,*,prod-ibmcdc-cdb-elr,*:*,prod-de-streams:prod-cdb-elig,20,retention.ms=1209600000:compression.type=gzip,,
CDCPROD.CDB.f6435srp.f6435srp.cdb_security,*,prod-ibmcdc-cdb-elr,*:*,prod-de-streams:prod-cdb-elig,20,retention.ms=1209600000:compression.type=gzip,,
CDCPROD.CDB.f6435srp.f6435srp.srch_src_cd_cntl,*,prod-ibmcdc-cdb-elr,*:*,prod-de-streams:prod-cdb-elig,20,retention.ms=1209600000:compression.type=gzip,,
CDCPROD.CDB.f6435dbp.f6435dbp.imdm_prty_mtch_proc,*,prod-ibmcdc-cdb-elr,*:*,prod-de-streams:prod-cdb-elig,20,retention.ms=1209600000:compression.type=gzip,,
CDCPROD.CDB.C19_POPULATION.f6435dbp.f6435dbp.cnsm_cob_primacy,*,prod-de-streams,*,prod-de-streams,20,cleanup.policy=compact:delete.retention.ms=120960000:compression.type=gzip,joseph.gunvalson@optum.com:timothy.drahn@optum.com,
CDCPROD.CDB.C19_POPULATION.f6435dbp.f6435dbp.cnsm_demo,*,prod-de-streams,*,prod-de-streams,20,cleanup.policy=compact:delete.retention.ms=120960000:compression.type=gzip,joseph.gunvalson@optum.com:timothy.drahn@optum.com,
CDCPROD.CDB.C19_POPULATION.f6435dbp.f6435dbp.cnsm_mdcr_elig,*,prod-de-streams,*,prod-de-streams,20,cleanup.policy=compact:delete.retention.ms=120960000:compression.type=gzip,joseph.gunvalson@optum.com:timothy.drahn@optum.com,
CDCPROD.CDB.C19_POPULATION.f6435dbp.f6435dbp.cnsm_mdcr_enrl,*,prod-de-streams,*,prod-de-streams,20,cleanup.policy=compact:delete.retention.ms=120960000:compression.type=gzip,joseph.gunvalson@optum.com:timothy.drahn@optum.com,
CDCPROD.CDB.C19_POPULATION.f6435dbp.f6435dbp.cnsm_mdcr_entl,*,prod-de-streams,*,prod-de-streams,20,cleanup.policy=compact:delete.retention.ms=120960000:compression.type=gzip,joseph.gunvalson@optum.com:timothy.drahn@optum.com,
CDCPROD.CDB.C19_POPULATION.f6435dbp.f6435dbp.cnsm_mdcr_primacy,*,prod-de-streams,*,prod-de-streams,20,cleanup.policy=compact:delete.retention.ms=120960000:compression.type=gzip,joseph.gunvalson@optum.com:timothy.drahn@optum.com,
CDCPROD.CDB.C19_POPULATION.f6435dbp.f6435dbp.cnsm_othr_ins,*,prod-de-streams,*,prod-de-streams,20,cleanup.policy=compact:delete.retention.ms=120960000:compression.type=gzip,joseph.gunvalson@optum.com:timothy.drahn@optum.com,
CDCPROD.CDB.C19_POPULATION.f6435dbp.f6435dbp.cnsm_sts,*,prod-de-streams,*,prod-de-streams,20,cleanup.policy=compact:delete.retention.ms=120960000:compression.type=gzip,joseph.gunvalson@optum.com:timothy.drahn@optum.com,
CDCPROD.CDB.C19_POPULATION.f6435dbp.f6435dbp.l_cnsm_srch,*,prod-de-streams,*,prod-de-streams,20,cleanup.policy=compact:delete.retention.ms=120960000:compression.type=gzip,joseph.gunvalson@optum.com:timothy.drahn@optum.com,
CDCPROD.CDB.C19_POPULATION.f6435dbp.f6435dbp.l_cov_prdt_dt,*,prod-de-streams,*,prod-de-streams,20,cleanup.policy=compact:delete.retention.ms=120960000:compression.type=gzip,joseph.gunvalson@optum.com:timothy.drahn@optum.com,
CDCPROD.CDB.C19_POPULATION.f6435dbp.f6435dbp.ml_cnsm_adr,*,prod-de-streams,*,prod-de-streams,20,cleanup.policy=compact:delete.retention.ms=120960000:compression.type=gzip,joseph.gunvalson@optum.com:timothy.drahn@optum.com,
CDCPROD.CDB.C19_POPULATION.f6435dbp.f6435dbp.ml_cnsm_elctr_adr,*,prod-de-streams,*,prod-de-streams,20,cleanup.policy=compact:delete.retention.ms=120960000:compression.type=gzip,joseph.gunvalson@optum.com:timothy.drahn@optum.com,
CDCPROD.CDB.C19_POPULATION.f6435dbp.f6435dbp.ml_cnsm_tel,*,prod-de-streams,*,prod-de-streams,20,cleanup.policy=compact:delete.retention.ms=120960000:compression.type=gzip,joseph.gunvalson@optum.com:timothy.drahn@optum.com,
CDCPROD.CDB.C19_POPULATION.f6435dbp.f6435dbp.ml_cnsm_xref,*,prod-de-streams,*,prod-de-streams,20,cleanup.policy=compact:delete.retention.ms=120960000:compression.type=gzip,joseph.gunvalson@optum.com:timothy.drahn@optum.com,
CDCPROD.CDB.C19_POPULATION.f6435dbp.f6435dbp.src_cdb_xref,*,prod-de-streams,*,prod-de-streams,20,cleanup.policy=compact:delete.retention.ms=120960000:compression.type=gzip,joseph.gunvalson@optum.com:timothy.drahn@optum.com,
CDCPROD.CDB.UNFILTERED_C19.f6435dbp.f6435dbp.cnsm_cob_primacy,*,prod-ibmcdc-cdb-elr,*,prod-de-streams,20,retention.ms=1209600000,joseph.gunvalson@optum.com:timothy.drahn@optum.com,
CDCPROD.CDB.UNFILTERED_C19.f6435dbp.f6435dbp.cnsm_demo,*,prod-ibmcdc-cdb-elr,*,prod-de-streams,20,retention.ms=1209600000,joseph.gunvalson@optum.com:timothy.drahn@optum.com,
CDCPROD.CDB.UNFILTERED_C19.f6435dbp.f6435dbp.cnsm_mdcr_elig,*,prod-ibmcdc-cdb-elr,*,prod-de-streams,20,retention.ms=1209600000,joseph.gunvalson@optum.com:timothy.drahn@optum.com,
CDCPROD.CDB.UNFILTERED_C19.f6435dbp.f6435dbp.cnsm_mdcr_enrl,*,prod-ibmcdc-cdb-elr,*,prod-de-streams,20,retention.ms=1209600000,joseph.gunvalson@optum.com:timothy.drahn@optum.com,
CDCPROD.CDB.UNFILTERED_C19.f6435dbp.f6435dbp.cnsm_mdcr_entl,*,prod-ibmcdc-cdb-elr,*,prod-de-streams,20,retention.ms=1209600000,joseph.gunvalson@optum.com:timothy.drahn@optum.com,
CDCPROD.CDB.UNFILTERED_C19.f6435dbp.f6435dbp.cnsm_mdcr_primacy,*,prod-ibmcdc-cdb-elr,*,prod-de-streams,20,retention.ms=1209600000,joseph.gunvalson@optum.com:timothy.drahn@optum.com,
CDCPROD.CDB.UNFILTERED_C19.f6435dbp.f6435dbp.cnsm_othr_ins,*,prod-ibmcdc-cdb-elr,*,prod-de-streams,20,retention.ms=1209600000,joseph.gunvalson@optum.com:timothy.drahn@optum.com,
CDCPROD.CDB.UNFILTERED_C19.f6435dbp.f6435dbp.cnsm_sts,*,prod-ibmcdc-cdb-elr,*,prod-de-streams,20,retention.ms=1209600000,joseph.gunvalson@optum.com:timothy.drahn@optum.com,
CDCPROD.CDB.UNFILTERED_C19.f6435dbp.f6435dbp.l_cnsm_srch,*,prod-ibmcdc-cdb-elr,*,prod-de-streams,20,retention.ms=1209600000,joseph.gunvalson@optum.com:timothy.drahn@optum.com,
CDCPROD.CDB.UNFILTERED_C19.f6435dbp.f6435dbp.l_cov_prdt_dt,*,prod-ibmcdc-cdb-elr,*,prod-de-streams,20,retention.ms=1209600000,joseph.gunvalson@optum.com:timothy.drahn@optum.com,
CDCPROD.CDB.UNFILTERED_C19.f6435dbp.f6435dbp.ml_cnsm_adr,*,prod-ibmcdc-cdb-elr,*,prod-de-streams,20,retention.ms=1209600000,joseph.gunvalson@optum.com:timothy.drahn@optum.com,
CDCPROD.CDB.UNFILTERED_C19.f6435dbp.f6435dbp.ml_cnsm_elctr_adr,*,prod-ibmcdc-cdb-elr,*,prod-de-streams,20,retention.ms=1209600000,joseph.gunvalson@optum.com:timothy.drahn@optum.com,
CDCPROD.CDB.UNFILTERED_C19.f6435dbp.f6435dbp.ml_cnsm_tel,*,prod-ibmcdc-cdb-elr,*,prod-de-streams,20,retention.ms=1209600000,joseph.gunvalson@optum.com:timothy.drahn@optum.com,
CDCPROD.CDB.UNFILTERED_C19.f6435dbp.f6435dbp.ml_cnsm_xref,*,prod-ibmcdc-cdb-elr,*,prod-de-streams,20,retention.ms=1209600000,joseph.gunvalson@optum.com:timothy.drahn@optum.com,
CDCPROD.CDB.UNFILTERED_C19.f6435dbp.f6435dbp.src_cdb_xref,*,prod-ibmcdc-cdb-elr,*,prod-de-streams,20,retention.ms=1209600000,joseph.gunvalson@optum.com:timothy.drahn@optum.com,
