topic,producer_hosts,producer_cn,consumer_hosts,consumer_cn,partitions,config,email,msid
CDCPROD.CDB-cdbkafp1-CDBKAFP1-commitstream,*,prod-ibmcdc-cdb-elr,*,prod-ibmcdc-cdb-elr,20,retention.ms=1209600000:compression.type=gzip,PEP-CDC_DL@ds.uhc.com,km1003
CDCPROD.CDB-cdbkafp1-CDBKAFP3-commitstream,*,prod-ibmcdc-cdb-elr,*,prod-ibmcdc-cdb-elr,20,retention.ms=1209600000:compression.type=gzip,PEP-CDC_DL@ds.uhc.com,km1003
CDCPROD.CDB.UNFILTERED_C19-cdbkafp1-CDBKAFP2-commitstream,*,prod-ibmcdc-cdb-elr,*,prod-ibmcdc-cdb-elr,20,retention.ms=1209600000:compression.type=gzip,PEP-CDC_DL@ds.uhc.com,km1003
CDCPROD.CDB.UNFILTERED_C19-cdbkafp1-CDBKAFP4-commitstream,*,prod-ibmcdc-cdb-elr,*,prod-ibmcdc-cdb-elr,20,retention.ms=1209600000:compression.type=gzip,PEP-CDC_DL@ds.uhc.com,km1003
CDCPROD.CDB.dsn8d12a.dsn81210.emp,*,prod-ibmcdc-cdb-elr,*,prod-ibmcdc-cdb-elr,20,retention.ms=1209600000:compression.type=gzip,PEP-CDC_DL@ds.uhc.com,vkesira1
CDCPROD.CDB-cdbkafp1-CDBKAFP5-commitstream,*,prod-ibmcdc-cdb-elr,*,prod-ibmcdc-cdb-elr,20,retention.ms=1209600000:compression.type=gzip,PEP-CDC_DL@ds.uhc.com,vkesira1
