topic,producer_hosts,producer_cn,consumer_hosts,consumer_cn,partitions,config,email,ms-id,compatibility
DE_STREAMS.elr.cdc.a4me.eligibility.v1,*,prod-de-streams,*:*,prod-de-streams:riptide,150,cleanup.policy=compact:delete.retention.ms=1209600000:max.compaction.lag.ms=86400000:compression.type=gzip,timothy.drahn@optum.com:olga_mackevica1@optum.com,tdrahn:omackev,FULL
DE_STREAMS.elr.cdc.ccr.eligibility.v1,*,prod-de-streams,*:*,prod-de-streams:ecp-ctc,150,cleanup.policy=compact:delete.retention.ms=1209600000:max.compaction.lag.ms=86400000:compression.type=gzip,timothy.drahn@optum.com:gurumurthy.sithuraj@optum.com,tdrahn:gsithura,FULL
DE_STREAMS.elr.cdc.cdb.bil_dtl_cov.v2,*,prod-de-streams,*:*,prod-de-streams:cdb-extract-prod,72,cleanup.policy=compact:delete.retention.ms=1209600000:max.compaction.lag.ms=86400000:compression.type=gzip,,,FULL
DE_STREAMS.elr.cdc.cdb.cancel_rsn_typ.v2,*,prod-de-streams,*:*,prod-de-streams:cdb-extract-prod,1,cleanup.policy=compact:delete.retention.ms=1209600000:max.compaction.lag.ms=86400000:compression.type=gzip,,,FULL
DE_STREAMS.elr.cdc.cdb.cdb_mbr_population.v2,*,prod-de-streams,*:*,prod-de-streams:cdb-extract-prod,72,cleanup.policy=compact:delete.retention.ms=1209600000:max.compaction.lag.ms=86400000:compression.type=gzip,,,FULL
DE_STREAMS.elr.cdc.cdb.cdb_security.v2,*,prod-de-streams,*:*:*,prod-de-streams:eligibility-api-consumer-foundational-eligibility-api:cdb-extract-prod,8,cleanup.policy=compact:delete.retention.ms=1209600000:max.compaction.lag.ms=86400000:compression.type=gzip,,,FULL
DE_STREAMS.elr.cdc.cdb.clm_diag_pstn_typ.v2,*,prod-de-streams,*:*,prod-de-streams:cdb-extract-prod,8,cleanup.policy=compact:delete.retention.ms=1209600000:max.compaction.lag.ms=86400000:compression.type=gzip,,,FULL
DE_STREAMS.elr.cdc.cdb.cnsm_auth_rep.v2,*,prod-de-streams,*:*,prod-de-streams:cdb-extract-prod,72,cleanup.policy=compact:delete.retention.ms=1209600000:max.compaction.lag.ms=86400000:compression.type=gzip,,,FULL
DE_STREAMS.elr.cdc.cdb.cnsm_brkr_enty.v2,*,prod-de-streams,*:*,prod-de-streams:cdb-extract-prod,72,cleanup.policy=compact:delete.retention.ms=1209600000:max.compaction.lag.ms=86400000:compression.type=gzip,,,FULL
DE_STREAMS.elr.cdc.cdb.cnsm_cal.v2,*,prod-de-streams,*:*,prod-de-streams:cdb-extract-prod,72,cleanup.policy=compact:delete.retention.ms=1209600000:max.compaction.lag.ms=86400000:compression.type=gzip,,,FULL
DE_STREAMS.elr.cdc.cdb.cnsm_cmnct_mech.v2,*,prod-de-streams,*:*,prod-de-streams:cdb-extract-prod,8,cleanup.policy=compact:delete.retention.ms=1209600000:max.compaction.lag.ms=86400000:compression.type=gzip,,,FULL
DE_STREAMS.elr.cdc.cdb.cnsm_cob_acc_diag.v2,*,prod-de-streams,*:*,prod-de-streams:cdb-extract-prod,72,cleanup.policy=compact:delete.retention.ms=1209600000:max.compaction.lag.ms=86400000:compression.type=gzip,,,FULL
DE_STREAMS.elr.cdc.cdb.cnsm_cob_primacy.v2,*,prod-de-streams,*:*,prod-de-streams:cdb-extract-prod,72,cleanup.policy=compact:delete.retention.ms=1209600000:max.compaction.lag.ms=86400000:compression.type=gzip,,,FULL
DE_STREAMS.elr.cdc.cdb.cnsm_cob_prisec.v2,*,prod-de-streams,*:*,prod-de-streams:cdb-extract-prod,72,cleanup.policy=compact:delete.retention.ms=1209600000:max.compaction.lag.ms=86400000:compression.type=gzip,,,FULL
DE_STREAMS.elr.cdc.cdb.cnsm_cov_cust_defn_fld.v2,*,prod-de-streams,*:*,prod-de-streams:cdb-extract-prod,72,cleanup.policy=compact:delete.retention.ms=1209600000:max.compaction.lag.ms=86400000:compression.type=gzip,,,FULL
DE_STREAMS.elr.cdc.cdb.cnsm_cptin_sts.v2,*,prod-de-streams,*:*,prod-de-streams:cdb-extract-prod,72,cleanup.policy=compact:delete.retention.ms=1209600000:max.compaction.lag.ms=86400000:compression.type=gzip,,,FULL
DE_STREAMS.elr.cdc.cdb.cnsm_cust_defn_fld.v2,*,prod-de-streams,*:*,prod-de-streams:cdb-extract-prod,72,cleanup.policy=compact:delete.retention.ms=1209600000:max.compaction.lag.ms=86400000:compression.type=gzip,,,FULL
DE_STREAMS.elr.cdc.cdb.cnsm_doc_ctl.v2,*,prod-de-streams,*:*,prod-de-streams:cdb-extract-prod,72,cleanup.policy=compact:delete.retention.ms=1209600000:max.compaction.lag.ms=86400000:compression.type=gzip,,,FULL
DE_STREAMS.elr.cdc.cdb.cnsm_doc_req.v2,*,prod-de-streams,*:*,prod-de-streams:cdb-extract-prod,72,cleanup.policy=compact:delete.retention.ms=1209600000:max.compaction.lag.ms=86400000:compression.type=gzip,,,FULL
DE_STREAMS.elr.cdc.cdb.cnsm_doc_sprs.v2,*,prod-de-streams,*:*,prod-de-streams:cdb-extract-prod,72,cleanup.policy=compact:delete.retention.ms=1209600000:max.compaction.lag.ms=86400000:compression.type=gzip,,,FULL
DE_STREAMS.elr.cdc.cdb.cnsm_dtl.v2,*,prod-de-streams,*:*,prod-de-streams:cdb-extract-prod,72,cleanup.policy=compact:delete.retention.ms=1209600000:max.compaction.lag.ms=86400000:compression.type=gzip,,,FULL
DE_STREAMS.elr.cdc.cdb.cnsm_eft.v2,*,prod-de-streams,*:*,prod-de-streams:cdb-extract-prod,72,cleanup.policy=compact:delete.retention.ms=1209600000:max.compaction.lag.ms=86400000:compression.type=gzip,,,FULL
DE_STREAMS.elr.cdc.cdb.cnsm_empl_id.v2,*,prod-de-streams,*:*,prod-de-streams:cdb-extract-prod,72,cleanup.policy=compact:delete.retention.ms=1209600000:max.compaction.lag.ms=86400000:compression.type=gzip,,,FULL
DE_STREAMS.elr.cdc.cdb.cnsm_ethnc_sel.v2,*,prod-de-streams,*:*:*,prod-de-streams:eligibility-api-consumer-foundational-eligibility-api:cdb-extract-prod,72,cleanup.policy=compact:delete.retention.ms=1209600000:max.compaction.lag.ms=86400000:compression.type=gzip,,,FULL
DE_STREAMS.elr.cdc.cdb.cnsm_hpln_lang_prf.v2,*,prod-de-streams,*:*,prod-de-streams:cdb-extract-prod,8,cleanup.policy=compact:delete.retention.ms=1209600000:max.compaction.lag.ms=86400000:compression.type=gzip,,,FULL
DE_STREAMS.elr.cdc.cdb.cnsm_indirect_ethnc_sel.v2,*,prod-de-streams,*:*,prod-de-streams:cdb-extract-prod,8,cleanup.policy=compact:delete.retention.ms=1209600000:max.compaction.lag.ms=86400000:compression.type=gzip,,,FULL
DE_STREAMS.elr.cdc.cdb.cnsm_indirect_lang_pref.v2,*,prod-de-streams,*:*,prod-de-streams:cdb-extract-prod,8,cleanup.policy=compact:delete.retention.ms=1209600000:max.compaction.lag.ms=86400000:compression.type=gzip,,,FULL
DE_STREAMS.elr.cdc.cdb.cnsm_indirect_race_sel.v2,*,prod-de-streams,*:*,prod-de-streams:cdb-extract-prod,8,cleanup.policy=compact:delete.retention.ms=1209600000:max.compaction.lag.ms=86400000:compression.type=gzip,,,FULL
DE_STREAMS.elr.cdc.cdb.cnsm_lab_info.v2,*,prod-de-streams,*:*,prod-de-streams:cdb-extract-prod,72,cleanup.policy=compact:delete.retention.ms=1209600000:max.compaction.lag.ms=86400000:compression.type=gzip,,,FULL
DE_STREAMS.elr.cdc.cdb.cnsm_lang_pref.v2,*,prod-de-streams,*:*:*,prod-de-streams:eligibility-api-consumer-foundational-eligibility-api:cdb-extract-prod,72,cleanup.policy=compact:delete.retention.ms=1209600000:max.compaction.lag.ms=86400000:compression.type=gzip,,,FULL
DE_STREAMS.elr.cdc.cdb.cnsm_mbr_lylty_ack.v2,*,prod-de-streams,*:*:*,prod-de-streams:eligibility-api-consumer-foundational-eligibility-api:cdb-extract-prod,1,cleanup.policy=compact:delete.retention.ms=1209600000:max.compaction.lag.ms=86400000:compression.type=gzip,,,FULL
DE_STREAMS.elr.cdc.cdb.cnsm_mdcr_elig.v2,*,prod-de-streams,*:*,prod-de-streams:cdb-extract-prod,72,cleanup.policy=compact:delete.retention.ms=1209600000:max.compaction.lag.ms=86400000:compression.type=gzip,,,FULL
DE_STREAMS.elr.cdc.cdb.cnsm_mdcr_enrl.v2,*,prod-de-streams,*:*,prod-de-streams:cdb-extract-prod,72,cleanup.policy=compact:delete.retention.ms=1209600000:max.compaction.lag.ms=86400000:compression.type=gzip,,,FULL
DE_STREAMS.elr.cdc.cdb.cnsm_mdcr_entl.v2,*,prod-de-streams,*:*,prod-de-streams:cdb-extract-prod,72,cleanup.policy=compact:delete.retention.ms=1209600000:max.compaction.lag.ms=86400000:compression.type=gzip,,,FULL
DE_STREAMS.elr.cdc.cdb.cnsm_mdcr_primacy.v2,*,prod-de-streams,*:*,prod-de-streams:cdb-extract-prod,72,cleanup.policy=compact:delete.retention.ms=1209600000:max.compaction.lag.ms=86400000:compression.type=gzip,,,FULL
DE_STREAMS.elr.cdc.cdb.cnsm_mdcr_prisec.v2,*,prod-de-streams,*:*,prod-de-streams:cdb-extract-prod,72,cleanup.policy=compact:delete.retention.ms=1209600000:max.compaction.lag.ms=86400000:compression.type=gzip,,,FULL
DE_STREAMS.elr.cdc.cdb.cnsm_othr_ins.v2,*,prod-de-streams,*:*,prod-de-streams:cdb-extract-prod,72,cleanup.policy=compact:delete.retention.ms=1209600000:max.compaction.lag.ms=86400000:compression.type=gzip,,,FULL
DE_STREAMS.elr.cdc.cdb.cnsm_pol_amt.v2,*,prod-de-streams,*:*,prod-de-streams:cdb-extract-prod,72,cleanup.policy=compact:delete.retention.ms=1209600000:max.compaction.lag.ms=86400000:compression.type=gzip,,,FULL
DE_STREAMS.elr.cdc.cdb.cnsm_prxst_cond.v2,*,prod-de-streams,*:*,prod-de-streams:cdb-extract-prod,72,cleanup.policy=compact:delete.retention.ms=1209600000:max.compaction.lag.ms=86400000:compression.type=gzip,,,FULL
DE_STREAMS.elr.cdc.cdb.cnsm_race_sel.v2,*,prod-de-streams,*:*:*,prod-de-streams:eligibility-api-consumer-foundational-eligibility-api:cdb-extract-prod,72,cleanup.policy=compact:delete.retention.ms=1209600000:max.compaction.lag.ms=86400000:compression.type=gzip,,,FULL
DE_STREAMS.elr.cdc.cdb.cnsm_slry_bas_ded_oop.v2,*,prod-de-streams,*:*:*,prod-de-streams:eligibility-api-consumer-foundational-eligibility-api:cdb-extract-prod,72,cleanup.policy=compact:delete.retention.ms=1209600000:max.compaction.lag.ms=86400000:compression.type=gzip,,,FULL
DE_STREAMS.elr.cdc.cdb.cnsm_sts.v2,*,prod-de-streams,*:*,prod-de-streams:cdb-extract-prod,72,cleanup.policy=compact:delete.retention.ms=1209600000:max.compaction.lag.ms=86400000:compression.type=gzip,,,FULL
DE_STREAMS.elr.cdc.cdb.cov_info.v2,*,prod-de-streams,*:*:*,prod-de-streams:eligibility-api-consumer-foundational-eligibility-api:cdb-extract-prod,72,cleanup.policy=compact:delete.retention.ms=1209600000:max.compaction.lag.ms=86400000:compression.type=gzip,,,FULL
DE_STREAMS.elr.cdc.cdb.cov_lvl_typ.v2,*,prod-de-streams,*:*,prod-de-streams:cdb-extract-prod,8,cleanup.policy=compact:delete.retention.ms=1209600000:max.compaction.lag.ms=86400000:compression.type=gzip,,,FULL
DE_STREAMS.elr.cdc.cdb.cov_pd_thru_rsn_typ.v2,*,prod-de-streams,*:*,prod-de-streams:cdb-extract-prod,8,cleanup.policy=compact:delete.retention.ms=1209600000:max.compaction.lag.ms=86400000:compression.type=gzip,,,FULL
DE_STREAMS.elr.cdc.cdb.cov_typ.v2,*,prod-de-streams,*:*:*,prod-de-streams:eligibility-api-consumer-foundational-eligibility-api:cdb-extract-prod,72,cleanup.policy=compact:delete.retention.ms=1209600000:max.compaction.lag.ms=86400000:compression.type=gzip,,,FULL
DE_STREAMS.elr.cdc.cdb.csp_pln_var_typ.v2,*,prod-de-streams,*:*:*,prod-de-streams:eligibility-api-consumer-foundational-eligibility-api:cdb-extract-prod,8,cleanup.policy=compact:delete.retention.ms=1209600000:max.compaction.lag.ms=86400000:compression.type=gzip,,,FULL
DE_STREAMS.elr.cdc.cdb.ctzn_sts_typ.v2,*,prod-de-streams,*:*,prod-de-streams:cdb-extract-prod,8,cleanup.policy=compact:delete.retention.ms=1209600000:max.compaction.lag.ms=86400000:compression.type=gzip,,,FULL
DE_STREAMS.elr.cdc.cdb.cust_defn_fld_typ.v2,*,prod-de-streams,*:*,prod-de-streams:cdb-extract-prod,8,cleanup.policy=compact:delete.retention.ms=1209600000:max.compaction.lag.ms=86400000:compression.type=gzip,,,FULL
DE_STREAMS.elr.cdc.cdb.cust_info.v2,*,prod-de-streams,*:*:*,prod-de-streams:eligibility-api-consumer-foundational-eligibility-api:cdb-extract-prod,72,cleanup.policy=compact:delete.retention.ms=1209600000:max.compaction.lag.ms=86400000:compression.type=gzip,,,FULL
DE_STREAMS.elr.cdc.cdb.data_src_typ.v2,*,prod-de-streams,*:*,prod-de-streams:cdb-extract-prod,1,cleanup.policy=compact:delete.retention.ms=1209600000:max.compaction.lag.ms=86400000:compression.type=gzip,,,FULL
DE_STREAMS.elr.cdc.cdb.ee_sts_typ.v2,*,prod-de-streams,*:*,prod-de-streams:cdb-extract-prod,8,cleanup.policy=compact:delete.retention.ms=1209600000:max.compaction.lag.ms=86400000:compression.type=gzip,,,FULL
DE_STREAMS.elr.cdc.cdb.elctr_adr_sts_typ.v2,*,prod-de-streams,*:*,prod-de-streams:cdb-extract-prod,8,cleanup.policy=compact:delete.retention.ms=1209600000:max.compaction.lag.ms=86400000:compression.type=gzip,,,FULL
DE_STREAMS.elr.cdc.cdb.elctr_adr_typ.v2,*,prod-de-streams,*:*,prod-de-streams:cdb-extract-prod,8,cleanup.policy=compact:delete.retention.ms=1209600000:max.compaction.lag.ms=86400000:compression.type=gzip,,,FULL
DE_STREAMS.elr.cdc.cdb.elctr_msg_fmt_typ.v2,*,prod-de-streams,*:*,prod-de-streams:cdb-extract-prod,8,cleanup.policy=compact:delete.retention.ms=1209600000:max.compaction.lag.ms=86400000:compression.type=gzip,,,FULL
DE_STREAMS.elr.cdc.cdb.empmt_clss_typ.v2,*,prod-de-streams,*:*,prod-de-streams:cdb-extract-prod,8,cleanup.policy=compact:delete.retention.ms=1209600000:max.compaction.lag.ms=86400000:compression.type=gzip,,,FULL
DE_STREAMS.elr.cdc.cdb.fam_lst_updt.v2,*,prod-de-streams,*:*,prod-de-streams:cdb-extract-prod,72,cleanup.policy=compact:delete.retention.ms=1209600000:max.compaction.lag.ms=86400000:compression.type=gzip,,,FULL
DE_STREAMS.elr.cdc.cdb.gdr_typ.v2,*,prod-de-streams,*:*,prod-de-streams:cdb-extract-prod,8,cleanup.policy=compact:delete.retention.ms=1209600000:max.compaction.lag.ms=86400000:compression.type=gzip,,,FULL
DE_STREAMS.elr.cdc.cdb.hlt_srv_prdln.v2,*,prod-de-streams,*:*,prod-de-streams:cdb-extract-prod,8,cleanup.policy=compact:delete.retention.ms=1209600000:max.compaction.lag.ms=86400000:compression.type=gzip,,,FULL
DE_STREAMS.elr.cdc.cdb.hlt_srv_prdt_typ.v2,*,prod-de-streams,*:*,prod-de-streams:cdb-extract-prod,8,cleanup.policy=compact:delete.retention.ms=1209600000:max.compaction.lag.ms=86400000:compression.type=gzip,,,FULL
DE_STREAMS.elr.cdc.cdb.icd_use_typ.v2,*,prod-de-streams,*:*,prod-de-streams:cdb-extract-prod,8,cleanup.policy=compact:delete.retention.ms=1209600000:max.compaction.lag.ms=86400000:compression.type=gzip,,,FULL
DE_STREAMS.elr.cdc.cdb.indirect_ethnc_pref_typ.v2,*,prod-de-streams,*:*,prod-de-streams:cdb-extract-prod,8,cleanup.policy=compact:delete.retention.ms=1209600000:max.compaction.lag.ms=86400000:compression.type=gzip,,,FULL
DE_STREAMS.elr.cdc.cdb.indirect_race_pref_typ.v2,*,prod-de-streams,*:*,prod-de-streams:cdb-extract-prod,8,cleanup.policy=compact:delete.retention.ms=1209600000:max.compaction.lag.ms=86400000:compression.type=gzip,,,FULL
DE_STREAMS.elr.cdc.cdb.irs_1095_ltr_excl.v2,*,prod-de-streams,*:*,prod-de-streams:cdb-extract-prod,1,cleanup.policy=compact:delete.retention.ms=1209600000:max.compaction.lag.ms=86400000:compression.type=gzip,,,FULL
DE_STREAMS.elr.cdc.cdb.l_cnsm_srch.v2,*,prod-de-streams,*:*:*,prod-de-streams:prod-imdm-cdb-streams:cdb-extract-prod,150,cleanup.policy=compact:delete.retention.ms=1209600000:max.compaction.lag.ms=86400000:compression.type=gzip,,,FULL
DE_STREAMS.elr.cdc.cdb.l_cov_prdt_dt.v2,*,prod-de-streams,*:*,prod-de-streams:cdb-extract-prod,600,cleanup.policy=compact:delete.retention.ms=1209600000:max.compaction.lag.ms=86400000:compression.type=gzip,,,FULL
DE_STREAMS.elr.cdc.cdb.l_cov_prdt_pcd.v2,*,prod-de-streams,*:*,prod-de-streams:cdb-extract-prod,72,cleanup.policy=compact:delete.retention.ms=1209600000:max.compaction.lag.ms=86400000:compression.type=gzip,,,FULL
DE_STREAMS.elr.cdc.cdb.l_cov_prdt_pcp.v2,*,prod-de-streams,*:*,prod-de-streams:cdb-extract-prod,72,cleanup.policy=compact:delete.retention.ms=1209600000:max.compaction.lag.ms=86400000:compression.type=gzip,,,FULL
DE_STREAMS.elr.cdc.cdb.l_finc_acct.v2,*,prod-de-streams,*:*,prod-de-streams:cdb-extract-prod,72,cleanup.policy=compact:delete.retention.ms=1209600000:max.compaction.lag.ms=86400000:compression.type=gzip,,,FULL
DE_STREAMS.elr.cdc.cdb.l_hlt_srv_dt.v2,*,prod-de-streams,*:*,prod-de-streams:cdb-extract-prod,72,cleanup.policy=compact:delete.retention.ms=1209600000:max.compaction.lag.ms=86400000:compression.type=gzip,,,FULL
DE_STREAMS.elr.cdc.cdb.l_lf_dis_prdt_dt.v2,*,prod-de-streams,*:*,prod-de-streams:cdb-extract-prod,72,cleanup.policy=compact:delete.retention.ms=1209600000:max.compaction.lag.ms=86400000:compression.type=gzip,,,FULL
DE_STREAMS.elr.cdc.cdb.lab_typ.v2,*,prod-de-streams,*:*:*,prod-de-streams:eligibility-api-consumer-foundational-eligibility-api:cdb-extract-prod,8,cleanup.policy=compact:delete.retention.ms=1209600000:max.compaction.lag.ms=86400000:compression.type=gzip,,,FULL
DE_STREAMS.elr.cdc.cdb.lang_pref_typ.v2,*,prod-de-streams,*:*:*,prod-de-streams:eligibility-api-consumer-foundational-eligibility-api:cdb-extract-prod,8,cleanup.policy=compact:delete.retention.ms=1209600000:max.compaction.lag.ms=86400000:compression.type=gzip,,,FULL
DE_STREAMS.elr.cdc.cdb.lf_ben_set_det.v2,*,prod-de-streams,*:*,prod-de-streams:cdb-extract-prod,8,cleanup.policy=compact:delete.retention.ms=1209600000:max.compaction.lag.ms=86400000:compression.type=gzip,,,FULL
DE_STREAMS.elr.cdc.cdb.mdcr_part_typ.v2,*,prod-de-streams,**,prod-de-streams:cdb-extract-prod,8,cleanup.policy=compact:delete.retention.ms=1209600000:max.compaction.lag.ms=86400000:compression.type=gzip,,,FULL
DE_STREAMS.elr.cdc.cdb.mgrt_src_id_xref.v2,*,prod-de-streams,*:*:*,prod-de-streams:eligibility-api-consumer-foundational-eligibility-api:cdb-extract-prod,72,cleanup.policy=compact:delete.retention.ms=1209600000:max.compaction.lag.ms=86400000:compression.type=gzip,,,FULL
DE_STREAMS.elr.cdc.cdb.ml_cnsm_adr.v2,*,prod-de-streams,*:*,prod-de-streams:cdb-extract-prod,150,cleanup.policy=compact:delete.retention.ms=1209600000:max.compaction.lag.ms=86400000:compression.type=gzip,,,FULL
DE_STREAMS.elr.cdc.cdb.ml_cnsm_elctr_adr.v2,*,prod-de-streams,*:*,prod-de-streams:cdb-extract-prod,72,cleanup.policy=compact:delete.retention.ms=1209600000:max.compaction.lag.ms=86400000:compression.type=gzip,,,FULL
DE_STREAMS.elr.cdc.cdb.ml_cnsm_tel.v2,*,prod-de-streams,*:*,prod-de-streams:cdb-extract-prod,72,cleanup.policy=compact:delete.retention.ms=1209600000:max.compaction.lag.ms=86400000:compression.type=gzip,,,FULL
DE_STREAMS.elr.cdc.cdb.ml_cnsm_xref.v2,*,prod-de-streams,*:*,prod-de-streams:cdb-extract-prod,600,cleanup.policy=compact:delete.retention.ms=1209600000:max.compaction.lag.ms=86400000:compression.type=gzip,,,FULL
DE_STREAMS.elr.cdc.cdb.mrtl_sts_typ.v2,*,prod-de-streams,*:*,prod-de-streams:cdb-extract-prod,8,cleanup.policy=compact:delete.retention.ms=1209600000:max.compaction.lag.ms=86400000:compression.type=gzip,,,FULL
DE_STREAMS.elr.cdc.cdb.oi_primacy_rsn_typ.v2,*,prod-de-streams,*:*,prod-de-streams:cdb-extract-prod,8,cleanup.policy=compact:delete.retention.ms=1209600000:max.compaction.lag.ms=86400000:compression.type=gzip,,,FULL
DE_STREAMS.elr.cdc.cdb.othr_ins_dtl.v2,*,prod-de-streams,*:*,prod-de-streams:cdb-extract-prod,1,cleanup.policy=compact:delete.retention.ms=1209600000:max.compaction.lag.ms=86400000:compression.type=gzip,,,FULL
DE_STREAMS.elr.cdc.cdb.pln_ben_set.v2,*,prod-de-streams,*:*:*,prod-de-streams:eligibility-api-consumer-foundational-eligibility-api:cdb-extract-prod,72,cleanup.policy=compact:delete.retention.ms=1209600000:max.compaction.lag.ms=86400000:compression.type=gzip,,,FULL
DE_STREAMS.elr.cdc.cdb.pln_ben_set_det.v2,*,prod-de-streams,*:*:*,prod-de-streams:eligibility-api-consumer-foundational-eligibility-api:cdb-extract-prod,72,cleanup.policy=compact:delete.retention.ms=1209600000:max.compaction.lag.ms=86400000:compression.type=gzip,,,FULL
DE_STREAMS.elr.cdc.cdb.pol_info.v2,*,prod-de-streams,*:*:*,prod-de-streams:eligibility-api-consumer-foundational-eligibility-api:cdb-extract-prod,72,cleanup.policy=compact:delete.retention.ms=1209600000:max.compaction.lag.ms=86400000:compression.type=gzip,,,FULL
DE_STREAMS.elr.cdc.cdb.pref_ctr_cnsm_adr.v2,*,prod-de-streams,*:*,prod-de-streams:cdb-extract-prod,8,cleanup.policy=compact:delete.retention.ms=1209600000:max.compaction.lag.ms=86400000:compression.type=gzip,,,FULL
DE_STREAMS.elr.cdc.cdb.pref_ctr_cnsm_tel.v2,*,prod-de-streams,*:*,prod-de-streams:cdb-extract-prod,8,cleanup.policy=compact:delete.retention.ms=1209600000:max.compaction.lag.ms=86400000:compression.type=gzip,,,FULL
DE_STREAMS.elr.cdc.cdb.pref_ctr_elctr_adr.v2,*,prod-de-streams,*:*,prod-de-streams:cdb-extract-prod,8,cleanup.policy=compact:delete.retention.ms=1209600000:max.compaction.lag.ms=86400000:compression.type=gzip,,,FULL
DE_STREAMS.elr.cdc.cdb.pref_ctr_lang_pref.v2,*,prod-de-streams,*:*,prod-de-streams:cdb-extract-prod,8,cleanup.policy=compact:delete.retention.ms=1209600000:max.compaction.lag.ms=86400000:compression.type=gzip,,,FULL
DE_STREAMS.elr.cdc.cdb.rx_ben_set_det.v2,*,prod-de-streams,*:*:*,prod-de-streams:eligibility-api-consumer-foundational-eligibility-api:cdb-extract-prod,72,cleanup.policy=compact:delete.retention.ms=1209600000:max.compaction.lag.ms=86400000:compression.type=gzip,,,FULL
DE_STREAMS.elr.cdc.cdb.sbscr_rel_typ.v2,*,prod-de-streams,*:*,prod-de-streams:cdb-extract-prod,8,cleanup.policy=compact:delete.retention.ms=1209600000:max.compaction.lag.ms=86400000:compression.type=gzip,,,FULL
DE_STREAMS.elr.cdc.cdb.src_cdb_xref.v2,*,prod-de-streams,*:*,prod-de-streams:cdb-extract-prod,600,cleanup.policy=compact:delete.retention.ms=1209600000:max.compaction.lag.ms=86400000:compression.type=gzip,,,FULL
DE_STREAMS.elr.cdc.cdb.src_sys_id.v2,*,prod-de-streams,*:*,prod-de-streams:cdb-extract-prod,1,cleanup.policy=compact:delete.retention.ms=1209600000:max.compaction.lag.ms=86400000:compression.type=gzip,,,FULL
DE_STREAMS.elr.cdc.cdb.srch_src_cd_cntl.v2,*,prod-de-streams,*:*:*,prod-de-streams:eligibility-api-consumer-foundational-eligibility-api:cdb-extract-prod,8,cleanup.policy=compact:delete.retention.ms=1209600000:max.compaction.lag.ms=86400000:compression.type=gzip,,,FULL
DE_STREAMS.elr.cdc.cdb.tops_cov_lvl_typ.v2,*,prod-de-streams,*:*,prod-de-streams:cdb-extract-prod,8,cleanup.policy=compact:delete.retention.ms=1209600000:max.compaction.lag.ms=86400000:compression.type=gzip,,,FULL
DE_STREAMS.elr.cdc.cdb.uhg_ethnc_sel_typ.v2,*,prod-de-streams,*:*:*,prod-de-streams:eligibility-api-consumer-foundational-eligibility-api:cdb-extract-prod,8,cleanup.policy=compact:delete.retention.ms=1209600000:max.compaction.lag.ms=86400000:compression.type=gzip,,,FULL
DE_STREAMS.elr.cdc.cdb.uhg_race_sel_typ.v2,*,prod-de-streams,*:*:*,prod-de-streams:eligibility-api-consumer-foundational-eligibility-api:cdb-extract-prod,8,cleanup.policy=compact:delete.retention.ms=1209600000:max.compaction.lag.ms=86400000:compression.type=gzip,,,FULL
DE_STREAMS.elr.cdc.cdb.vend_ben_dtl.v2,*,prod-de-streams,*:*,prod-de-streams:cdb-extract-prod,72,cleanup.policy=compact:delete.retention.ms=1209600000:max.compaction.lag.ms=86400000:compression.type=gzip,,,FULL
DE_STREAMS.elr.cdc.cis.deadletter.cnsm_xref.v1,*,prod-de-streams,*,prod-de-streams,8,cleanup.policy=compact:delete.retention.ms=1209600000:max.compaction.lag.ms=86400000:compression.type=gzip,,,FULL
DE_STREAMS.elr.cdc.connect-apsrp06632.uhc.com-configs.v2,*,de-connect-prod,*:*,de-connect-prod:prod-de-streams,1,cleanup.policy=compact,,,FULL
DE_STREAMS.elr.cdc.connect-apsrp06632.uhc.com-offsets.v2,*,de-connect-prod,*:*,de-connect-prod:prod-de-streams,50,cleanup.policy=compact,,,FULL
DE_STREAMS.elr.cdc.connect-apsrp06632.uhc.com-status.v2,*,de-connect-prod,*:*,de-connect-prod:prod-de-streams,10,cleanup.policy=compact,,,FULL
DE_STREAMS.elr.cdc.connect-apsrp06633.uhc.com-configs.v2,*,de-connect-prod,*:*,de-connect-prod:prod-de-streams,1,cleanup.policy=compact,,,FULL
DE_STREAMS.elr.cdc.connect-apsrp06633.uhc.com-offsets.v2,*,de-connect-prod,*:*,de-connect-prod:prod-de-streams,50,cleanup.policy=compact,,,FULL
DE_STREAMS.elr.cdc.connect-apsrp06633.uhc.com-status.v2,*,de-connect-prod,*:*,de-connect-prod:prod-de-streams,10,cleanup.policy=compact,,,FULL
DE_STREAMS.elr.cdc.connect-apsrp06634.uhc.com-configs.v2,*,de-connect-prod,*:*,de-connect-prod:prod-de-streams,1,cleanup.policy=compact,,,FULL
DE_STREAMS.elr.cdc.connect-apsrp06634.uhc.com-offsets.v2,*,de-connect-prod,*:*,de-connect-prod:prod-de-streams,50,cleanup.policy=compact,,,FULL
DE_STREAMS.elr.cdc.connect-apsrp06634.uhc.com-status.v2,*,de-connect-prod,*:*,de-connect-prod:prod-de-streams,10,cleanup.policy=compact,,,FULL
DE_STREAMS.elr.cdc.connect-apsrp06707.uhc.com-configs.v2,*,de-connect-prod,*:*,de-connect-prod:prod-de-streams,1,cleanup.policy=compact,,,FULL
DE_STREAMS.elr.cdc.connect-apsrp06707.uhc.com-offsets.v2,*,de-connect-prod,*:*,de-connect-prod:prod-de-streams,50,cleanup.policy=compact,,,FULL
DE_STREAMS.elr.cdc.connect-apsrp06707.uhc.com-status.v2,*,de-connect-prod,*:*,de-connect-prod:prod-de-streams,10,cleanup.policy=compact,,,FULL
DE_STREAMS.elr.cdc.connect-apsrp06708.uhc.com-configs.v2,*,de-connect-prod,*:*,de-connect-prod:prod-de-streams,1,cleanup.policy=compact,,,FULL
DE_STREAMS.elr.cdc.connect-apsrp06708.uhc.com-offsets.v2,*,de-connect-prod,*:*,de-connect-prod:prod-de-streams,50,cleanup.policy=compact,,,FULL
DE_STREAMS.elr.cdc.connect-apsrp06708.uhc.com-status.v2,*,de-connect-prod,*:*,de-connect-prod:prod-de-streams,10,cleanup.policy=compact,,,FULL
DE_STREAMS.elr.cdc.connect-apsrp06709.uhc.com-configs.v2,*,de-connect-prod,*:*,de-connect-prod:prod-de-streams,1,cleanup.policy=compact,,,FULL
DE_STREAMS.elr.cdc.connect-apsrp06709.uhc.com-offsets.v2,*,de-connect-prod,*:*,de-connect-prod:prod-de-streams,50,cleanup.policy=compact,,,FULL
DE_STREAMS.elr.cdc.connect-apsrp06709.uhc.com-status.v2,*,de-connect-prod,*:*,de-connect-prod:prod-de-streams,10,cleanup.policy=compact,,,FULL
DE_STREAMS.elr.cdc.eligibility_keyed.membership.v1,*,prod-de-streams,*,prod-de-streams,600,retention.ms=1209600000:compression.type=gzip,,,FULL
DE_STREAMS.elr.cdc.foundational.eligibility.v1,*,prod-de-streams,*:*:*:*:*,prod-imdm-cdb-streams:prod-de-streams:eligibility-api-consumer-foundational-eligibility-api:*.data-exts-eligibility-api-prod.svc.cluster.local:hcp-streams-prd,600,cleanup.policy=compact:delete.retention.ms=1209600000:max.compaction.lag.ms=86400000:compression.type=gzip,,,FULL
DE_STREAMS.elr.cdc.foundational.eligibility.v1.mirrored,*,prod-de-streams,*:*:*:*:*,prod-imdm-cdb-streams:prod-de-streams:eligibility-api-consumer-foundational-eligibility-api:*.data-exts-eligibility-api-prod.svc.cluster.local:hcp-streams-prd,600,cleanup.policy=compact:delete.retention.ms=1209600000:max.compaction.lag.ms=86400000:compression.type=gzip,,,FULL
DE_STREAMS.elr.cdc.foundational.individual.v1,*,prod-de-streams,*,prod-de-streams,1200,cleanup.policy=compact:delete.retention.ms=1209600000:max.compaction.lag.ms=86400000:compression.type=gzip,,,FULL
DE_STREAMS.elr.cdc.foundational.membership.v1,*,prod-de-streams,*,prod-de-streams,600,cleanup.policy=compact:delete.retention.ms=1209600000:max.compaction.lag.ms=86400000:compression.type=gzip,,,FULL
DE_STREAMS.elr.cdc.foundational.security.v1,*,prod-de-streams,*,prod-de-streams,8,retention.ms=1:compression.type=gzip,,,FULL
DE_STREAMS.elr.cdc.hpu.bil_dtl_cov.v1,*:*,prod-de-streams:de-connect-prod,*:*,prod-de-streams:de-connect-prod,24,retention.ms=1209600000:compression.type=gzip,,,FULL
DE_STREAMS.elr.cdc.hpu.cancel_rsn_typ.v1,*:*,prod-de-streams:de-connect-prod,*:*,prod-de-streams:de-connect-prod,1,retention.ms=1209600000:compression.type=gzip,,,FULL
DE_STREAMS.elr.cdc.hpu.cdb_mbr_population.v1,*:*,prod-de-streams:de-connect-prod,*:*,prod-de-streams:de-connect-prod,24,retention.ms=1209600000:compression.type=gzip,,,FULL
DE_STREAMS.elr.cdc.hpu.cdb_security.v1,*:*,prod-de-streams:de-connect-prod,*:*,prod-de-streams:de-connect-prod,4,retention.ms=1209600000:compression.type=gzip,,,FULL
DE_STREAMS.elr.cdc.hpu.clm_diag_pstn_typ.v1,*:*,prod-de-streams:de-connect-prod,*:*,prod-de-streams:de-connect-prod,8,retention.ms=1209600000:compression.type=gzip,,,FULL
DE_STREAMS.elr.cdc.hpu.cnsm_auth_rep.v1,*:*,prod-de-streams:de-connect-prod,*:*,prod-de-streams:de-connect-prod,24,retention.ms=1209600000:compression.type=gzip,,,FULL
DE_STREAMS.elr.cdc.hpu.cnsm_brkr_enty.v1,*:*,prod-de-streams:de-connect-prod,*:*,prod-de-streams:de-connect-prod,24,retention.ms=1209600000:compression.type=gzip,,,FULL
DE_STREAMS.elr.cdc.hpu.cnsm_cal.v1,*:*,prod-de-streams:de-connect-prod,*:*,prod-de-streams:de-connect-prod,24,retention.ms=1209600000:compression.type=gzip,,,FULL
DE_STREAMS.elr.cdc.hpu.cnsm_cmnct_mech.v1,*:*,prod-de-streams:de-connect-prod,*:*,prod-de-streams:de-connect-prod,8,retention.ms=1209600000:compression.type=gzip,,,FULL
DE_STREAMS.elr.cdc.hpu.cnsm_cob_acc_diag.v1,*:*,prod-de-streams:de-connect-prod,*:*,prod-de-streams:de-connect-prod,24,retention.ms=1209600000:compression.type=gzip,,,FULL
DE_STREAMS.elr.cdc.hpu.cnsm_cob_primacy.v1,*:*,prod-de-streams:de-connect-prod,*:*,prod-de-streams:de-connect-prod,24,retention.ms=1209600000:compression.type=gzip,,,FULL
DE_STREAMS.elr.cdc.hpu.cnsm_cob_prisec.v1,*:*,prod-de-streams:de-connect-prod,*:*,prod-de-streams:de-connect-prod,24,retention.ms=1209600000:compression.type=gzip,,,FULL
DE_STREAMS.elr.cdc.hpu.cnsm_cov_cust_defn_fld.v1,*:*,prod-de-streams:de-connect-prod,*:*,prod-de-streams:de-connect-prod,24,retention.ms=1209600000:compression.type=gzip,,,FULL
DE_STREAMS.elr.cdc.hpu.cnsm_cptin_sts.v1,*:*,prod-de-streams:de-connect-prod,*:*,prod-de-streams:de-connect-prod,24,retention.ms=1209600000:compression.type=gzip,,,FULL
DE_STREAMS.elr.cdc.hpu.cnsm_cust_defn_fld.v1,*:*,prod-de-streams:de-connect-prod,*:*,prod-de-streams:de-connect-prod,24,retention.ms=1209600000:compression.type=gzip,,,FULL
DE_STREAMS.elr.cdc.hpu.cnsm_doc_ctl.v1,*:*,prod-de-streams:de-connect-prod,*:*,prod-de-streams:de-connect-prod,24,retention.ms=1209600000:compression.type=gzip,,,FULL
DE_STREAMS.elr.cdc.hpu.cnsm_doc_req.v1,*:*,prod-de-streams:de-connect-prod,*:*,prod-de-streams:de-connect-prod,24,retention.ms=1209600000:compression.type=gzip,,,FULL
DE_STREAMS.elr.cdc.hpu.cnsm_doc_sprs.v1,*:*,prod-de-streams:de-connect-prod,*:*,prod-de-streams:de-connect-prod,24,retention.ms=1209600000:compression.type=gzip,,,FULL
DE_STREAMS.elr.cdc.hpu.cnsm_dtl.v1,*:*,prod-de-streams:de-connect-prod,*:*,prod-de-streams:de-connect-prod,24,retention.ms=1209600000:compression.type=gzip,,,FULL
DE_STREAMS.elr.cdc.hpu.cnsm_eft.v1,*:*,prod-de-streams:de-connect-prod,*:*,prod-de-streams:de-connect-prod,24,retention.ms=1209600000:compression.type=gzip,,,FULL
DE_STREAMS.elr.cdc.hpu.cnsm_empl_id.v1,*:*,prod-de-streams:de-connect-prod,*:*,prod-de-streams:de-connect-prod,24,retention.ms=1209600000:compression.type=gzip,,,FULL
DE_STREAMS.elr.cdc.hpu.cnsm_ethnc_sel.v1,*:*,prod-de-streams:de-connect-prod,*:*,prod-de-streams:de-connect-prod,24,retention.ms=1209600000:compression.type=gzip,,,FULL
DE_STREAMS.elr.cdc.hpu.cnsm_hpln_lang_prf.v1,*:*,prod-de-streams:de-connect-prod,*:*,prod-de-streams:de-connect-prod,8,retention.ms=1209600000:compression.type=gzip,,,FULL
DE_STREAMS.elr.cdc.hpu.cnsm_indirect_ethnc_sel.v1,*:*,prod-de-streams:de-connect-prod,*:*,prod-de-streams:de-connect-prod,8,retention.ms=1209600000:compression.type=gzip,,,FULL
DE_STREAMS.elr.cdc.hpu.cnsm_indirect_lang_pref.v1,*:*,prod-de-streams:de-connect-prod,*:*,prod-de-streams:de-connect-prod,8,retention.ms=1209600000:compression.type=gzip,,,FULL
DE_STREAMS.elr.cdc.hpu.cnsm_indirect_race_sel.v1,*:*,prod-de-streams:de-connect-prod,*:*,prod-de-streams:de-connect-prod,8,retention.ms=1209600000:compression.type=gzip,,,FULL
DE_STREAMS.elr.cdc.hpu.cnsm_lab_info.v1,*:*,prod-de-streams:de-connect-prod,*:*,prod-de-streams:de-connect-prod,24,retention.ms=1209600000:compression.type=gzip,,,FULL
DE_STREAMS.elr.cdc.hpu.cnsm_lang_pref.v1,*:*,prod-de-streams:de-connect-prod,*:*,prod-de-streams:de-connect-prod,24,retention.ms=1209600000:compression.type=gzip,,,FULL
DE_STREAMS.elr.cdc.hpu.cnsm_mbr_lylty_ack.v1,*:*,prod-de-streams:de-connect-prod,*:*,prod-de-streams:de-connect-prod,1,retention.ms=1209600000:compression.type=gzip,,,FULL
DE_STREAMS.elr.cdc.hpu.cnsm_mdcr_elig.v1,*:*,prod-de-streams:de-connect-prod,*:*,prod-de-streams:de-connect-prod,24,retention.ms=1209600000:compression.type=gzip,,,FULL
DE_STREAMS.elr.cdc.hpu.cnsm_mdcr_enrl.v1,*:*,prod-de-streams:de-connect-prod,*:*,prod-de-streams:de-connect-prod,24,retention.ms=1209600000:compression.type=gzip,,,FULL
DE_STREAMS.elr.cdc.hpu.cnsm_mdcr_entl.v1,*:*,prod-de-streams:de-connect-prod,*:*,prod-de-streams:de-connect-prod,24,retention.ms=1209600000:compression.type=gzip,,,FULL
DE_STREAMS.elr.cdc.hpu.cnsm_mdcr_primacy.v1,*:*,prod-de-streams:de-connect-prod,*:*,prod-de-streams:de-connect-prod,24,retention.ms=1209600000:compression.type=gzip,,,FULL
DE_STREAMS.elr.cdc.hpu.cnsm_mdcr_prisec.v1,*:*,prod-de-streams:de-connect-prod,*:*,prod-de-streams:de-connect-prod,24,retention.ms=1209600000:compression.type=gzip,,,FULL
DE_STREAMS.elr.cdc.hpu.cnsm_othr_ins.v1,*:*,prod-de-streams:de-connect-prod,*:*,prod-de-streams:de-connect-prod,24,retention.ms=1209600000:compression.type=gzip,,,FULL
DE_STREAMS.elr.cdc.hpu.cnsm_pol_amt.v1,*:*,prod-de-streams:de-connect-prod,*:*,prod-de-streams:de-connect-prod,24,retention.ms=1209600000:compression.type=gzip,,,FULL
DE_STREAMS.elr.cdc.hpu.cnsm_prxst_cond.v1,*:*,prod-de-streams:de-connect-prod,*:*,prod-de-streams:de-connect-prod,24,retention.ms=1209600000:compression.type=gzip,,,FULL
DE_STREAMS.elr.cdc.hpu.cnsm_race_sel.v1,*:*,prod-de-streams:de-connect-prod,*:*,prod-de-streams:de-connect-prod,24,retention.ms=1209600000:compression.type=gzip,,,FULL
DE_STREAMS.elr.cdc.hpu.cnsm_slry_bas_ded_oop.v1,*:*,prod-de-streams:de-connect-prod,*:*,prod-de-streams:de-connect-prod,24,retention.ms=1209600000:compression.type=gzip,,,FULL
DE_STREAMS.elr.cdc.hpu.cnsm_sts.v1,*:*,prod-de-streams:de-connect-prod,*:*,prod-de-streams:de-connect-prod,24,retention.ms=1209600000:compression.type=gzip,,,FULL
DE_STREAMS.elr.cdc.hpu.cov_info.v1,*:*,prod-de-streams:de-connect-prod,*:*,prod-de-streams:de-connect-prod,24,retention.ms=1209600000:compression.type=gzip,,,FULL
DE_STREAMS.elr.cdc.hpu.cov_lvl_typ.v1,*:*,prod-de-streams:de-connect-prod,*:*,prod-de-streams:de-connect-prod,8,retention.ms=1209600000:compression.type=gzip,,,FULL
DE_STREAMS.elr.cdc.hpu.cov_pd_thru_rsn_typ.v1,*:*,prod-de-streams:de-connect-prod,*:*,prod-de-streams:de-connect-prod,8,retention.ms=1209600000:compression.type=gzip,,,FULL
DE_STREAMS.elr.cdc.hpu.cov_typ.v1,*:*,prod-de-streams:de-connect-prod,*:*,prod-de-streams:de-connect-prod,24,retention.ms=1209600000:compression.type=gzip,,,FULL
DE_STREAMS.elr.cdc.hpu.csp_pln_var_typ.v1,*:*,prod-de-streams:de-connect-prod,*:*,prod-de-streams:de-connect-prod,4,retention.ms=1209600000:compression.type=gzip,,,FULL
DE_STREAMS.elr.cdc.hpu.ctzn_sts_typ.v1,*:*,prod-de-streams:de-connect-prod,*:*,prod-de-streams:de-connect-prod,8,retention.ms=1209600000:compression.type=gzip,,,FULL
DE_STREAMS.elr.cdc.hpu.cust_defn_fld_typ.v1,*:*,prod-de-streams:de-connect-prod,*:*,prod-de-streams:de-connect-prod,4,retention.ms=1209600000:compression.type=gzip,,,FULL
DE_STREAMS.elr.cdc.hpu.cust_info.v1,*:*,prod-de-streams:de-connect-prod,*:*,prod-de-streams:de-connect-prod,24,retention.ms=1209600000:compression.type=gzip,,,FULL
DE_STREAMS.elr.cdc.hpu.data_src_typ.v1,*:*,prod-de-streams:de-connect-prod,*:*,prod-de-streams:de-connect-prod,1,retention.ms=1209600000:compression.type=gzip,,,FULL
DE_STREAMS.elr.cdc.hpu.ee_sts_typ.v1,*:*,prod-de-streams:de-connect-prod,*:*,prod-de-streams:de-connect-prod,8,retention.ms=1209600000:compression.type=gzip,,,FULL
DE_STREAMS.elr.cdc.hpu.elctr_adr_sts_typ.v1,*:*,prod-de-streams:de-connect-prod,*:*,prod-de-streams:de-connect-prod,8,retention.ms=1209600000:compression.type=gzip,,,FULL
DE_STREAMS.elr.cdc.hpu.elctr_adr_typ.v1,*:*,prod-de-streams:de-connect-prod,*:*,prod-de-streams:de-connect-prod,8,retention.ms=1209600000:compression.type=gzip,,,FULL
DE_STREAMS.elr.cdc.hpu.elctr_msg_fmt_typ.v1,*:*,prod-de-streams:de-connect-prod,*:*,prod-de-streams:de-connect-prod,8,retention.ms=1209600000:compression.type=gzip,,,FULL
DE_STREAMS.elr.cdc.hpu.empmt_clss_typ.v1,*:*,prod-de-streams:de-connect-prod,*:*,prod-de-streams:de-connect-prod,8,retention.ms=1209600000:compression.type=gzip,,,FULL
DE_STREAMS.elr.cdc.hpu.fam_lst_updt.v1,*:*,prod-de-streams:de-connect-prod,*:*,prod-de-streams:de-connect-prod,24,retention.ms=1209600000:compression.type=gzip,,,FULL
DE_STREAMS.elr.cdc.hpu.gdr_typ.v1,*:*,prod-de-streams:de-connect-prod,*:*,prod-de-streams:de-connect-prod,8,retention.ms=1209600000:compression.type=gzip,,,FULL
DE_STREAMS.elr.cdc.hpu.hlt_srv_prdln.v1,*:*,prod-de-streams:de-connect-prod,*:*,prod-de-streams:de-connect-prod,8,retention.ms=1209600000:compression.type=gzip,,,FULL
DE_STREAMS.elr.cdc.hpu.hlt_srv_prdt_typ.v1,*:*,prod-de-streams:de-connect-prod,*:*,prod-de-streams:de-connect-prod,8,retention.ms=1209600000:compression.type=gzip,,,FULL
DE_STREAMS.elr.cdc.hpu.icd_use_typ.v1,*:*,prod-de-streams:de-connect-prod,*:*,prod-de-streams:de-connect-prod,8,retention.ms=1209600000:compression.type=gzip,,,FULL
DE_STREAMS.elr.cdc.hpu.indirect_ethnc_pref_typ.v1,*:*,prod-de-streams:de-connect-prod,*:*,prod-de-streams:de-connect-prod,8,retention.ms=1209600000:compression.type=gzip,,,FULL
DE_STREAMS.elr.cdc.hpu.indirect_race_pref_typ.v1,*:*,prod-de-streams:de-connect-prod,*:*,prod-de-streams:de-connect-prod,8,retention.ms=1209600000:compression.type=gzip,,,FULL
DE_STREAMS.elr.cdc.hpu.irs_1095_ltr_excl.v1,*:*,prod-de-streams:de-connect-prod,*:*,prod-de-streams:de-connect-prod,1,retention.ms=1209600000:compression.type=gzip,,,FULL
DE_STREAMS.elr.cdc.hpu.l_cnsm_srch.v1,*:*,prod-de-streams:de-connect-prod,*:*,prod-de-streams:de-connect-prod,24,retention.ms=1209600000:compression.type=gzip,,,FULL
DE_STREAMS.elr.cdc.hpu.l_cov_prdt_dt.v1,*:*,prod-de-streams:de-connect-prod,*:*,prod-de-streams:de-connect-prod,100,retention.ms=1209600000:compression.type=gzip,,,FULL
DE_STREAMS.elr.cdc.hpu.l_cov_prdt_pcd.v1,*:*,prod-de-streams:de-connect-prod,*:*,prod-de-streams:de-connect-prod,24,retention.ms=1209600000:compression.type=gzip,,,FULL
DE_STREAMS.elr.cdc.hpu.l_cov_prdt_pcp.v1,*:*,prod-de-streams:de-connect-prod,*:*,prod-de-streams:de-connect-prod,24,retention.ms=1209600000:compression.type=gzip,,,FULL
DE_STREAMS.elr.cdc.hpu.l_finc_acct.v1,*:*,prod-de-streams:de-connect-prod,*:*,prod-de-streams:de-connect-prod,24,retention.ms=1209600000:compression.type=gzip,,,FULL
DE_STREAMS.elr.cdc.hpu.l_hlt_srv_dt.v1,*:*,prod-de-streams:de-connect-prod,*:*,prod-de-streams:de-connect-prod,24,retention.ms=1209600000:compression.type=gzip,,,FULL
DE_STREAMS.elr.cdc.hpu.l_lf_dis_prdt_dt.v1,*:*,prod-de-streams:de-connect-prod,*:*,prod-de-streams:de-connect-prod,24,retention.ms=1209600000:compression.type=gzip,,,FULL
DE_STREAMS.elr.cdc.hpu.lab_typ.v1,*:*,prod-de-streams:de-connect-prod,*:*,prod-de-streams:de-connect-prod,4,retention.ms=1209600000:compression.type=gzip,,,FULL
DE_STREAMS.elr.cdc.hpu.lang_pref_typ.v1,*:*,prod-de-streams:de-connect-prod,*:*,prod-de-streams:de-connect-prod,4,retention.ms=1209600000:compression.type=gzip,,,FULL
DE_STREAMS.elr.cdc.hpu.lf_ben_set_det.v1,*:*,prod-de-streams:de-connect-prod,*:*,prod-de-streams:de-connect-prod,4,retention.ms=1209600000:compression.type=gzip,,,FULL
DE_STREAMS.elr.cdc.hpu.mdcr_part_typ.v1,*:*,prod-de-streams:de-connect-prod,*:*,prod-de-streams:de-connect-prod,8,retention.ms=1209600000:compression.type=gzip,,,FULL
DE_STREAMS.elr.cdc.hpu.mgrt_src_id_xref.v1,*:*,prod-de-streams:de-connect-prod,*:*,prod-de-streams:de-connect-prod,24,retention.ms=1209600000:compression.type=gzip,,,FULL
DE_STREAMS.elr.cdc.hpu.ml_cnsm_adr.v1,*:*,prod-de-streams:de-connect-prod,*:*,prod-de-streams:de-connect-prod,24,retention.ms=1209600000:compression.type=gzip,,,FULL
DE_STREAMS.elr.cdc.hpu.ml_cnsm_elctr_adr.v1,*:*,prod-de-streams:de-connect-prod,*:*,prod-de-streams:de-connect-prod,24,retention.ms=1209600000:compression.type=gzip,,,FULL
DE_STREAMS.elr.cdc.hpu.ml_cnsm_tel.v1,*:*,prod-de-streams:de-connect-prod,*:*,prod-de-streams:de-connect-prod,24,retention.ms=1209600000:compression.type=gzip,,,FULL
DE_STREAMS.elr.cdc.hpu.ml_cnsm_xref.v1,*:*,prod-de-streams:de-connect-prod,*:*,prod-de-streams:de-connect-prod,100,retention.ms=1209600000:compression.type=gzip,,,FULL
DE_STREAMS.elr.cdc.hpu.mrtl_sts_typ.v1,*:*,prod-de-streams:de-connect-prod,*:*,prod-de-streams:de-connect-prod,8,retention.ms=1209600000:compression.type=gzip,,,FULL
DE_STREAMS.elr.cdc.hpu.oi_primacy_rsn_typ.v1,*:*,prod-de-streams:de-connect-prod,*:*,prod-de-streams:de-connect-prod,8,retention.ms=1209600000:compression.type=gzip,,,FULL
DE_STREAMS.elr.cdc.hpu.othr_ins_dtl.v1,*:*,prod-de-streams:de-connect-prod,*:*,prod-de-streams:de-connect-prod,1,retention.ms=1209600000:compression.type=gzip,,,FULL
DE_STREAMS.elr.cdc.hpu.pln_ben_set.v1,*:*,prod-de-streams:de-connect-prod,*:*,prod-de-streams:de-connect-prod,24,retention.ms=1209600000:compression.type=gzip,,,FULL
DE_STREAMS.elr.cdc.hpu.pln_ben_set_det.v1,*:*,prod-de-streams:de-connect-prod,*:*,prod-de-streams:de-connect-prod,24,retention.ms=1209600000:compression.type=gzip,,,FULL
DE_STREAMS.elr.cdc.hpu.pol_info.v1,*:*,prod-de-streams:de-connect-prod,*:*,prod-de-streams:de-connect-prod,24,retention.ms=1209600000:compression.type=gzip,,,FULL
DE_STREAMS.elr.cdc.hpu.pref_ctr_cnsm_adr.v1,*:*,prod-de-streams:de-connect-prod,*:*,prod-de-streams:de-connect-prod,8,retention.ms=1209600000:compression.type=gzip,,,FULL
DE_STREAMS.elr.cdc.hpu.pref_ctr_cnsm_tel.v1,*:*,prod-de-streams:de-connect-prod,*:*,prod-de-streams:de-connect-prod,8,retention.ms=1209600000:compression.type=gzip,,,FULL
DE_STREAMS.elr.cdc.hpu.pref_ctr_elctr_adr.v1,*:*,prod-de-streams:de-connect-prod,*:*,prod-de-streams:de-connect-prod,8,retention.ms=1209600000:compression.type=gzip,,,FULL
DE_STREAMS.elr.cdc.hpu.pref_ctr_lang_pref.v1,*:*,prod-de-streams:de-connect-prod,*:*,prod-de-streams:de-connect-prod,8,retention.ms=1209600000:compression.type=gzip,,,FULL
DE_STREAMS.elr.cdc.hpu.rx_ben_set_det.v1,*:*,prod-de-streams:de-connect-prod,*:*,prod-de-streams:de-connect-prod,24,retention.ms=1209600000:compression.type=gzip,,,FULL
DE_STREAMS.elr.cdc.hpu.sbscr_rel_typ.v1,*:*,prod-de-streams:de-connect-prod,*:*,prod-de-streams:de-connect-prod,8,retention.ms=1209600000:compression.type=gzip,,,FULL
DE_STREAMS.elr.cdc.hpu.src_cdb_xref.v1,*:*,prod-de-streams:de-connect-prod,*:*,prod-de-streams:de-connect-prod,24,retention.ms=1209600000:compression.type=gzip,,,FULL
DE_STREAMS.elr.cdc.hpu.src_sys_id.v1,*:*,prod-de-streams:de-connect-prod,*:*,prod-de-streams:de-connect-prod,1,retention.ms=1209600000:compression.type=gzip,,,FULL
DE_STREAMS.elr.cdc.hpu.srch_src_cd_cntl.v1,*:*,prod-de-streams:de-connect-prod,*:*,prod-de-streams:de-connect-prod,4,retention.ms=1209600000:compression.type=gzip,,,FULL
DE_STREAMS.elr.cdc.hpu.tops_cov_lvl_typ.v1,*:*,prod-de-streams:de-connect-prod,*:*,prod-de-streams:de-connect-prod,8,retention.ms=1209600000:compression.type=gzip,,,FULL
DE_STREAMS.elr.cdc.hpu.uhg_ethnc_sel_typ.v1,*:*,prod-de-streams:de-connect-prod,*:*,prod-de-streams:de-connect-prod,4,retention.ms=1209600000:compression.type=gzip,,,FULL
DE_STREAMS.elr.cdc.hpu.uhg_race_sel_typ.v1,*:*,prod-de-streams:de-connect-prod,*:*,prod-de-streams:de-connect-prod,4,retention.ms=1209600000:compression.type=gzip,,,FULL
DE_STREAMS.elr.cdc.hpu.vend_ben_dtl.v1,*:*,prod-de-streams:de-connect-prod,*:*,prod-de-streams:de-connect-prod,24,retention.ms=1209600000:compression.type=gzip,,,FULL
DE_STREAMS.elr.cdc.individual_keyed.cdb_mbr_population.v1,*,prod-de-streams,*,prod-de-streams,48,retention.ms=1209600000:compression.type=gzip,,,FULL
DE_STREAMS.elr.cdc.individual_keyed.cnsm_auth_rep.v1,*,prod-de-streams,*,prod-de-streams,48,retention.ms=1209600000:compression.type=gzip,,,FULL
DE_STREAMS.elr.cdc.individual_keyed.cnsm_cob_primacy.v1,*,prod-de-streams,*,prod-de-streams,48,retention.ms=1209600000:compression.type=gzip,,,FULL
DE_STREAMS.elr.cdc.individual_keyed.cnsm_cust_defn_fld.v1,*,prod-de-streams,*,prod-de-streams,96,retention.ms=1209600000:compression.type=gzip,,,FULL
DE_STREAMS.elr.cdc.individual_keyed.cnsm_lab_info.v1,*,prod-de-streams,*,prod-de-streams,48,retention.ms=1209600000:compression.type=gzip,,,FULL
DE_STREAMS.elr.cdc.individual_keyed.cnsm_mdcr_primacy.v1,*,prod-de-streams,*,prod-de-streams,48,retention.ms=1209600000:compression.type=gzip,,,FULL
DE_STREAMS.elr.cdc.individual_keyed.cnsm_othr_ins.v1,*,prod-de-streams,*,prod-de-streams,48,retention.ms=1209600000:compression.type=gzip,,,FULL
DE_STREAMS.elr.cdc.individual_keyed.cnsm_pol_amt.v1,*,prod-de-streams,*,prod-de-streams,48,retention.ms=1209600000:compression.type=gzip,,,FULL
DE_STREAMS.elr.cdc.individual_keyed.cnsm_sts.v1,*,prod-de-streams,*,prod-de-streams,48,retention.ms=1209600000:compression.type=gzip,,,FULL
DE_STREAMS.elr.cdc.individual_keyed.l_cov_prdt_pcp.v1,*,prod-de-streams,*,prod-de-streams,48,retention.ms=1209600000:compression.type=gzip,,,FULL
DE_STREAMS.elr.cdc.individual_keyed.mgrt_src_id_xref.v1,*,prod-de-streams,*,prod-de-streams,24,retention.ms=1209600000:compression.type=gzip,,,FULL
DE_STREAMS.elr.cdc.individual_keyed.ml_cnsm_adr.v1,*,prod-de-streams,*,prod-de-streams,150,retention.ms=1209600000:compression.type=gzip,,,FULL
DE_STREAMS.elr.cdc.individual_keyed.ml_cnsm_elctr_adr.v1,*,prod-de-streams,*,prod-de-streams,48,retention.ms=1209600000:compression.type=gzip,,,FULL
DE_STREAMS.elr.cdc.individual_keyed.ml_cnsm_tel.v1,*,prod-de-streams,*,prod-de-streams,96,retention.ms=1209600000:compression.type=gzip,,,FULL
DE_STREAMS.elr.cdc.individual_keyed.ml_cnsm_xref.v1,*,prod-de-streams,*,prod-de-streams,600,retention.ms=1209600000:compression.type=gzip,,,FULL
DE_STREAMS.elr.cdc.membership_keyed.cnsm_cov_cust_defn_fld.v1,*,prod-de-streams,*,prod-de-streams,96,retention.ms=1209600000:compression.type=gzip,,,FULL
DE_STREAMS.elr.cdc.mpe.darkmode.validator.v1,*,prod-de-streams,*,prod-de-streams,8,retention.ms=1209600000,,,FULL
DE_STREAMS.elr.cdc.rally.cis_filtered_eligibility.v3,*,prod-de-streams,*,prod-de-streams,300,cleanup.policy=compact:delete.retention.ms=1209600000:max.compaction.lag.ms=86400000:compression.type=gzip,,,FULL
DE_STREAMS.elr.cdc.rally.eligibility.v3,*,prod-de-streams,*:*,prod-de-streams:beam-hcp,120,cleanup.policy=compact:delete.retention.ms=1209600000:max.compaction.lag.ms=86400000:compression.type=gzip,,,FULL
DE_STREAMS.elr.cdc.rally.identity.v3,*,prod-de-streams,*:*,prod-de-streams:beam-hcp,120,cleanup.policy=compact:delete.retention.ms=1209600000:max.compaction.lag.ms=86400000:compression.type=gzip,,,FULL
DE_STREAMS.elr.cdc.rally.schemas.v1,*,prod-de-streams,*:*,prod-de-streams:beam-hcp,1,cleanup.policy=compact:delete.retention.ms=1209600000:max.compaction.lag.ms=86400000,,,FULL
DE_STREAMS.elr.cdc.reverse_proxy.upm.darkmode.validator.v1,*,*.data-exts-eligibility-api-prod.svc.cluster.local,*,*.data-exts-eligibility-api-prod.svc.cluster.local,64,retention.ms=2592000000:compression.type=gzip,,,FULL
DE_STREAMS.elr.cdc.upm.darkmode.validator.v1,*:*,prod-de-streams:mq-kafka-connector,*:*:*,prod-de-streams:upm-dark-mode-validator:*.data-exts-eligibility-api-prod.svc.cluster.local,64,retention.ms=2592000000:compression.type=gzip,,,FULL
DE_STREAMS.elr.cdc.upm.darkmode.validator.v2,*:*,prod-de-streams:mq-kafka-connector,*:*:*,prod-de-streams:upm-dark-mode-validator:*.data-exts-eligibility-api-prod.svc.cluster.local,256,retention.ms=2592000000:compression.type=gzip,,,FULL
DE_STREAMS.elr.cdc.xref_keyed.cdb_mbr_population.v1,*,prod-de-streams,*,prod-de-streams,72,retention.ms=1209600000:compression.type=gzip,,,FULL
DE_STREAMS.elr.cmd.oo.v1,*,prod-de-streams,*,prod-de-streams,64,retention.ms=1209600000:compression.type=gzip,,,FULL
DE_STREAMS.elr.cmd.publish_eligibility.v1,*,prod-de-streams,*,prod-de-streams,1200,retention.ms=1209600000:compression.type=gzip,,,FULL
DE_STREAMS.elr.cmd.publish_individual.v1,*,prod-de-streams,*,prod-de-streams,1200,retention.ms=1209600000:compression.type=gzip,,,FULL
DE_STREAMS.elr.cmd.publish_membership.v1,*,prod-de-streams,*,prod-de-streams,1200,retention.ms=1209600000:compression.type=gzip,,,FULL
DE_STREAMS.elr.cmd.rally.publish_eligibility.v3,*,prod-de-streams,*,prod-de-streams,300,retention.ms=1209600000:compression.type=gzip,,,FULL
DE_STREAMS.elr.cmd.rally.reprocess_eligibility.v1,*,prod-de-streams,*,prod-de-streams,24,retention.ms=1209600000:compression.type=gzip,,,FULL
DE_STREAMS.elr.fact.deadletter.a4me_eligibility_stream.v1,*,prod-de-streams,*,prod-de-streams,8,retention.ms=1209600000:compression.type=gzip,,,FULL
DE_STREAMS.elr.fact.deadletter.cdb_lookup_stream.v1,*,prod-de-streams,*,prod-de-streams,8,retention.ms=1209600000:compression.type=gzip,,,FULL
DE_STREAMS.elr.fact.deadletter.cdb_lookup_stream_api.v1,*,prod-de-streams,*,prod-de-streams,8,retention.ms=1209600000:compression.type=gzip,,,FULL
DE_STREAMS.elr.fact.deadletter.cdc_rewrite_stream.v1,*,prod-de-streams,*,prod-de-streams,8,retention.ms=1209600000:compression.type=gzip,,,FULL
DE_STREAMS.elr.fact.deadletter.cis_rewrite_stream.v1,*,prod-de-streams,*,prod-de-streams,8,retention.ms=1209600000:compression.type=gzip,,,FULL
DE_STREAMS.elr.fact.deadletter.deadletter_viewer.v1,*,prod-de-streams,*,prod-de-streams,8,retention.ms=1209600000:compression.type=gzip,,,FULL
DE_STREAMS.elr.fact.deadletter.eligibility-api-consumer.v1,*:*,eligibility-api-consumer-foundational-eligibility-api:*.data-exts-eligibility-api-prod.svc.cluster.local,*:*,eligibility-api-consumer-foundational-eligibility-api:*.data-exts-eligibility-api-prod.svc.cluster.local,8,retention.ms=1209600000:compression.type=gzip,,,FULL
DE_STREAMS.elr.fact.deadletter.eligibility_domain_stream.v1,*,prod-de-streams,*,prod-de-streams,8,retention.ms=1209600000:compression.type=gzip,,,FULL
DE_STREAMS.elr.fact.deadletter.hpu_rewrite_stream.v1,*,prod-de-streams,*,prod-de-streams,8,retention.ms=1209600000:compression.type=gzip,,,FULL
DE_STREAMS.elr.fact.deadletter.individual_build_stream.v1,*,prod-de-streams,*,prod-de-streams,8,retention.ms=1209600000:compression.type=gzip,,,FULL
DE_STREAMS.elr.fact.deadletter.individual_domain_stream.v1,*,prod-de-streams,*,prod-de-streams,8,retention.ms=1209600000:compression.type=gzip,,,FULL
DE_STREAMS.elr.fact.deadletter.individual_prepare_stream.v1,*,prod-de-streams,*,prod-de-streams,8,retention.ms=1209600000:compression.type=gzip,,,FULL
DE_STREAMS.elr.fact.deadletter.individual_publish_stream.v1,*,prod-de-streams,*,prod-de-streams,8,retention.ms=1209600000:compression.type=gzip,,,FULL
DE_STREAMS.elr.fact.deadletter.membership_domain_stream.v1,*,prod-de-streams,*,prod-de-streams,8,retention.ms=1209600000:compression.type=gzip,,,FULL
DE_STREAMS.elr.fact.deadletter.rally_audit_consumer_stream.v1,*,prod-de-streams,*,prod-de-streams,8,retention.ms=1209600000:compression.type=gzip,,,FULL
DE_STREAMS.elr.fact.deadletter.rally_eligibility_domain_stream.v1,*,prod-de-streams,*,prod-de-streams,8,retention.ms=1209600000:compression.type=gzip,,,FULL
DE_STREAMS.elr.fact.deadletter.rally_schema_filter_stream.v1,*,prod-de-streams,*,prod-de-streams,8,retention.ms=1209600000:compression.type=gzip,,,FULL
DE_STREAMS.elr.fact.deadletter.upm_darkmode_validator.v1,*:*:*,prod-de-streams:upm-dark-mode-validator:*.data-exts-eligibility-api-prod.svc.cluster.local,*,prod-de-streams,64,retention.ms=1209600000:compression.type=gzip,,,FULL
DE_STREAMS.elr.fact.manual.deadletter.upm_darkmode_validator.v1,*:*:*,prod-de-streams:upm-dark-mode-validator:*.data-exts-eligibility-api-prod.svc.cluster.local,*,prod-de-streams,64,retention.ms=1209600000:compression.type=gzip,,,FULL
DE_STREAMS.elr.fact.manualdeadletter.a4me_eligibility_stream.v1,*,prod-de-streams,*,prod-de-streams,8,retention.ms=1209600000:compression.type=gzip,,,FULL
DE_STREAMS.elr.fact.manualdeadletter.eligibility_domain_stream.v1,*,prod-de-streams,*,prod-de-streams,8,retention.ms=1209600000:compression.type=gzip,,,FULL
DE_STREAMS.elr.fact.manualdeadletter.eligibility_stream_metrics.v1,*,prod-de-streams,*,prod-de-streams,8,retention.ms=1209600000:compression.type=gzip,,,FULL
DE_STREAMS.elr.fact.manualdeadletter.individual_prepare_stream.v1,*,prod-de-streams,*,prod-de-streams,8,retention.ms=1209600000:compression.type=gzip,,,FULL
DE_STREAMS.elr.fact.manualdeadletter.individual_publish_stream.v1,*,prod-de-streams,*,prod-de-streams,8,retention.ms=1209600000:compression.type=gzip,,,FULL
DE_STREAMS.elr.fact.manualdeadletter.membership_domain_stream.v1,*,prod-de-streams,*,prod-de-streams,8,retention.ms=1209600000:compression.type=gzip,,,FULL
DE_STREAMS.elr.fact.manualdeadletter.rally_eligibility_domain_stream.v1,*,prod-de-streams,*,prod-de-streams,8,retention.ms=1209600000:compression.type=gzip,,,FULL
DE_STREAMS.elr.fact.rally.privacy_rule_change.v1,*,prod-de-streams,*,prod-de-streams,8,retention.ms=1209600000:compression.type=gzip,,,FULL
DE_STREAMS.elr.phmds.eligibility.fedex,*,prod-de-streams,*:*,prod-de-streams:beam-hcp,16,cleanup.policy=compact:delete.retention.ms=3024000000:max.compaction.lag.ms=86400000:compression.type=gzip,timothy.drahn@optum.com,tdrahn,FULL
DE_STREAMS.elr.phmds.eligibility.rally,*,prod-de-streams,*:*,prod-de-streams:beam-hcp,16,cleanup.policy=compact:delete.retention.ms=3024000000:max.compaction.lag.ms=86400000:compression.type=gzip,timothy.drahn@optum.com,tdrahn,FULL
