topic,producer_hosts,producer_cn,consumer_hosts,consumer_cn,partitions,config,email,ms-id,compatibility
kaas.rxclaim.dev.rxdv1.clmv25fil.rcaccp,,,,,1,cleanup.policy=compact:delete.retention.ms=1209600000:compression.type=gzip,michael.a.schlosser@optum.com,mschlos2,FULL
kaas.rxclaim.dev.rxdv1.clmv25fil.rccarp,,,,,1,cleanup.policy=compact:delete.retention.ms=1209600000:compression.type=gzip,michael.a.schlosser@optum.com,mschlos2,FULL
person,,,,,3,cleanup.policy=delete:retention.ms=1209600000,michael.a.schlosser@optum.com,mschlos2,FULL
person-gzip,,,,,3,cleanup.policy=delete:retention.ms=1209600000:compression.type=gzip,michael.a.schlosser@optum.com,mschlos2,FULL
person-snappy,,,,,3,cleanup.policy=delete:retention.ms=1209600000:compression.type=snappy,michael.a.schlosser@optum.com,mschlos2,FULL
