topic,producer-hosts,producer-cn,consumer-hosts,consumer-cn,partitions,config,email,msid,compatibility
kaas.ATTPERF.RXS.APPLSYS.FND_LOOKUP_VALUES,*,prod-schemaregistry-azure,*:*,prod-ebaasenc-azure:nonprod-hemi-kafka-azure,1,cleanup.policy=compact:delete.retention.ms=1209600000:min.cleanable.dirty.ratio=0.3,chuck.chang@optum.com,cchan11,FULL
kaas.ATTPERF.RXS.BOM.BOM_CALENDAR_DATES,*,prod-schemaregistry-azure,*:*,prod-ebaasenc-azure:nonprod-hemi-kafka-azure,1,cleanup.policy=compact:delete.retention.ms=1209600000:min.cleanable.dirty.ratio=0.3,chuck.chang@optum.com,cchan11,FULL
kaas.ATTPERF.RXS.BOM.BOM_CALENDAR_EXCEPTIONS,*,prod-schemaregistry-azure,*:*,prod-ebaasenc-azure:nonprod-hemi-kafka-azure,1,cleanup.policy=compact:delete.retention.ms=1209600000:min.cleanable.dirty.ratio=0.3,chuck.chang@optum.com,cchan11,FULL
kaas.ATTPERF.RXS.ONT.OE_TRANSACTION_TYPES_ALL,*,prod-schemaregistry-azure,*:*,prod-ebaasenc-azure:nonprod-hemi-kafka-azure,1,cleanup.policy=compact:delete.retention.ms=1209600000:min.cleanable.dirty.ratio=0.3,chuck.chang@optum.com,cchan11,FULL
kaas.ATTPERF.RXS.XXIRIS.XXIRIS_OM_ORDER_LINES_ALL_AGGREGATE,*,prod-schemaregistry-azure,*:*,prod-ebaasenc-azure:nonprod-hemi-kafka-azure,100,cleanup.policy=compact:delete.retention.ms=1209600000,chuck.chang@optum.com,cchan11,FULL
kaas.ATTPERF.RXS.XXIRIS.XXIRIS_OM_STATE_REGULATIONS,*,prod-schemaregistry-azure,*:*,prod-ebaasenc-azure:nonprod-hemi-kafka-azure,32,retention.ms=1209600000,chuck.chang@optum.com,cchan11,FULL
kaas.hemi.attperf.cag.canonical.v1,*:*,prod-schemaregistry-azure:prod-ebaasenc-azure,*:*,prod-ebaasenc-azure:nonprod-hemi-kafka-azure,32,cleanup.policy=compact:delete.retention.ms=1209600000:min.cleanable.dirty.ratio=0.3,sathish_b@optum.com,sbaddam,FULL
kaas.hemi.attperf.cag.canonical.v2,*:*,prod-schemaregistry-azure:prod-ebaasenc-azure,*:*,prod-ebaasenc-azure:nonprod-hemi-kafka-azure,32,cleanup.policy=compact:delete.retention.ms=1209600000:min.cleanable.dirty.ratio=0.3,chuck.chang@optum.com,cchan11,FULL
kaas.hemi.attperf.cag.v2,*:*,prod-schemaregistry-azure:prod-ebaasenc-azure,*:*,prod-ebaasenc-azure:nonprod-hemi-kafka-azure,32,cleanup.policy=compact:delete.retention.ms=1209600000:min.cleanable.dirty.ratio=0.3,sathish_b@optum.com,sbaddam,FULL
kaas.hemi.attperf.medcom.pres.v2,*:*,prod-schemaregistry-azure:prod-ebaasenc-azure,*:*,prod-ebaasenc-azure:nonprod-hemi-kafka-azure,32,cleanup.policy=compact:delete.retention.ms=1209600000:min.cleanable.dirty.ratio=0.3,ling.zhang@optum.com,lzhang12,FULL
kaas.hemi.attperf.medcom.v2,*:*,prod-schemaregistry-azure:prod-ebaasenc-azure,*:*,prod-ebaasenc-azure:nonprod-hemi-kafka-azure,128,cleanup.policy=compact:delete.retention.ms=1209600000:min.cleanable.dirty.ratio=0.3,timothy.drahn@optum.com:sathish_b@optum.com,tdrahn:sbaddam,FULL
kaas.hemi.attperf.member.MemberAccountAddress.canonical.v1,*:*,prod-schemaregistry-azure:prod-ebaasenc-azure,*:*,prod-ebaasenc-azure:nonprod-hemi-kafka-azure,32,cleanup.policy=compact:delete.retention.ms=1209600000:min.cleanable.dirty.ratio=0.3,timothy.drahn@optum.com:kevin.yang@optum.com,tdrahn:wyang100,FULL
kaas.hemi.attperf.member.MemberAccountAddress.v1,*:*,prod-schemaregistry-azure:prod-ebaasenc-azure,*:*,prod-ebaasenc-azure:nonprod-hemi-kafka-azure,32,cleanup.policy=compact:delete.retention.ms=1209600000:min.cleanable.dirty.ratio=0.3,sathish_b@optum.com,sbaddam,FULL
kaas.hemi.attperf.order.hold.details.canonical.v1,*:*,prod-schemaregistry-azure:prod-ebaasenc-azure,*:*,prod-ebaasenc-azure:nonprod-hemi-kafka-azure,32,cleanup.policy=compact:delete.retention.ms=1209600000:min.cleanable.dirty.ratio=0.3,helen.miao@optum.com:chuck.chang@optum.com:ling.zhang@optum.com,hmiao:cchan11:lzhang12,FULL
kaas.hemi.attperf.order.payment.schedules.canonical.v1,*:*,prod-schemaregistry-azure:prod-ebaasenc-azure,*:*,prod-ebaasenc-azure:nonprod-hemi-kafka-azure,32,cleanup.policy=compact:delete.retention.ms=1209600000:min.cleanable.dirty.ratio=0.3,helen.miao@optum.com:chuck.chang@optum.com:ling.zhang@optum.com,hmiao:cchan11:lzhang12,FULL
kaas.hemi.attperf.order.payments.details.v1,*:*,prod-schemaregistry-azure:prod-ebaasenc-azure,*:*,prod-ebaasenc-azure:nonprod-hemi-kafka-azure,32,cleanup.policy=compact:delete.retention.ms=1209600000:min.cleanable.dirty.ratio=0.3,helen.miao@optum.com:chuck.chang@optum.com:ling.zhang@optum.com,hmiao:cchan11:lzhang12,FULL
kaas.hemi.attperf.order.v2,*:*,prod-schemaregistry-azure:prod-ebaasenc-azure,*:*,prod-ebaasenc-azure:nonprod-hemi-kafka-azure,32,cleanup.policy=compact:delete.retention.ms=1209600000:min.cleanable.dirty.ratio=0.3,timothy.drahn@optum.com:ling.zhang@optum.com,tdrahn:lzhang12,FULL
kaas.hemi.attperf.order.v4,*:*,prod-schemaregistry-azure:prod-ebaasenc-azure,*:*,prod-ebaasenc-azure:nonprod-hemi-kafka-azure,32,cleanup.policy=compact:delete.retention.ms=1209600000:min.cleanable.dirty.ratio=0.3,timothy.drahn@optum.com:ling.zhang@optum.com,tdrahn:lzhang12,FULL
kaas.hemi.attperf.order_payment_schedules,*:*,prod-schemaregistry-azure:prod-ebaasenc-azure,*:*,prod-ebaasenc-azure:nonprod-hemi-kafka-azure,32,cleanup.policy=compact:delete.retention.ms=1209600000:min.cleanable.dirty.ratio=0.3,timothy.drahn@optum.com:ling.zhang@optum.com:helen.miao@optum.com,tdrahn:lzhang12:hmiao,FULL
kaas.hemi.attperf.plan.canonical.v1,*:*,prod-schemaregistry-azure:prod-ebaasenc-azure,*:*,prod-ebaasenc-azure:nonprod-hemi-kafka-azure,32,cleanup.policy=compact:delete.retention.ms=1209600000:min.cleanable.dirty.ratio=0.3,sathish_b@optum.com,sbaddam,FULL
kaas.hemi.attperf.plan.canonical.v2,*:*,prod-schemaregistry-azure:prod-ebaasenc-azure,*:*,prod-ebaasenc-azure:nonprod-hemi-kafka-azure,32,cleanup.policy=compact:delete.retention.ms=1209600000:min.cleanable.dirty.ratio=0.3,chuck.chang@optum.com,cchan11,FULL
kaas.hemi.attperf.plan.v2,*:*,prod-schemaregistry-azure:prod-ebaasenc-azure,*:*,prod-ebaasenc-azure:nonprod-hemi-kafka-azure,32,cleanup.policy=compact:delete.retention.ms=1209600000:min.cleanable.dirty.ratio=0.3,sathish_b@optum.com,sbaddam,FULL
kaas.hemi.attperf.prescription.canonical.v1,*:*,prod-schemaregistry-azure:prod-ebaasenc-azure,*:*,prod-ebaasenc-azure:nonprod-hemi-kafka-azure,100,cleanup.policy=compact:delete.retention.ms=1209600000:min.cleanable.dirty.ratio=0.3,michael.a.schlosser@optum.com,mschlos2,FULL
kaas.hemi.attperf.provider.canonical.v1,*:*,prod-schemaregistry-azure:prod-ebaasenc-azure,*:*,prod-ebaasenc-azure:nonprod-hemi-kafka-azure,128,cleanup.policy=compact:delete.retention.ms=1209600000:min.cleanable.dirty.ratio=0.3,chuck.chang@optum.com,cchan11,FULL
kaas.dpaas.hemi.attperf.member.v2,*:*,prod-schemaregistry-azure:prod-ebaasenc-azure,*:*,prod-ebaasenc-azure:nonprod-hemi-kafka-azure,32,cleanup.policy=compact:delete.retention.ms=1209600000:min.cleanable.dirty.ratio=0.3,timothy.drahn@optum.com:kevin.yang@optum.com:bhupinder.randhawa@optum.com,tdrahn:wyang100:brandhaw,FULL
