topic,producer-hosts,producer-cn,consumer-hosts,consumer-cn,partitions,config,email,msid,compatibility
kaas.hemi.attprod.cag.canonical.v1,*:*,prod-schemaregistry-azure:ebaas-prod-azure-iris,*:*,ebaas-prod-azure-iris:prod-hemi-kafka-azure,32,cleanup.policy=compact:delete.retention.ms=1209600001:min.cleanable.dirty.ratio=0.3,sathish_b@optum.com:chuck.chang@optum.com,sbaddam:cchan11,FULL
kaas.hemi.attprod.cag.canonical.v2,*:*,prod-schemaregistry-azure:ebaas-prod-azure-iris,*:*,ebaas-prod-azure-iris:prod-hemi-kafka-azure,32,cleanup.policy=compact:delete.retention.ms=1209600000:min.cleanable.dirty.ratio=0.3,chuck.chang@optum.com,cchan11,FULL
kaas.hemi.attprod.cag.v2,*:*,prod-schemaregistry-azure:ebaas-prod-azure-iris,*:*,ebaas-prod-azure-iris:prod-hemi-kafka-azure,32,cleanup.policy=compact:delete.retention.ms=1209600000:min.cleanable.dirty.ratio=0.3,sathish_b@optum.com:chuck.chang@optum.com,sbaddam:cchan11,FULL
kaas.hemi.attprod.medcom.pres.v2,*,prod-schemaregistry-azure,*:*,ebaas-prod-azure-iris:prod-hemi-kafka-azure,128,cleanup.policy=compact:delete.retention.ms=1209600000:min.cleanable.dirty.ratio=0.3,chuck.chang@optum.com,cchan11:sbaddam,FULL
kaas.hemi.attprod.medcom.v2,*,prod-schemaregistry-azure,*:*,ebaas-prod-azure-iris:prod-hemi-kafka-azure,128,cleanup.policy=compact:delete.retention.ms=1209600000:min.cleanable.dirty.ratio=0.3,chuck.chang@optum.com,cchan11:sbaddam,FULL
kaas.hemi.attprod.member.MemberAccountAddress.canonical.v1,*:*,prod-schemaregistry-azure:ebaas-prod-azure-iris,*:*,ebaas-prod-azure-iris:prod-hemi-kafka-azure,32,cleanup.policy=compact:delete.retention.ms=1209600000:min.cleanable.dirty.ratio=0.3,timothy.drahn@optum.com:kevin.yang@optum.com,tdrahn:wyang100,FULL
kaas.hemi.attprod.member.MemberAccountAddress.v1,*:*,prod-schemaregistry-azure:ebaas-prod-azure-iris,*:*,ebaas-prod-azure-iris:prod-hemi-kafka-azure,32,cleanup.policy=compact:delete.retention.ms=1209600000:min.cleanable.dirty.ratio=0.3,sathish_b@optum.com:chuck.chang@optum.com:bhupinder.randhawa@optum.com,sbaddam:cchan11:brandhaw,FULL
kaas.hemi.attprod.order.canonical.v2,*:*,prod-schemaregistry-azure:ebaas-prod-azure-iris,*:*,ebaas-prod-azure-iris:prod-hemi-kafka-azure,32,cleanup.policy=compact:delete.retention.ms=1209600000:min.cleanable.dirty.ratio=0.3,timothy.drahn@optum.com:ling.zhang@optum.com,tdrahn:lzhang12,FULL
kaas.hemi.attprod.order.hold.canonical.v1,*:*,prod-schemaregistry-azure:ebaas-prod-azure-iris,*:*,ebaas-prod-azure-iris:prod-hemi-kafka-azure,32,cleanup.policy=compact:delete.retention.ms=1209600000:min.cleanable.dirty.ratio=0.3,timothy.drahn@optum.com:ling.zhang@optum.com:chuck.chang@optum.com,tdrahn:lzhang12:cchan11,FULL
kaas.hemi.attprod.order.hold.details.canonical.v1,*:*,prod-schemaregistry-azure:ebaas-prod-azure-iris,*:*,ebaas-prod-azure-iris:prod-hemi-kafka-azure,32,cleanup.policy=compact:delete.retention.ms=1209600000:min.cleanable.dirty.ratio=0.3,helen.miao@optum.com:chuck.chang@optum.com:ling.zhang@optum.com,hmiao:cchan11:lzhang12,FULL
kaas.hemi.attprod.order.payment.schedules.canonical.v1,*:*,prod-schemaregistry-azure:ebaas-prod-azure-iris,*:*,ebaas-prod-azure-iris:prod-hemi-kafka-azure,32,cleanup.policy=compact:delete.retention.ms=1209600000:min.cleanable.dirty.ratio=0.3,helen.miao@optum.com:chuck.chang@optum.com:ling.zhang@optum.com,hmiao:cchan11:lzhang12,FULL
kaas.hemi.attprod.order.payments.details.v1,*:*,prod-schemaregistry-azure:ebaas-prod-azure-iris,*:*,ebaas-prod-azure-iris:prod-hemi-kafka-azure,128,cleanup.policy=compact:delete.retention.ms=1209600000:min.cleanable.dirty.ratio=0.3,helen.miao@optum.com:chuck.chang@optum.com:ling.zhang@optum.com,hmiao:cchan11:lzhang12,FULL
kaas.hemi.attprod.order.v4,*:*,prod-schemaregistry-azure:ebaas-prod-azure-iris,*:*:*:*,ebaas-prod-azure-iris:prod-hemi-kafka-azure:prod-ebaasenc-azure:prod-pharmacy-services-kafka-azure,32,cleanup.policy=compact:delete.retention.ms=1209600000:min.cleanable.dirty.ratio=0.3,timothy.drahn@optum.com:ling.zhang@optum.com,tdrahn:lzhang12,FULL
kaas.hemi.attprod.plan.canonical.v1,*:*,prod-schemaregistry-azure:ebaas-prod-azure-iris,*:*,ebaas-prod-azure-iris:prod-hemi-kafka-azure,32,cleanup.policy=compact:delete.retention.ms=1209600000:min.cleanable.dirty.ratio=0.3,sathish_b@optum.com:chuck.chang@optum.com,sbaddam:cchan11,FULL
kaas.hemi.attprod.plan.canonical.v2,*:*,prod-schemaregistry-azure:ebaas-prod-azure-iris,*:*,ebaas-prod-azure-iris:prod-hemi-kafka-azure,32,cleanup.policy=compact:delete.retention.ms=1209600000:min.cleanable.dirty.ratio=0.3,chuck.chang@optum.com,cchan11,FULL
kaas.hemi.attprod.plan.v2,*:*,prod-schemaregistry-azure:ebaas-prod-azure-iris,*:*,ebaas-prod-azure-iris:prod-hemi-kafka-azure,32,cleanup.policy=compact:delete.retention.ms=1209600000:min.cleanable.dirty.ratio=0.3,sathish_b@optum.com:chuck.chang@optum.com,sbaddam:cchan11,FULL
kaas.hemi.attprod.prescription.canonical.v1,*:*,prod-schemaregistry-azure:ebaas-prod-azure-iris,*:*:*,ebaas-prod-azure-iris:prod-hemi-kafka-azure:prod-pharmacy-services-kafka-azure,100,cleanup.policy=compact:delete.retention.ms=1209600000:min.cleanable.dirty.ratio=0.3,michael.a.schlosser@optum.com,mschlos2,FULL
kaas.hemi.attprod.provider.canonical.v1,*:*,prod-schemaregistry-azure:ebaas-prod-azure-iris,*:*,ebaas-prod-azure-iris:prod-hemi-kafka-azure,128,cleanup.policy=compact:delete.retention.ms=1209600000:min.cleanable.dirty.ratio=0.3,chuck.chang@optum.com,cchan11,FULL
kaas.prod.elr.ATTPROD.RXS.BOM.BOM_CALENDAR_DATES,*,prod-schemaregistry-azure,*:*,ebaas-prod-azure-iris:prod-hemi-kafka-azure,1,cleanup.policy=compact:delete.retention.ms=1209600000:min.cleanable.dirty.ratio=0.3,chuck.chang@optum.com,cchan11,FULL
kaas.prod.elr.ATTPROD.RXS.BOM.BOM_CALENDAR_EXCEPTIONS,*,prod-schemaregistry-azure,*:*,ebaas-prod-azure-iris:prod-hemi-kafka-azure,1,cleanup.policy=compact:delete.retention.ms=1209600000:min.cleanable.dirty.ratio=0.3,chuck.chang@optum.com,cchan11,FULL
kaas.prod.elr.ATTPROD.RXS.APPLSYS.FND_LOOKUP_VALUES,*,prod-schemaregistry-azure,*:*,ebaas-prod-azure-iris:prod-hemi-kafka-azure,1,cleanup.policy=compact:delete.retention.ms=1209600000:min.cleanable.dirty.ratio=0.3,chuck.chang@optum.com,cchan11,FULL
kaas.prod.elr.ATTPROD.RXS.ONT.OE_TRANSACTION_TYPES_ALL,*,prod-schemaregistry-azure,*:*,ebaas-prod-azure-iris:prod-hemi-kafka-azure,1,cleanup.policy=compact:delete.retention.ms=1209600000:min.cleanable.dirty.ratio=0.3,chuck.chang@optum.com,cchan11,FULL
kaas.prod.elr.ATTPROD.RXS.XXIRIS.XXIRIS_OM_ORDER_LINES_ALL_AGGREGATE,*,prod-schemaregistry-azure,*:*,ebaas-prod-azure-iris:prod-hemi-kafka-azure,200,cleanup.policy=compact:delete.retention.ms=1209600000:min.cleanable.dirty.ratio=0.3,chuck.chang@optum.com,cchan11,FULL
kaas.prod.elr.ATTPROD.RXS.XXIRIS.XXIRIS_OM_STATE_REGULATIONS,*,prod-schemaregistry-azure,*:*,ebaas-prod-azure-iris:prod-hemi-kafka-azure,32,retention.ms=1209600000:min.cleanable.dirty.ratio=0.3,chuck.chang@optum.com,cchan11,FULL
kaas.dpaas.hemi.attprod.member.canonical.v2,*:*,prod-schemaregistry-azure:ebaas-prod-azure-iris,*:*,ebaas-prod-azure-iris:prod-hemi-kafka-azure,32,cleanup.policy=compact:delete.retention.ms=1209600000:min.cleanable.dirty.ratio=0.3,timothy.drahn@optum.com:kevin.yang@optum.com:bhupinder.randhawa@optum.com,tdrahn:wyang100:brandhaw,FULL
kaas.dpaas.hemi.attprod.member.MemberAccountAddress.v1,*:*,prod-schemaregistry-azure:ebaas-prod-azure-iris,*:*,ebaas-prod-azure-iris:prod-hemi-kafka-azure,128,cleanup.policy=compact:delete.retention.ms=1209600000:min.cleanable.dirty.ratio=0.3,sathish_b@optum.com:chuck.chang@optum.com:bhupinder.randhawa@optum.com,sbaddam:cchan11:brandhaw,FULL
