topic,producer-hosts,producer-cn,consumer-hosts,consumer-cn,partitions,config,email,msid,compatibility
canonical.iris.cag.v2,*:*,prod-schemaregistry-azure:prod-ebaasenc-azure,*:*,prod-ebaasenc-azure:nonprod-hemi-kafka-azure,32,cleanup.policy=compact:delete.retention.ms=1209600000:min.cleanable.dirty.ratio=0.3,sathish_b@optum.com,sbaddam,FULL
canonical.iris.member.v2,*:*,prod-schemaregistry-azure:prod-ebaasenc-azure,*:*,prod-ebaasenc-azure:nonprod-hemi-kafka-azure,32,cleanup.policy=compact:delete.retention.ms=1209600000:min.cleanable.dirty.ratio=0.3,timothy.drahn@optum.com:kevin.yang@optum.com,tdrahn:wyang100,FULL
canonical.iris.plan.v2,*:*,prod-schemaregistry-azure:prod-ebaasenc-azure,*:*,prod-ebaasenc-azure:nonprod-hemi-kafka-azure,32,cleanup.policy=compact:delete.retention.ms=1209600000:min.cleanable.dirty.ratio=0.3,sathish_b@optum.com,sbaddam,FULL
kaas.ATTTEST.RXS.APPLSYS.FND_LOOKUP_VALUES,*,prod-schemaregistry-azure,*:*,prod-ebaasenc-azure:nonprod-hemi-kafka-azure,1,cleanup.policy=compact:delete.retention.ms=1209600000:min.cleanable.dirty.ratio=0.3,chuck.chang@optum.com,cchan11,FULL
kaas.ATTTEST.RXS.BOM.BOM_CALENDAR_DATES,*,prod-schemaregistry-azure,*:*,prod-ebaasenc-azure:nonprod-hemi-kafka-azure,1,cleanup.policy=compact:delete.retention.ms=1209600000:min.cleanable.dirty.ratio=0.3,chuck.chang@optum.com,cchan11,FULL
kaas.ATTTEST.RXS.BOM.BOM_CALENDAR_EXCEPTIONS,*,prod-schemaregistry-azure,*:*,prod-ebaasenc-azure:nonprod-hemi-kafka-azure,1,cleanup.policy=compact:delete.retention.ms=1209600000:min.cleanable.dirty.ratio=0.3,chuck.chang@optum.com,cchan11,FULL
kaas.ATTTEST.RXS.ONT.OE_TRANSACTION_TYPES_ALL,*,prod-schemaregistry-azure,*:*,prod-ebaasenc-azure:nonprod-hemi-kafka-azure,32,cleanup.policy=compact:delete.retention.ms=1209600000:min.cleanable.dirty.ratio=0.3,chuck.chang@optum.com,cchan11,FULL
kaas.ATTTEST.RXS.XXIRIS.XXIRIS_OM_STATE_REGULATIONS,*,prod-schemaregistry-azure,*:*,prod-ebaasenc-azure:nonprod-hemi-kafka-azure,32,retention.ms=1209600000:min.cleanable.dirty.ratio=0.3,chuck.chang@optum.com,cchan11,FULL
kaas.dpaas.hemi.iris.member.canonical.v1,*:*,prod-schemaregistry-azure:prod-ebaasenc-azure,*:*:*:*:*,prod-ebaasenc-azure:nonprod-hemi-kafka-azure:iris-stage-azure:imdm-stage-azure:trx-stage-azure,32,cleanup.policy=compact:delete.retention.ms=1209600000:min.cleanable.dirty.ratio=0.3,sathish_b@optum.com:bhupinder.randhawa@optum.com:chuck.chang@optum.com,sbaddam:brandhaw:cchan11,FULL
kaas.hemi.iris.cag.canonical.v1,*:*,prod-schemaregistry-azure:prod-ebaasenc-azure,*:*:*,prod-ebaasenc-azure:nonprod-hemi-kafka-azure:iris-stage-azure,32,cleanup.policy=compact:delete.retention.ms=1209600000:min.cleanable.dirty.ratio=0.3,sathish_b@optum.com:chuck.chang@optum.com,sbaddam:cchan11,FULL
kaas.hemi.iris.medcom.pres.v2,*:*,prod-schemaregistry-azure:prod-ebaasenc-azure,*:*:*:*,prod-ebaasenc-azure:nonprod-hemi-kafka-azure:iris-stage-azure:trx-stage-azure,32,cleanup.policy=compact:delete.retention.ms=1209600000:min.cleanable.dirty.ratio=0.2,ling.zhang@optum.com:chuck.chang@optum.com,lzhang12:cchan11,FULL
kaas.hemi.iris.medcom.v2,*:*,prod-schemaregistry-azure:prod-ebaasenc-azure,*:*:*:*,prod-ebaasenc-azure:nonprod-hemi-kafka-azure:iris-stage-azure:trx-stage-azure,32,cleanup.policy=compact:delete.retention.ms=1209600001:min.cleanable.dirty.ratio=0.2,sathish_b@optum.com:ling.zhang@optum.com:chuck.chang@optum.com,lzhang12:sbaddam:cchan11,FULL
kaas.hemi.iris.member.MemberAccountAddress.v1,*:*,prod-schemaregistry-azure:prod-ebaasenc-azure,*:*:*,prod-ebaasenc-azure:nonprod-hemi-kafka-azure:iris-stage-azure,32,cleanup.policy=compact:delete.retention.ms=1209600000:min.cleanable.dirty.ratio=0.3,timothy.drahn@optum.com:kevin.yang@optum.com:bhupinder.randhawa@optum.com:chuck.chang@optum.com,tdrahn:wyang100:brandhaw:cchan11,FULL
kaas.hemi.iris.order.hold.details.canonical.v1,*:*,prod-schemaregistry-azure:prod-ebaasenc-azure,*:*:*,prod-ebaasenc-azure:nonprod-hemi-kafka-azure:iris-stage-azure,32,cleanup.policy=compact:delete.retention.ms=1209600000:min.cleanable.dirty.ratio=0.3,helen.miao@optum.com:chuck.chang@optum.com:ling.zhang@optum.com:chuck.chang@optum.com,hmiao:cchan11:lzhang12:cchan11,FULL
kaas.hemi.iris.order.intake.error.queue,*,nonprod-hemi-kafka-azure,*,nonprod-hemi-kafka-azure,32,cleanup.policy=compact:delete.retention.ms=172800000:min.cleanable.dirty.ratio=0.3,ling.zhang@optum.com,lzhang12,FULL
kaas.hemi.iris.order.intake.pending.queue,*,nonprod-hemi-kafka-azure,*,nonprod-hemi-kafka-azure,32,cleanup.policy=compact:delete.retention.ms=172800000:min.cleanable.dirty.ratio=0.3,ling.zhang@optum.com,lzhang12,FULL
kaas.hemi.iris.order.intake.queue,*,nonprod-hemi-kafka-azure,*,nonprod-hemi-kafka-azure,32,cleanup.policy=compact:delete.retention.ms=172800000:min.cleanable.dirty.ratio=0.3,ling.zhang@optum.com,lzhang12,FULL
kaas.hemi.iris.order.payment.schedules.canonical.v1,*:*,prod-schemaregistry-azure:prod-ebaasenc-azure,*:*:*,prod-ebaasenc-azure:nonprod-hemi-kafka-azure:iris-stage-azure,32,cleanup.policy=compact:delete.retention.ms=1209600000:min.cleanable.dirty.ratio=0.1,helen.miao@optum.com:chuck.chang@optum.com:ling.zhang@optum.com,hmiao:cchan11:lzhang12,FULL
kaas.hemi.iris.order.payments.details.v1,*:*,prod-schemaregistry-azure:prod-ebaasenc-azure,*:*:*,prod-ebaasenc-azure:nonprod-hemi-kafka-azure:iris-stage-azure,32,cleanup.policy=compact:delete.retention.ms=1209600000:min.cleanable.dirty.ratio=0.3,helen.miao@optum.com:chuck.chang@optum.com:ling.zhang@optum.com,hmiao:cchan11:lzhang12,FULL
kaas.hemi.iris.order.v4,*:*,prod-schemaregistry-azure:prod-ebaasenc-azure,*:*:*:*,prod-ebaasenc-azure:nonprod-hemi-kafka-azure:iris-stage-azure:trx-stage-azure,32,cleanup.policy=compact:delete.retention.ms=1209600000:min.cleanable.dirty.ratio=0.3,timothy.drahn@optum.com:ling.zhang@optum.com:chuck.chang@optum.com,tdrahn:lzhang12:cchan11,FULL
kaas.hemi.iris.party-site-usage.canonical.v1,*:*,prod-schemaregistry-azure:prod-ebaasenc-azure,*:*:*,prod-ebaasenc-azure:nonprod-hemi-kafka-azure:iris-stage-azure,32,cleanup.policy=compact:delete.retention.ms=1209600000:min.cleanable.dirty.ratio=0.3,ling.zhang@optum.com:chuck.chang@optum.com,lzhang12:cchan11,FULL
kaas.hemi.iris.plan.canonical.v1,*:*,prod-schemaregistry-azure:prod-ebaasenc-azure,*:*:*:*,prod-ebaasenc-azure:nonprod-hemi-kafka-azure:iris-stage-azure:trx-stage-azure,32,cleanup.policy=compact:delete.retention.ms=1209600000:min.cleanable.dirty.ratio=0.3,sathish_b@optum.com:chuck.chang@optum.com,sbaddam:cchan11,FULL
kaas.hemi.iris.prescription.canonical.v1,*:*,prod-schemaregistry-azure:prod-ebaasenc-azure,*:*:*:*:*,prod-ebaasenc-azure:nonprod-hemi-kafka-azure:iris-stage-azure:trx-stage-azure:prod-epe-azure,32,cleanup.policy=compact:delete.retention.ms=1209600000:min.cleanable.dirty.ratio=0.3,ling.zhang@optum.com:chuck.chang@optum.com:mahmud.ahmad@optum.com,lzhang12:cchan11,FULL
kaas.hemi.iris.prescription.canonical.v1-test,*:*,prod-schemaregistry-azure:prod-ebaasenc-azure,*:*:*,prod-ebaasenc-azure:nonprod-hemi-kafka-azure:iris-stage-azure,32,cleanup.policy=compact:delete.retention.ms=1209600000:min.cleanable.dirty.ratio=0.3,michael.a.schlosser@optum.com:chuck.chang@optum.com,mschlos2:cchan11,FULL
kaas.hemi.iris.provider.canonical.v1,*:*,prod-schemaregistry-azure:prod-ebaasenc-azure,*:*:*:*,prod-ebaasenc-azure:nonprod-hemi-kafka-azure:iris-stage-azure:trx-stage-azure,32,cleanup.policy=compact:delete.retention.ms=1209600000:min.cleanable.dirty.ratio=0.3,ling.zhang@optum.com:chuck.chang@optum.com,lzhang12:cchan11,FULL
kaas.hemi.iris.provider.canonical.v1-test,*:*,prod-schemaregistry-azure:prod-ebaasenc-azure,*:*:*,prod-ebaasenc-azure:nonprod-hemi-kafka-azure:iris-stage-azure,32,cleanup.policy=compact:delete.retention.ms=1209600000:min.cleanable.dirty.ratio=0.3,chuck.chang@optum.com,cchan11,FULL
