topic,producer-hosts,producer-cn,consumer-hosts,consumer-cn,partitions,config,email,ms-id,compatibility
hcp.prod.data.csp.claim-accumulator_archive.v1,*,ebaas-streamit-cspfacets-aspfpr01,*,beam-streamit,32,cleanup.policy=compact:delete.retention.ms=1209600001:max.compaction.lag.ms=86400000:compression.type=gzip,timothy.drahn@optum.com:STREAMIT_Team-1_DL@ds.uhc.com,apatra6:lreile1:sprasa5:smanand2:agauta14:rkoshaba:eniels1,FULL
hcp.prod.data.csp.claim-accumulator.v1,*,ebaas-streamit-cspfacets-aspfpr01,*:*,beam-streamit:aro-claims360-prd,32,cleanup.policy=compact:delete.retention.ms=1209600000:max.compaction.lag.ms=86400000:compression.type=gzip,timothy.drahn@optum.com:STREAMIT_Team-1_DL@ds.uhc.com:ravi_sunkara@optum.com,apatra6:lreile1:sprasa5:smanand2:agauta14:rkoshaba:eniels1,FULL
hcp.prod.data.csp.claim-adjudication-process-code_archive.v1,*,ebaas-streamit-cspfacets-aspfpr01,*,beam-streamit,100,cleanup.policy=compact:delete.retention.ms=1209600000:max.compaction.lag.ms=86400000:compression.type=gzip,timothy.drahn@optum.com:STREAMIT_Team-1_DL@ds.uhc.com,apatra6:lreile1:sprasa5:smanand2:agauta14:rkoshaba:eniels1,FULL
hcp.prod.data.csp.claim-adjudication-process-code.v1,*,ebaas-streamit-cspfacets-aspfpr01,*:*:*,beam-streamit:aro-claims360-prd:ecp-azure-ebaas,100,cleanup.policy=compact:delete.retention.ms=1209600000:max.compaction.lag.ms=86400000:compression.type=gzip,timothy.drahn@optum.com:STREAMIT_Team-1_DL@ds.uhc.com:ravi_sunkara@optum.com,apatra6:lreile1:sprasa5:smanand2:agauta14:rkoshaba:eniels1,FULL
hcp.prod.data.csp.claim-adjudication-service-process-code_archive.v1,*,ebaas-streamit-cspfacets-aspfpr01,*,beam-streamit,200,cleanup.policy=compact:delete.retention.ms=1209600000:max.compaction.lag.ms=86400000:compression.type=gzip,timothy.drahn@optum.com:STREAMIT_Team-1_DL@ds.uhc.com,apatra6:lreile1:sprasa5:smanand2:agauta14:rkoshaba:eniels1,FULL
hcp.prod.data.csp.claim-adjudication-service-process-code.v1,*,ebaas-streamit-cspfacets-aspfpr01,*:*:*,beam-streamit:aro-claims360-prd:ecp-azure-ebaas,200,cleanup.policy=compact:delete.retention.ms=1209600000:max.compaction.lag.ms=86400000:compression.type=gzip,timothy.drahn@optum.com:STREAMIT_Team-1_DL@ds.uhc.com:ravi_sunkara@optum.com,apatra6:lreile1:sprasa5:smanand2:agauta14:rkoshaba:eniels1,FULL
hcp.prod.data.csp.claim-ambulance_archive.v1,*,ebaas-streamit-cspfacets-aspfpr01,*,beam-streamit,100,cleanup.policy=compact:delete.retention.ms=1209600000:max.compaction.lag.ms=86400000:compression.type=gzip,timothy.drahn@optum.com:STREAMIT_Team-1_DL@ds.uhc.com,apatra6:lreile1:sprasa5:smanand2:agauta14:rkoshaba:eniels1,FULL
hcp.prod.data.csp.claim-ambulance.v1,*,ebaas-streamit-cspfacets-aspfpr01,*:*,beam-streamit:aro-claims360-prd,100,cleanup.policy=compact:delete.retention.ms=1209600000:max.compaction.lag.ms=86400000:compression.type=gzip,timothy.drahn@optum.com:STREAMIT_Team-1_DL@ds.uhc.com:ravi_sunkara@optum.com,apatra6:lreile1:sprasa5:smanand2:agauta14:rkoshaba:eniels1,FULL
hcp.prod.data.csp.claim-grouper-output_archive.v1,*,ebaas-streamit-cspfacets-aspfpr01,*,beam-streamit,50,cleanup.policy=compact:delete.retention.ms=1209600000:max.compaction.lag.ms=86400000:compression.type=gzip,timothy.drahn@optum.com:STREAMIT_Team-1_DL@ds.uhc.com,apatra6:lreile1:sprasa5:smanand2:agauta14:rkoshaba:eniels1,FULL
hcp.prod.data.csp.claim-grouper-output.v1,*,ebaas-streamit-cspfacets-aspfpr01,*:*,beam-streamit:aro-claims360-prd,50,cleanup.policy=compact:delete.retention.ms=1209600000:max.compaction.lag.ms=86400000:compression.type=gzip,timothy.drahn@optum.com:STREAMIT_Team-1_DL@ds.uhc.com:ravi_sunkara@optum.com,apatra6:lreile1:sprasa5:smanand2:agauta14:rkoshaba:eniels1,FULL
hcp.prod.data.csp.claim-other-payer_archive.v1,*,ebaas-streamit-cspfacets-aspfpr01,*,beam-streamit,100,cleanup.policy=compact:delete.retention.ms=1209600000:max.compaction.lag.ms=86400000:compression.type=gzip,timothy.drahn@optum.com:STREAMIT_Team-1_DL@ds.uhc.com,apatra6:lreile1:sprasa5:smanand2:agauta14:rkoshaba:eniels1,FULL
hcp.prod.data.csp.claim-other-payer.v1,*,ebaas-streamit-cspfacets-aspfpr01,*:*:*:*:*,ebaas-quest-cspfacets-aspfpr01:beam-streamit:aro-claims360-prd:core-api-platform-loader-prod:ecp-azure-ebaas,100,cleanup.policy=compact:delete.retention.ms=1209600000:max.compaction.lag.ms=86400000:compression.type=gzip,timothy.drahn@optum.com:STREAMIT_Team-1_DL@ds.uhc.com:rahual.vankalapati@optum.com:kevin_schultz@optum.com:forrest.reinard@optum.com,apatra6:lreile1:sprasa5:smanand2:agauta14:rkoshaba:eniels1,FULL
hcp.prod.data.csp.claim-service-ambulance_archive.v1,*,ebaas-streamit-cspfacets-aspfpr01,*,beam-streamit,50,cleanup.policy=compact:delete.retention.ms=1209600000:max.compaction.lag.ms=86400000:compression.type=gzip,timothy.drahn@optum.com:STREAMIT_Team-1_DL@ds.uhc.com,apatra6:lreile1:sprasa5:smanand2:agauta14:rkoshaba:eniels1,FULL
hcp.prod.data.csp.claim-service-ambulance.v1,*,ebaas-streamit-cspfacets-aspfpr01,*:*:*,beam-streamit:aro-claims360-prd:ecp-azure-ebaas,50,cleanup.policy=compact:delete.retention.ms=1209600000:max.compaction.lag.ms=86400000:compression.type=gzip,timothy.drahn@optum.com:STREAMIT_Team-1_DL@ds.uhc.com:ravi_sunkara@optum.com,apatra6:lreile1:sprasa5:smanand2:agauta14:rkoshaba:eniels1,FULL
hcp.prod.data.csp.claim-service-line_archive.v1,*,ebaas-streamit-cspfacets-aspfpr01,*,beam-streamit,200,cleanup.policy=compact:delete.retention.ms=1209600000:max.compaction.lag.ms=86400000:compression.type=gzip,timothy.drahn@optum.com:STREAMIT_Team-1_DL@ds.uhc.com,apatra6:lreile1:sprasa5:smanand2:agauta14:rkoshaba:eniels1,FULL
hcp.prod.data.csp.claim-service-line.v1,*,ebaas-streamit-cspfacets-aspfpr01,*:*:*:*:*:*,ebaas-quest-cspfacets-aspfpr01:beam-streamit:egp-csp-prd:aro-claims360-prd:core-api-platform-loader-prod:ocg-covid-19,200,cleanup.policy=compact:delete.retention.ms=1209600000:max.compaction.lag.ms=86400000:compression.type=gzip,timothy.drahn@optum.com:STREAMIT_Team-1_DL@ds.uhc.com:rahual.vankalapati@optum.com:kevin_schultz@optum.com:forrest.reinard@optum.com,apatra6:lreile1:sprasa5:smanand2:agauta14:rkoshaba:eniels1,FULL
hcp.prod.data.csp.claim-service-line-accumulator_archive.v1,*,ebaas-streamit-cspfacets-aspfpr01,*,beam-streamit,32,cleanup.policy=compact:delete.retention.ms=1209600000:max.compaction.lag.ms=86400000:compression.type=gzip,timothy.drahn@optum.com:STREAMIT_Team-1_DL@ds.uhc.com,apatra6:lreile1:sprasa5:smanand2:agauta14:rkoshaba:eniels1,FULL
hcp.prod.data.csp.claim-service-line-accumulator.v1,*,ebaas-streamit-cspfacets-aspfpr01,*:*,beam-streamit:aro-claims360-prd,32,cleanup.policy=compact:delete.retention.ms=1209600000:max.compaction.lag.ms=86400000:compression.type=gzip,timothy.drahn@optum.com:STREAMIT_Team-1_DL@ds.uhc.com:ravi_sunkara@optum.com,apatra6:lreile1:sprasa5:smanand2:agauta14:rkoshaba:eniels1,FULL
hcp.prod.data.csp.claim-service-other-payer_archive.v1,*,ebaas-streamit-cspfacets-aspfpr01,*,beam-streamit,100,cleanup.policy=compact:delete.retention.ms=1209600000:max.compaction.lag.ms=86400000:compression.type=gzip,timothy.drahn@optum.com:STREAMIT_Team-1_DL@ds.uhc.com,apatra6:lreile1:sprasa5:smanand2:agauta14:rkoshaba:eniels1,FULL
hcp.prod.data.csp.claim-service-other-payer.v1,*,ebaas-streamit-cspfacets-aspfpr01,*:*:*:*:*:*,ebaas-quest-cspfacets-aspfpr01:beam-streamit:aro-claims360-prd:core-api-platform-loader-prod:ocg-covid-19:ecp-azure-ebaas,100,cleanup.policy=compact:delete.retention.ms=1209600000:max.compaction.lag.ms=86400000:compression.type=gzip,timothy.drahn@optum.com:STREAMIT_Team-1_DL@ds.uhc.com:ravi_sunkara@optum.com:kevin_schultz@optum.com:forrest.reinard@optum.com,apatra6:lreile1:sprasa5:smanand2:agauta14:rkoshaba:eniels1,FULL
hcp.prod.data.csp.claim-service-pricing_archive.v1,*,ebaas-streamit-cspfacets-aspfpr01,*,beam-streamit,200,cleanup.policy=compact:delete.retention.ms=1209600000:max.compaction.lag.ms=86400000:compression.type=gzip,timothy.drahn@optum.com:STREAMIT_Team-1_DL@ds.uhc.com,apatra6:lreile1:sprasa5:smanand2:agauta14:rkoshaba:eniels1,FULL
hcp.prod.data.csp.claim-service-pricing.v1,*,ebaas-streamit-cspfacets-aspfpr01,*:*,beam-streamit:aro-claims360-prd,200,cleanup.policy=compact:delete.retention.ms=1209600000:max.compaction.lag.ms=86400000:compression.type=gzip,timothy.drahn@optum.com:STREAMIT_Team-1_DL@ds.uhc.com:ravi_sunkara@optum.com,apatra6:lreile1:sprasa5:smanand2:agauta14:rkoshaba:eniels1,FULL
hcp.prod.data.csp.claim-transaction_archive.v1,*,ebaas-streamit-cspfacets-aspfpr01,*,beam-streamit,100,cleanup.policy=compact:delete.retention.ms=1209600000:max.compaction.lag.ms=86400000:compression.type=gzip,timothy.drahn@optum.com:STREAMIT_Team-1_DL@ds.uhc.com,apatra6:lreile1:sprasa5:smanand2:agauta14:rkoshaba:eniels1,FULL
hcp.prod.data.csp.claim-transaction_archive.v1.topic2,*,ebaas-streamit-cspfacets-aspfpr01,*,beam-streamit,100,cleanup.policy=compact:delete.retention.ms=1209600000:max.compaction.lag.ms=86400000:compression.type=gzip,timothy.drahn@optum.com:STREAMIT_Team-1_DL@ds.uhc.com,apatra6:lreile1:sprasa5:smanand2:agauta14:rkoshaba:eniels1,FULL
hcp.prod.data.csp.claim-transaction.v1,*,ebaas-streamit-cspfacets-aspfpr01,*:*:*:*:*:*:*,ebaas-quest-cspfacets-aspfpr01:beam-streamit:egp-csp-prd:aro-claims360-prd:core-api-platform-loader-prod:ocg-covid-19:ecp-azure-ebaas,100,cleanup.policy=compact:delete.retention.ms=1209600000:max.compaction.lag.ms=86400000:compression.type=gzip,timothy.drahn@optum.com:STREAMIT_Team-1_DL@ds.uhc.com:rahual.vankalapati@optum.com:kevin_schultz@optum.com:forrest.reinard@optum.com,apatra6:lreile1:sprasa5:smanand2:agauta14:rkoshaba:eniels1,FULL
hcp.prod.data.csp.claim-transaction.v1.topic2,*,ebaas-streamit-cspfacets-aspfpr01,*:*:*:*:*:*:*,ebaas-quest-cspfacets-aspfpr01:beam-streamit:egp-csp-prd:aro-claims360-prd:core-api-platform-loader-prod:ocg-covid-19:ecp-azure-ebaas,100,cleanup.policy=compact:delete.retention.ms=1209600000:max.compaction.lag.ms=86400000:compression.type=gzip,timothy.drahn@optum.com:STREAMIT_Team-1_DL@ds.uhc.com:rahual.vankalapati@optum.com:kevin_schultz@optum.com:forrest.reinard@optum.com,apatra6:lreile1:sprasa5:smanand2:agauta14:rkoshaba:eniels1,FULL
hcp.prod.data.csp.claim-transaction-status_archive.v1,*,ebaas-streamit-cspfacets-aspfpr01,*,beam-streamit,100,cleanup.policy=compact:delete.retention.ms=1209600000:max.compaction.lag.ms=86400000:compression.type=gzip,timothy.drahn@optum.com:STREAMIT_Team-1_DL@ds.uhc.com,apatra6:lreile1:sprasa5:smanand2:agauta14:rkoshaba:eniels1,FULL
hcp.prod.data.csp.claim-transaction-status.v1,*,ebaas-streamit-cspfacets-aspfpr01,*:*:*:*,ebaas-quest-cspfacets-aspfpr01:beam-streamit:aro-claims360-prd:ecp-azure-ebaas,100,cleanup.policy=compact:delete.retention.ms=1209600000:max.compaction.lag.ms=86400000:compression.type=gzip,timothy.drahn@optum.com:STREAMIT_Team-1_DL@ds.uhc.com:ravi_sunkara@optum.com,apatra6:lreile1:sprasa5:smanand2:agauta14:rkoshaba:eniels1,FULL
hcp.prod.data.csp.service-adjudication-group_archive.v1,*,ebaas-streamit-cspfacets-aspfpr01,*,beam-streamit,200,cleanup.policy=compact:delete.retention.ms=1209600000:max.compaction.lag.ms=86400000:compression.type=gzip,timothy.drahn@optum.com:STREAMIT_Team-1_DL@ds.uhc.com,apatra6:lreile1:sprasa5:smanand2:agauta14:rkoshaba:eniels1,FULL
hcp.prod.data.csp.service-adjudication-group.v1,*,ebaas-streamit-cspfacets-aspfpr01,*:*,beam-streamit:aro-claims360-prd,200,cleanup.policy=compact:delete.retention.ms=1209600000:max.compaction.lag.ms=86400000:compression.type=gzip,timothy.drahn@optum.com:STREAMIT_Team-1_DL@ds.uhc.com:ravi_sunkara@optum.com,apatra6:lreile1:sprasa5:smanand2:agauta14:rkoshaba:eniels1,FULL
hcp.prod.data.csp.source-individual.v1,*,ebaas-streamit-cspfacets-aspfpr01,*:*:*:*:*,beam-streamit:aro-claims360-prd:ebaas-streamit-cspfacets-aspfpr01:ocg-covid-19:ecp-azure-ebaas,32,cleanup.policy=compact:delete.retention.ms=1209600000:max.compaction.lag.ms=86400000:compression.type=gzip,timothy.drahn@optum.com:STREAMIT_Team-1_DL@ds.uhc.com:ravi_sunkara@optum.com,apatra6:lreile1:sprasa5:smanand2:agauta14:rkoshaba:eniels1,FULL
hcp.prod.data.csp.source-individual.v1.topic2,*,ebaas-streamit-cspfacets-aspfpr01,*:*:*:*:*,beam-streamit:aro-claims360-prd:ebaas-streamit-cspfacets-aspfpr01:ocg-covid-19:ecp-azure-ebaas,32,cleanup.policy=compact:delete.retention.ms=1209600000:max.compaction.lag.ms=86400000:compression.type=gzip,timothy.drahn@optum.com:STREAMIT_Team-1_DL@ds.uhc.com:ravi_sunkara@optum.com,apatra6:lreile1:sprasa5:smanand2:agauta14:rkoshaba:eniels1,FULL
hcp.prod.data.csp.membership.v1,*,ebaas-streamit-cspfacets-aspfpr01,*:*:*:*:*,:beam-streamit:aro-claims360-prd:ebaas-streamit-cspfacets-aspfpr01:ocg-covid-19:ecp-azure-ebaas,50,cleanup.policy=compact:delete.retention.ms=1209600000:max.compaction.lag.ms=86400000:compression.type=gzip,timothy.drahn@optum.com:STREAMIT_Team-1_DL@ds.uhc.com:ravi_sunkara@optum.com,apatra6:lreile1:sprasa5:smanand2:agauta14:rkoshaba:eniels1,FULL
hcp.prod.data.csp.membership.v1.topic2,*,ebaas-streamit-cspfacets-aspfpr01,*:*:*:*:*,:beam-streamit:aro-claims360-prd:ebaas-streamit-cspfacets-aspfpr01:ocg-covid-19:ecp-azure-ebaas,50,cleanup.policy=compact:delete.retention.ms=1209600000:max.compaction.lag.ms=86400000:compression.type=gzip,timothy.drahn@optum.com:STREAMIT_Team-1_DL@ds.uhc.com:ravi_sunkara@optum.com,apatra6:lreile1:sprasa5:smanand2:agauta14:rkoshaba:eniels1,FULL
hcp.prod.data.csp.eligibility.v1,*,ebaas-streamit-cspfacets-aspfpr01,*:*:*:*:*:*:*,ebaas-quest-cspfacets-aspfpr01:beam-streamit:egp-csp-prd:core-api-platform-loader-prod:aro-claims360-prd:ocg-covid-19:ecp-azure-ebaas,100,cleanup.policy=compact:delete.retention.ms=1209600000:max.compaction.lag.ms=86400000:compression.type=gzip,timothy.drahn@optum.com:STREAMIT_Team-1_DL@ds.uhc.com:kevin_schultz@optum.com:forrest.reinard@optum.com:ravi_sunkara@optum.com,apatra6:lreile1:sprasa5:smanand2:agauta14:rkoshaba:eniels1,FULL
hcp.prod.data.csp.eligibility.v1.topic2,*,ebaas-streamit-cspfacets-aspfpr01,*:*:*:*:*:*:*,ebaas-quest-cspfacets-aspfpr01:beam-streamit:egp-csp-prd:core-api-platform-loader-prod:aro-claims360-prd:ocg-covid-19:ecp-azure-ebaas,100,cleanup.policy=compact:delete.retention.ms=1209600000:max.compaction.lag.ms=86400000:compression.type=gzip,timothy.drahn@optum.com:STREAMIT_Team-1_DL@ds.uhc.com:kevin_schultz@optum.com:forrest.reinard@optum.com:ravi_sunkara@optum.com,apatra6:lreile1:sprasa5:smanand2:agauta14:rkoshaba:eniels1,FULL
hcp.prod.data.csp.provider-selection.v1,*,ebaas-streamit-cspfacets-aspfpr01,*:*:*,beam-streamit:core-api-platform-loader-prod:aro-claims360-prd,100,cleanup.policy=compact:delete.retention.ms=1209600000:max.compaction.lag.ms=86400000:compression.type=gzip,timothy.drahn@optum.com:STREAMIT_Team-1_DL@ds.uhc.com:kevin_schultz@optum.com:forrest.reinard@optum.com:ravi_sunkara@optum.com,apatra6:lreile1:sprasa5:smanand2:agauta14:rkoshaba:eniels1,FULL
hcp.prod.data.csp.membership-cob.v1,*,ebaas-streamit-cspfacets-aspfpr01,*:*:*,beam-streamit:core-api-platform-loader-prod:aro-claims360-prd,32,cleanup.policy=compact:delete.retention.ms=1209600000:max.compaction.lag.ms=86400000:compression.type=gzip,timothy.drahn@optum.com:STREAMIT_Team-1_DL@ds.uhc.com:kevin_schultz@optum.com:forrest.reinard@optum.com:ravi_sunkara@optum.com,apatra6:lreile1:sprasa5:smanand2:agauta14:rkoshaba:eniels1,FULL
hcp.prod.data.csp.membership-pref.v1,*,ebaas-streamit-cspfacets-aspfpr01,*:*,beam-streamit:aro-claims360-prd,1,cleanup.policy=compact:delete.retention.ms=1209600000:max.compaction.lag.ms=86400000:compression.type=gzip,timothy.drahn@optum.com:STREAMIT_Team-1_DL@ds.uhc.com:ravi_sunkara@optum.com,apatra6:lreile1:sprasa5:smanand2:agauta14:rkoshaba:eniels1,FULL
hcp.prod.data.csp.medicaid-entitlement.v2,*,ebaas-streamit-cspfacets-aspfpr01,*:*:*,beam-streamit:core-api-platform-loader-prod:aro-claims360-prd,100,cleanup.policy=compact:delete.retention.ms=1209600000:max.compaction.lag.ms=86400000:compression.type=gzip,timothy.drahn@optum.com:STREAMIT_Team-1_DL@ds.uhc.com:kevin_schultz@optum.com:forrest.reinard@optum.com:ravi_sunkara@optum.com,apatra6:lreile1:sprasa5:smanand2:agauta14:rkoshaba:eniels1,FULL
hcp.prod.data.csp.streamit-security.v1,*,ebaas-streamit-cspfacets-aspfpr01,*:*,beam-streamit:core-api-platform-loader-prod,1,cleanup.policy=compact:delete.retention.ms=1209600000:max.compaction.lag.ms=86400000:compression.type=gzip,timothy.drahn@optum.com:STREAMIT_Team-1_DL@ds.uhc.com:kevin_schultz@optum.com:forrest.reinard@optum.com,apatra6:lreile1:sprasa5:smanand2:agauta14:rkoshaba:eniels1,FULL
hcp.prod.data.csp.provider-cap.v1,*,ebaas-streamit-cspfacets-aspfpr01,*,beam-streamit,8,cleanup.policy=compact:delete.retention.ms=1209600000:max.compaction.lag.ms=86400000:compression.type=gzip,timothy.drahn@optum.com:STREAMIT_Team-1_DL@ds.uhc.com,apatra6:lreile1:sprasa5:smanand2:agauta14:rkoshaba:eniels1,FULL
hcp.prod.data.csp.provider.v1,*,ebaas-streamit-cspfacets-aspfpr01,*:*:*:*,ebaas-quest-cspfacets-aspfpr01:beam-streamit:ecp-azure-ebaas:core-api-platform-loader-prod,8,cleanup.policy=compact:delete.retention.ms=1209600000:max.compaction.lag.ms=86400000:compression.type=gzip,timothy.drahn@optum.com:STREAMIT_Team-1_DL@ds.uhc.com,apatra6:lreile1:sprasa5:smanand2:agauta14:rkoshaba:eniels1,FULL
hcp.prod.data.csp.claim-transaction-extn.v1,*,ebaas-streamit-cspfacets-aspfpr01,*,beam-streamit,100,cleanup.policy=compact:delete.retention.ms=1209600000:max.compaction.lag.ms=86400000:compression.type=gzip,timothy.drahn@optum.com:STREAMIT_Team-1_DL@ds.uhc.com,apatra6:lreile1:sprasa5:smanand2:agauta14:rkoshaba:eniels1,FULL
hcp.prod.data.csp.claim-transaction-standardized-attribute.v1,*,ebaas-streamit-cspfacets-aspfpr01,*:*,beam-streamit:core-api-platform-loader-prod,100,cleanup.policy=compact:delete.retention.ms=1209600000:max.compaction.lag.ms=86400000:compression.type=gzip,timothy.drahn@optum.com:STREAMIT_Team-1_DL@ds.uhc.com,apatra6:lreile1:sprasa5:smanand2:agauta14:rkoshaba:eniels1,FULL
hcp.prod.data.csp.claim-transaction-standardized-attribute_archive.v1,*,ebaas-streamit-cspfacets-aspfpr01,*,beam-streamit,100,cleanup.policy=compact:delete.retention.ms=1209600000:max.compaction.lag.ms=86400000:compression.type=gzip,timothy.drahn@optum.com:STREAMIT_Team-1_DL@ds.uhc.com,apatra6:lreile1:sprasa5:smanand2:agauta14:rkoshaba:eniels1,FULL
hcp.prod.data.csp.claim-service-line-extension.v1,*,ebaas-streamit-cspfacets-aspfpr01,*:*:*:*:*,beam-streamit:aro-claims360-prd:core-api-platform-loader-prod:ocg-covid-19:ecp-azure-ebaas,200,cleanup.policy=compact:delete.retention.ms=1209600000:max.compaction.lag.ms=86400000:compression.type=gzip,timothy.drahn@optum.com:STREAMIT_Team-1_DL@ds.uhc.com:rahual.vankalapati@optum.com:kevin_schultz@optum.com:forrest.reinard@optum.com,apatra6:lreile1:sprasa5:smanand2:agauta14:rkoshaba:eniels1,FULL
hcp.prod.data.csp.ecap-benefit.v1,*,ebaas-streamit-cspfacets-aspfpr01,*,beam-streamit,1,cleanup.policy=compact:delete.retention.ms=1209600000:max.compaction.lag.ms=86400000:compression.type=gzip,timothy.drahn@optum.com:STREAMIT_Team-1_DL@ds.uhc.com,apatra6:lreile1:sprasa5:smanand2:agauta14:rkoshaba:eniels1,FULL
hcp.prod.data.csp.benefit-administration.v1,*,ebaas-streamit-cspfacets-aspfpr01,*,beam-streamit,32,cleanup.policy=compact:delete.retention.ms=1209600000:max.compaction.lag.ms=86400000:compression.type=gzip,timothy.drahn@optum.com:STREAMIT_Team-1_DL@ds.uhc.com,apatra6:lreile1:sprasa5:smanand2:agauta14:rkoshaba:eniels1,FULL
hcp.prod.data.csp.ecap-benefit.v3,*,ebaas-streamit-cspfacets-aspfpr01,*,beam-streamit,1,cleanup.policy=compact:delete.retention.ms=1209600000:max.compaction.lag.ms=86400000:compression.type=gzip,timothy.drahn@optum.com:STREAMIT_Team-1_DL@ds.uhc.com,apatra6:lreile1:sprasa5:smanand2:agauta14:rkoshaba:eniels1,FULL
hcp.prod.data.csp.product-component.v1,*,ebaas-streamit-cspfacets-aspfpr01,*,beam-streamit,1,cleanup.policy=compact:delete.retention.ms=1209600000:max.compaction.lag.ms=86400000:compression.type=gzip,timothy.drahn@optum.com:STREAMIT_Team-1_DL@ds.uhc.com,apatra6:lreile1:sprasa5:smanand2:agauta14:rkoshaba:eniels1,FULL
hcp.prod.data.csp.provider-selection.v1.topic2,*,ebaas-streamit-cspfacets-aspfpr01,*:*:*,beam-streamit:core-api-platform-loader-prod:aro-claims360-prd,100,cleanup.policy=compact:delete.retention.ms=1209600000:max.compaction.lag.ms=86400000:compression.type=gzip,timothy.drahn@optum.com:STREAMIT_Team-1_DL@ds.uhc.com:kevin_schultz@optum.com:forrest.reinard@optum.com:ravi_sunkara@optum.com,apatra6:lreile1:sprasa5:smanand2:agauta14:rkoshaba:eniels1,FULL
