topic,producer-hosts,producer-cn,consumer-hosts,consumer-cn,partitions,config,email,ms-id,compatibility
hcp.tst.data.csp.claim-accumulator_archive.v1,*,ebaas-streamit-cspfacets-aspfst01,*,beam-streamit,32,cleanup.policy=compact:delete.retention.ms=1209600000:max.compaction.lag.ms=86400000:compression.type=gzip,timothy.drahn@optum.com:STREAMIT_Team-1_DL@ds.uhc.com,apatra6:lreile1:sprasa5:smanand2:agauta14:rkoshaba:eniels1,FULL
hcp.tst.data.csp.claim-accumulator.v1,*,ebaas-streamit-cspfacets-aspfst01,*,beam-streamit,32,cleanup.policy=compact:delete.retention.ms=1209600000:max.compaction.lag.ms=86400000:compression.type=gzip,timothy.drahn@optum.com:STREAMIT_Team-1_DL@ds.uhc.com,apatra6:lreile1:sprasa5:smanand2:agauta14:rkoshaba:eniels1,FULL
hcp.tst.data.csp.claim-adjudication-process-code_archive.v1,*,ebaas-streamit-cspfacets-aspfst01,*,beam-streamit,100,cleanup.policy=compact:delete.retention.ms=1209600000:max.compaction.lag.ms=86400000:compression.type=gzip,timothy.drahn@optum.com:STREAMIT_Team-1_DL@ds.uhc.com,apatra6:lreile1:sprasa5:smanand2:agauta14:rkoshaba:eniels1,FULL
hcp.tst.data.csp.claim-adjudication-process-code.v1,*,ebaas-streamit-cspfacets-aspfst01,*:*,beam-streamit:ecp-azure-ebaas,100,cleanup.policy=compact:delete.retention.ms=1209600000:max.compaction.lag.ms=86400000:compression.type=gzip,timothy.drahn@optum.com:STREAMIT_Team-1_DL@ds.uhc.com,apatra6:lreile1:sprasa5:smanand2:agauta14:rkoshaba:eniels1,FULL
hcp.tst.data.csp.claim-adjudication-service-process-code_archive.v1,*,ebaas-streamit-cspfacets-aspfst01,*,beam-streamit,200,cleanup.policy=compact:delete.retention.ms=1209600000:max.compaction.lag.ms=86400000:compression.type=gzip,timothy.drahn@optum.com:STREAMIT_Team-1_DL@ds.uhc.com,apatra6:lreile1:sprasa5:smanand2:agauta14:rkoshaba:eniels1,FULL
hcp.tst.data.csp.claim-adjudication-service-process-code.v1,*,ebaas-streamit-cspfacets-aspfst01,*:*,beam-streamit:ecp-azure-ebaas,200,cleanup.policy=compact:delete.retention.ms=1209600000:max.compaction.lag.ms=86400000:compression.type=gzip,timothy.drahn@optum.com:STREAMIT_Team-1_DL@ds.uhc.com,apatra6:lreile1:sprasa5:smanand2:agauta14:rkoshaba:eniels1,FULL
hcp.tst.data.csp.claim-ambulance_archive.v1,*,ebaas-streamit-cspfacets-aspfst01,*,beam-streamit,100,cleanup.policy=compact:delete.retention.ms=1209600000:max.compaction.lag.ms=86400000:compression.type=gzip,timothy.drahn@optum.com:STREAMIT_Team-1_DL@ds.uhc.com,apatra6:lreile1:sprasa5:smanand2:agauta14:rkoshaba:eniels1,FULL
hcp.tst.data.csp.claim-ambulance.v1,*,ebaas-streamit-cspfacets-aspfst01,*,beam-streamit,100,cleanup.policy=compact:delete.retention.ms=1209600000:max.compaction.lag.ms=86400000:compression.type=gzip,timothy.drahn@optum.com:STREAMIT_Team-1_DL@ds.uhc.com,apatra6:lreile1:sprasa5:smanand2:agauta14:rkoshaba:eniels1,FULL
hcp.tst.data.csp.claim-grouper-output_archive.v1,*,ebaas-streamit-cspfacets-aspfst01,*,beam-streamit,50,cleanup.policy=compact:delete.retention.ms=1209600000:max.compaction.lag.ms=86400000:compression.type=gzip,timothy.drahn@optum.com:STREAMIT_Team-1_DL@ds.uhc.com,apatra6:lreile1:sprasa5:smanand2:agauta14:rkoshaba:eniels1,FULL
hcp.tst.data.csp.claim-grouper-output.v1,*,ebaas-streamit-cspfacets-aspfst01,*,beam-streamit,50,cleanup.policy=compact:delete.retention.ms=1209600000:max.compaction.lag.ms=86400000:compression.type=gzip,timothy.drahn@optum.com:STREAMIT_Team-1_DL@ds.uhc.com,apatra6:lreile1:sprasa5:smanand2:agauta14:rkoshaba:eniels1,FULL
hcp.tst.data.csp.claim-other-payer_archive.v1,*,ebaas-streamit-cspfacets-aspfst01,*,beam-streamit,100,cleanup.policy=compact:delete.retention.ms=1209600000:max.compaction.lag.ms=86400000:compression.type=gzip,timothy.drahn@optum.com:STREAMIT_Team-1_DL@ds.uhc.com,apatra6:lreile1:sprasa5:smanand2:agauta14:rkoshaba:eniels1,FULL
hcp.tst.data.csp.claim-other-payer.v1,*,ebaas-streamit-cspfacets-aspfst01,*:*:*,beam-streamit:core-api-platform-loader-stage:ecp-azure-ebaas,100,cleanup.policy=compact:delete.retention.ms=1209600000:max.compaction.lag.ms=86400000:compression.type=gzip,timothy.drahn@optum.com:STREAMIT_Team-1_DL@ds.uhc.com:dave.reines@optum.com:kevin_schultz@optum.com:mitchell.f.borman@optum.com,apatra6:lreile1:sprasa5:smanand2:agauta14:rkoshaba:eniels1,FULL
hcp.tst.data.csp.claim-service-ambulance_archive.v1,*,ebaas-streamit-cspfacets-aspfst01,*,beam-streamit,50,cleanup.policy=compact:delete.retention.ms=1209600000:max.compaction.lag.ms=86400000:compression.type=gzip,timothy.drahn@optum.com:STREAMIT_Team-1_DL@ds.uhc.com,apatra6:lreile1:sprasa5:smanand2:agauta14:rkoshaba:eniels1,FULL
hcp.tst.data.csp.claim-service-ambulance.v1,*,ebaas-streamit-cspfacets-aspfst01,*:*,beam-streamit:ecp-azure-ebaas,50,cleanup.policy=compact:delete.retention.ms=1209600000:max.compaction.lag.ms=86400000:compression.type=gzip,timothy.drahn@optum.com:STREAMIT_Team-1_DL@ds.uhc.com,apatra6:lreile1:sprasa5:smanand2:agauta14:rkoshaba:eniels1,FULL
hcp.tst.data.csp.claim-service-line_archive.v1,*,ebaas-streamit-cspfacets-aspfst01,*,beam-streamit,200,cleanup.policy=compact:delete.retention.ms=1209600000:max.compaction.lag.ms=86400000:compression.type=gzip,timothy.drahn@optum.com:STREAMIT_Team-1_DL@ds.uhc.com,apatra6:lreile1:sprasa5:smanand2:agauta14:rkoshaba:eniels1,FULL
hcp.tst.data.csp.claim-service-line.v1,*,ebaas-streamit-cspfacets-aspfst01,*:*:*:*,beam-streamit:egp-csp-stg:core-api-platform-loader-stage:ecp-azure-ebaas,200,cleanup.policy=compact:delete.retention.ms=1209600000:max.compaction.lag.ms=86400000:compression.type=gzip,timothy.drahn@optum.com:STREAMIT_Team-1_DL@ds.uhc.com:dave.reines@optum.com:kevin_schultz@optum.com:mitchell.f.borman@optum.com,apatra6:lreile1:sprasa5:smanand2:agauta14:rkoshaba:eniels1,FULL
hcp.tst.data.csp.claim-service-line-accumulator_archive.v1,*,ebaas-streamit-cspfacets-aspfst01,*,beam-streamit,32,cleanup.policy=compact:delete.retention.ms=1209600000:max.compaction.lag.ms=86400000:compression.type=gzip,timothy.drahn@optum.com:STREAMIT_Team-1_DL@ds.uhc.com,apatra6:lreile1:sprasa5:smanand2:agauta14:rkoshaba:eniels1,FULL
hcp.tst.data.csp.claim-service-line-accumulator.v1,*,ebaas-streamit-cspfacets-aspfst01,*,beam-streamit,32,cleanup.policy=compact:delete.retention.ms=1209600000:max.compaction.lag.ms=86400000:compression.type=gzip,timothy.drahn@optum.com:STREAMIT_Team-1_DL@ds.uhc.com,apatra6:lreile1:sprasa5:smanand2:agauta14:rkoshaba:eniels1,FULL
hcp.tst.data.csp.claim-service-other-payer_archive.v1,*,ebaas-streamit-cspfacets-aspfst01,*,beam-streamit,100,cleanup.policy=compact:delete.retention.ms=1209600000:max.compaction.lag.ms=86400000:compression.type=gzip,timothy.drahn@optum.com:STREAMIT_Team-1_DL@ds.uhc.com,apatra6:lreile1:sprasa5:smanand2:agauta14:rkoshaba:eniels1,FULL
hcp.tst.data.csp.claim-service-other-payer.v1,*,ebaas-streamit-cspfacets-aspfst01,*:*:*,beam-streamit:core-api-platform-loader-stage:ecp-azure-ebaas,100,cleanup.policy=compact:delete.retention.ms=1209600000:max.compaction.lag.ms=86400000:compression.type=gzip,timothy.drahn@optum.com:STREAMIT_Team-1_DL@ds.uhc.com:dave.reines@optum.com:kevin_schultz@optum.com,apatra6:lreile1:sprasa5:smanand2:agauta14:rkoshaba:eniels1,FULL
hcp.tst.data.csp.claim-service-pricing_archive.v1,*,ebaas-streamit-cspfacets-aspfst01,*,beam-streamit,200,cleanup.policy=compact:delete.retention.ms=1209600000:max.compaction.lag.ms=86400000:compression.type=gzip,timothy.drahn@optum.com:STREAMIT_Team-1_DL@ds.uhc.com,apatra6:lreile1:sprasa5:smanand2:agauta14:rkoshaba:eniels1,FULL
hcp.tst.data.csp.claim-service-pricing.v1,*,ebaas-streamit-cspfacets-aspfst01,*,beam-streamit,200,cleanup.policy=compact:delete.retention.ms=1209600000:max.compaction.lag.ms=86400000:compression.type=gzip,timothy.drahn@optum.com:STREAMIT_Team-1_DL@ds.uhc.com,apatra6:lreile1:sprasa5:smanand2:agauta14:rkoshaba:eniels1,FULL
hcp.tst.data.csp.claim-transaction_archive.v1,*,ebaas-streamit-cspfacets-aspfst01,*,beam-streamit,100,cleanup.policy=compact:delete.retention.ms=1209600000:max.compaction.lag.ms=86400000:compression.type=gzip,timothy.drahn@optum.com:STREAMIT_Team-1_DL@ds.uhc.com,apatra6:lreile1:sprasa5:smanand2:agauta14:rkoshaba:eniels1,FULL
hcp.tst.data.csp.claim-transaction.v1,*,ebaas-streamit-cspfacets-aspfst01,*:*:*:*,beam-streamit:egp-csp-stg:core-api-platform-loader-stage:ecp-azure-ebaas,100,cleanup.policy=compact:delete.retention.ms=1209600000:max.compaction.lag.ms=86400000:compression.type=gzip,timothy.drahn@optum.com:STREAMIT_Team-1_DL@ds.uhc.com:dave.reines@optum.com:kevin_schultz@optum.com:mitchell.f.borman@optum.com,apatra6:lreile1:sprasa5:smanand2:agauta14:rkoshaba:eniels1,FULL
hcp.tst.data.csp.claim-transaction-status_archive.v1,*,ebaas-streamit-cspfacets-aspfst01,*,beam-streamit,100,cleanup.policy=compact:delete.retention.ms=1209600000:max.compaction.lag.ms=86400000:compression.type=gzip,timothy.drahn@optum.com:STREAMIT_Team-1_DL@ds.uhc.com,apatra6:lreile1:sprasa5:smanand2:agauta14:rkoshaba:eniels1,FULL
hcp.tst.data.csp.claim-transaction-status.v1,*,ebaas-streamit-cspfacets-aspfst01,*:*,beam-streamit:ecp-azure-ebaas,100,cleanup.policy=compact:delete.retention.ms=1209600000:max.compaction.lag.ms=86400000:compression.type=gzip,timothy.drahn@optum.com:STREAMIT_Team-1_DL@ds.uhc.com,apatra6:lreile1:sprasa5:smanand2:agauta14:rkoshaba:eniels1,FULL
hcp.tst.data.csp.service-adjudication-group_archive.v1,*,ebaas-streamit-cspfacets-aspfst01,*,beam-streamit,200,cleanup.policy=compact:delete.retention.ms=1209600000:max.compaction.lag.ms=86400000:compression.type=gzip,timothy.drahn@optum.com:STREAMIT_Team-1_DL@ds.uhc.com,apatra6:lreile1:sprasa5:smanand2:agauta14:rkoshaba:eniels1,FULL
hcp.tst.data.csp.service-adjudication-group.v1,*,ebaas-streamit-cspfacets-aspfst01,*,beam-streamit,200,cleanup.policy=compact:delete.retention.ms=1209600000:max.compaction.lag.ms=86400000:compression.type=gzip,timothy.drahn@optum.com:STREAMIT_Team-1_DL@ds.uhc.com,apatra6:lreile1:sprasa5:smanand2:agauta14:rkoshaba:eniels1,FULL
hcp.tst.data.csp.source-individual.v1,*,ebaas-streamit-cspfacets-aspfst01,*:*:*,beam-streamit:ebaas-streamit-cspfacets-aspfst01:ecp-azure-ebaas,32,cleanup.policy=compact:delete.retention.ms=1209600000:max.compaction.lag.ms=86400000:compression.type=gzip,timothy.drahn@optum.com:STREAMIT_Team-1_DL@ds.uhc.com,apatra6:lreile1:sprasa5:smanand2:agauta14:rkoshaba:eniels1,FULL
hcp.tst.data.csp.membership.v1,*,ebaas-streamit-cspfacets-aspfst01,*:*:*,beam-streamit:ebaas-streamit-cspfacets-aspfst01:ecp-azure-ebaas,50,cleanup.policy=compact:delete.retention.ms=1209600000:max.compaction.lag.ms=86400000:compression.type=gzip,timothy.drahn@optum.com:STREAMIT_Team-1_DL@ds.uhc.com,apatra6:lreile1:sprasa5:smanand2:agauta14:rkoshaba:eniels1,FULL
hcp.tst.data.csp.eligibility.v1,*,ebaas-streamit-cspfacets-aspfst01,*:*:*:*,beam-streamit:egp-csp-stg:core-api-platform-loader-stage:ecp-azure-ebaas,100,cleanup.policy=compact:delete.retention.ms=1209600000:max.compaction.lag.ms=86400000:compression.type=gzip,timothy.drahn@optum.com:STREAMIT_Team-1_DL@ds.uhc.com:kevin_schultz@optum.com:santhosh_mukhta@optum.com,apatra6:lreile1:sprasa5:smanand2:agauta14:rkoshaba:eniels1,FULL
hcp.tst.data.csp.provider-selection.v1,*,ebaas-streamit-cspfacets-aspfst01,*:*,beam-streamit:core-api-platform-loader-stage,100,cleanup.policy=compact:delete.retention.ms=1209600000:max.compaction.lag.ms=86400000:compression.type=gzip,timothy.drahn@optum.com:STREAMIT_Team-1_DL@ds.uhc.com:kevin_schultz@optum.com:santhosh_mukhta@optum.com,apatra6:lreile1:sprasa5:smanand2:agauta14:rkoshaba:eniels1,FULL
hcp.tst.data.csp.membership-cob.v1,*,ebaas-streamit-cspfacets-aspfst01,*:*,beam-streamit:core-api-platform-loader-stage,32,cleanup.policy=compact:delete.retention.ms=1209600000:max.compaction.lag.ms=86400000:compression.type=gzip,timothy.drahn@optum.com:STREAMIT_Team-1_DL@ds.uhc.com:kevin_schultz@optum.com:santhosh_mukhta@optum.com,apatra6:lreile1:sprasa5:smanand2:agauta14:rkoshaba:eniels1,FULL
hcp.tst.data.csp.membership-pref.v1,*,ebaas-streamit-cspfacets-aspfst01,*,beam-streamit,1,cleanup.policy=compact:delete.retention.ms=1209600000:max.compaction.lag.ms=86400000:compression.type=gzip,timothy.drahn@optum.com:STREAMIT_Team-1_DL@ds.uhc.com,apatra6:lreile1:sprasa5:smanand2:agauta14:rkoshaba:eniels1,FULL
hcp.tst.data.csp.medicaid-entitlement.v2,*,ebaas-streamit-cspfacets-aspfst01,*:*,beam-streamit:core-api-platform-loader-stage,100,cleanup.policy=compact:delete.retention.ms=1209600000:max.compaction.lag.ms=86400000:compression.type=gzip,timothy.drahn@optum.com:STREAMIT_Team-1_DL@ds.uhc.com:dave.reines@optum.com:kevin_schultz@optum.com:santhosh_mukhta@optum.com,apatra6:lreile1:sprasa5:smanand2:agauta14:rkoshaba:eniels1,FULL
hcp.tst.data.csp.streamit-security.v1,*,ebaas-streamit-cspfacets-aspfst01,*:*,beam-streamit:core-api-platform-loader-stage,1,cleanup.policy=compact:delete.retention.ms=1209600000:max.compaction.lag.ms=86400000:compression.type=gzip,timothy.drahn@optum.com:STREAMIT_Team-1_DL@ds.uhc.com:dave.reines@optum.com:kevin_schultz@optum.com:mitchell.f.borman@optum.com,apatra6:lreile1:sprasa5:smanand2:agauta14:rkoshaba:eniels1,FULL
hcp.tst.data.csp.provider-cap.v1,*,ebaas-streamit-cspfacets-aspfst01,*,beam-streamit,8,cleanup.policy=compact:delete.retention.ms=1209600000:max.compaction.lag.ms=86400000:compression.type=gzip,timothy.drahn@optum.com:STREAMIT_Team-1_DL@ds.uhc.com,apatra6:lreile1:sprasa5:smanand2:agauta14:rkoshaba:eniels1,FULL
hcp.tst.data.csp.provider.v1,*,ebaas-streamit-cspfacets-aspfst01,*:*,beam-streamit:ecp-azure-ebaas,100,cleanup.policy=compact:delete.retention.ms=1209600000:max.compaction.lag.ms=86400000:compression.type=gzip,timothy.drahn@optum.com:STREAMIT_Team-1_DL@ds.uhc.com,apatra6:lreile1:sprasa5:smanand2:agauta14:rkoshaba:eniels1,FULL
hcp.tst.data.csp.claim-transaction-extn.v1,*,ebaas-streamit-cspfacets-aspfst01,*,beam-streamit,100,cleanup.policy=compact:delete.retention.ms=1209600000:max.compaction.lag.ms=86400000:compression.type=gzip,timothy.drahn@optum.com:STREAMIT_Team-1_DL@ds.uhc.com,apatra6:lreile1:sprasa5:smanand2:agauta14:rkoshaba:eniels1,FULL
hcp.tst.data.csp.claim-transaction-standardized-attribute.v1,*,ebaas-streamit-cspfacets-aspfst01,*,beam-streamit,100,cleanup.policy=compact:delete.retention.ms=1209600000:max.compaction.lag.ms=86400000:compression.type=gzip,timothy.drahn@optum.com:STREAMIT_Team-1_DL@ds.uhc.com,apatra6:lreile1:sprasa5:smanand2:agauta14:rkoshaba:eniels1,FULL
