topic,producer-hosts,producer-cn,consumer-hosts,consumer-cn,partitions,config,email,ms-id,compatibility
hcp.prod.data.nemis.claim-transaction.v1,*,ebaas-streamit-nemis-prod,*,beam-streamit,32,cleanup.policy=compact:delete.retention.ms=1209600000:max.compaction.lag.ms=86400000:compression.type=gzip,timothy.drahn@optum.com:Enc_Agile_Symphony_DL@ds.uhc.com,sagar26:azincenk,FULL
hcp.prod.data.nemis.claim-service-line.v1,*,ebaas-streamit-nemis-prod,*,beam-streamit,32,cleanup.policy=compact:delete.retention.ms=1209600000:max.compaction.lag.ms=86400000:compression.type=gzip,timothy.drahn@optum.com:Enc_Agile_Symphony_DL@ds.uhc.com,sagar26:azincenk,FULL
hcp.prod.data.nemis.claim-other-payer.v1,*,ebaas-streamit-nemis-prod,*,beam-streamit,32,cleanup.policy=compact:delete.retention.ms=1209600000:max.compaction.lag.ms=86400000:compression.type=gzip,timothy.drahn@optum.com:Enc_Agile_Symphony_DL@ds.uhc.com,sagar26:azincenk,FULL
hcp.prod.data.nemis.claim-ambulance.v1,*,ebaas-streamit-nemis-prod,*,beam-streamit,32,cleanup.policy=compact:delete.retention.ms=1209600000:max.compaction.lag.ms=86400000:compression.type=gzip,timothy.drahn@optum.com:Enc_Agile_Symphony_DL@ds.uhc.com,sagar26:azincenk,FULL
hcp.prod.data.nemis.claim-service-other-payer.v1,*,ebaas-streamit-nemis-prod,*,beam-streamit,32,cleanup.policy=compact:delete.retention.ms=1209600000:max.compaction.lag.ms=86400000:compression.type=gzip,timothy.drahn@optum.com:Enc_Agile_Symphony_DL@ds.uhc.com,sagar26:azincenk,FULL
hcp.prod.data.nemis.claim-service-ambulance.v1,*,ebaas-streamit-nemis-prod,*,beam-streamit,32,cleanup.policy=compact:delete.retention.ms=1209600000:max.compaction.lag.ms=86400000:compression.type=gzip,timothy.drahn@optum.com:Enc_Agile_Symphony_DL@ds.uhc.com,sagar26:azincenk,FULL
hcp.prod.data.nemis.claim-transaction-standardized-attribute.v1,*,ebaas-streamit-nemis-prod,*,beam-streamit,32,cleanup.policy=compact:delete.retention.ms=1209600000:max.compaction.lag.ms=86400000:compression.type=gzip,timothy.drahn@optum.com:Enc_Agile_Symphony_DL@ds.uhc.com,sagar26:azincenk,FULL
hcp.prod.data.nemis.claim-transaction-status.v1,*,ebaas-streamit-nemis-prod,*,beam-streamit,32,cleanup.policy=compact:delete.retention.ms=1209600000:max.compaction.lag.ms=86400000:compression.type=gzip,timothy.drahn@optum.com:Enc_Agile_Symphony_DL@ds.uhc.com,sagar26:azincenk,FULL
hcp.prod.data.nemis.security-consumer.v1,*,ebaas-streamit-nemis-prod,*:*:*:*,beam-streamit:core-api-platform-loader-prod:flexclient:claims-smoketest,1,cleanup.policy=compact:delete.retention.ms=1209600000:max.compaction.lag.ms=86400000:compression.type=gzip,timothy.drahn@optum.com:Enc_Agile_Symphony_DL@ds.uhc.com,sagar26:azincenk,FULL
