topic,producer_hosts,producer_cn,consumer_hosts,consumer_cn,partitions,config,email,ms-id,compatibility
kaas.prod.elr.edzprod.edz-clickstream-internal-v1-az,*,prod-dl-edz,*,prod-dl-edz,10,cleanup.policy=compact:retention.ms=7776000000:compression.type=gzip,akash_ranjan@optum.com,aranja15,FULL
kaas.prod.elr.edzprod.edz-imdm-crosswalk-az,*,prod-dl-edz,*,prod-dl-edz,25,cleanup.policy=compact:retention.ms=7776000000:compression.type=gzip,akash_ranjan@optum.com,aranja15,FULL
kaas.prod.elr.edzprod.edz-imdm-reference-az,*,prod-dl-edz,*,prod-dl-edz,25,cleanup.policy=compact:retention.ms=7776000000:compression.type=gzip,akash_ranjan@optum.com,aranja15,FULL
kaas.prod.elr.edzprod.edz-clickstream-canonical-az,*,prod-dl-edz,*,prod-dl-edz,10,cleanup.policy=compact:retention.ms=7776000000:compression.type=gzip,akash_ranjan@optum.com,aranja15,FULL
