topic,producer-hosts,producer-cn,consumer-hosts,consumer-cn,partitions,config,email,ms-id,compatibility
azure-prod-shared.ATTTEST.CSF.FAC.CMC_SBSB_SUBSC,*,beam-streamit,*:*,ebaas-streamit-cspfacets-aspfst01:ebaas-streamit-cspfacets-aspfts14,32,cleanup.policy=compact:delete.retention.ms=1209600001:max.compaction.lag.ms=86400000:compression.type=gzip,timothy.drahn@optum.com:STREAMIT_Team-1_DL@ds.uhc.com,apatra6:lreile1:sprasa5:smanand2:agauta14:rkoshaba:eniels1,FULL
azure-prod-shared.ATTTEST.CSF.FAC.CMC_MEME_MEMBER,*,beam-streamit,*:*,ebaas-streamit-cspfacets-aspfst01:ebaas-streamit-cspfacets-aspfts14,32,cleanup.policy=compact:delete.retention.ms=1209600001:max.compaction.lag.ms=86400000:compression.type=gzip,timothy.drahn@optum.com:STREAMIT_Team-1_DL@ds.uhc.com,apatra6:lreile1:sprasa5:smanand2:agauta14:rkoshaba:eniels1,FULL
azure-prod-shared.ATTTEST.CSF.FAC.CMC_SBIH_ID_HIST,*,beam-streamit,*:*,ebaas-streamit-cspfacets-aspfst01:ebaas-streamit-cspfacets-aspfts14,8,cleanup.policy=compact:delete.retention.ms=1209600001:max.compaction.lag.ms=86400000:compression.type=gzip,timothy.drahn@optum.com:STREAMIT_Team-1_DL@ds.uhc.com,apatra6:lreile1:sprasa5:smanand2:agauta14:rkoshaba:eniels1,FULL
azure-prod-shared.ATTTEST.CSF.FAC.CMC_SBAD_ADDR,*,beam-streamit,*:*,ebaas-streamit-cspfacets-aspfst01:ebaas-streamit-cspfacets-aspfts14,32,cleanup.policy=compact:delete.retention.ms=1209600001:max.compaction.lag.ms=86400000:compression.type=gzip,timothy.drahn@optum.com:STREAMIT_Team-1_DL@ds.uhc.com,apatra6:lreile1:sprasa5:smanand2:agauta14:rkoshaba:eniels1,FULL
azure-prod-shared.ATTTEST.CSF.FAC.CMC_MERP_RELATION,*,beam-streamit,*:*,ebaas-streamit-cspfacets-aspfst01:ebaas-streamit-cspfacets-aspfts14,32,cleanup.policy=compact:delete.retention.ms=1209600001:max.compaction.lag.ms=86400000:compression.type=gzip,timothy.drahn@optum.com:STREAMIT_Team-1_DL@ds.uhc.com,apatra6:lreile1:sprasa5:smanand2:agauta14:rkoshaba:eniels1,FULL
azure-prod-shared.ATTTEST.CSF.FAC.CMC_MCRP_RELAT_PER,*,beam-streamit,*:*,ebaas-streamit-cspfacets-aspfst01:ebaas-streamit-cspfacets-aspfts14,32,cleanup.policy=compact:delete.retention.ms=1209600001:max.compaction.lag.ms=86400000:compression.type=gzip,timothy.drahn@optum.com:STREAMIT_Team-1_DL@ds.uhc.com,apatra6:lreile1:sprasa5:smanand2:agauta14:rkoshaba:eniels1,FULL
azure-prod-shared.ATTTEST.CSF.FAC.CMC_MEMD_MECR_DETL,*,beam-streamit,*:*,ebaas-streamit-cspfacets-aspfst01:ebaas-streamit-cspfacets-aspfts14,16,cleanup.policy=compact:delete.retention.ms=1209600001:max.compaction.lag.ms=86400000:compression.type=gzip,timothy.drahn@optum.com:STREAMIT_Team-1_DL@ds.uhc.com,apatra6:lreile1:sprasa5:smanand2:agauta14:rkoshaba:eniels1,FULL
azure-prod-shared.ATTTEST.CSF.FAC.CMC_MEDX_COND_ELIG,*,beam-streamit,*:*,ebaas-streamit-cspfacets-aspfst01:ebaas-streamit-cspfacets-aspfts14,3,cleanup.policy=compact:delete.retention.ms=1209600001:max.compaction.lag.ms=86400000:compression.type=gzip,timothy.drahn@optum.com:STREAMIT_Team-1_DL@ds.uhc.com,apatra6:lreile1:sprasa5:smanand2:agauta14:rkoshaba:eniels1,FULL
azure-prod-shared.ATTTEST.CSF.FSG.HCP_MEME_ATAD,*,beam-streamit,*:*,ebaas-streamit-cspfacets-aspfst01:ebaas-streamit-cspfacets-aspfts14,16,cleanup.policy=compact:delete.retention.ms=1209600001:max.compaction.lag.ms=86400000:compression.type=gzip,timothy.drahn@optum.com:STREAMIT_Team-1_DL@ds.uhc.com,apatra6:lreile1:sprasa5:smanand2:agauta14:rkoshaba:eniels1,FULL
azure-prod-shared.ATTTEST.CSF.FSG.HCP_SBSB_ATAD,*,beam-streamit,*:*,ebaas-streamit-cspfacets-aspfst01:ebaas-streamit-cspfacets-aspfts14,16,cleanup.policy=compact:delete.retention.ms=1209600001:max.compaction.lag.ms=86400000:compression.type=gzip,timothy.drahn@optum.com:STREAMIT_Team-1_DL@ds.uhc.com,apatra6:lreile1:sprasa5:smanand2:agauta14:rkoshaba:eniels1,FULL
azure-prod-shared.ATTTEST.CSF.FSG.FSG_HCP_MEME_CK_DEC_LKP,*,beam-streamit,*:*,ebaas-streamit-cspfacets-aspfst01:ebaas-streamit-cspfacets-aspfts14,50,cleanup.policy=compact:delete.retention.ms=1209600001:max.compaction.lag.ms=86400000:compression.type=gzip,timothy.drahn@optum.com:STREAMIT_Team-1_DL@ds.uhc.com,apatra6:lreile1:sprasa5:smanand2:agauta14:rkoshaba:eniels1,FULL
azure-prod-shared.ATTTEST.CSF.FAC.CMC_MEPE_PRCS_ELIG,*,beam-streamit,*:*,ebaas-streamit-cspfacets-aspfst01:ebaas-streamit-cspfacets-aspfts14,100,cleanup.policy=compact:delete.retention.ms=1209600001:max.compaction.lag.ms=86400000:compression.type=gzip,timothy.drahn@optum.com:STREAMIT_Team-1_DL@ds.uhc.com,apatra6:lreile1:sprasa5:smanand2:agauta14:rkoshaba:eniels1,FULL
azure-prod-shared.ATTTEST.CSF.FAC.CMC_MECM_COMM,*,beam-streamit,*:*,ebaas-streamit-cspfacets-aspfst01:ebaas-streamit-cspfacets-aspfts14,1,cleanup.policy=compact:delete.retention.ms=1209600001:max.compaction.lag.ms=86400000:compression.type=gzip,timothy.drahn@optum.com:STREAMIT_Team-1_DL@ds.uhc.com,apatra6:lreile1:sprasa5:smanand2:agauta14:rkoshaba:eniels1,FULL
azure-prod-shared.ATTTEST.CSF.FAC.CMC_MEPR_PRIM_PROV,*,beam-streamit,*:*,ebaas-streamit-cspfacets-aspfst01:ebaas-streamit-cspfacets-aspfts14,32,cleanup.policy=compact:delete.retention.ms=1209600001:max.compaction.lag.ms=86400000:compression.type=gzip,timothy.drahn@optum.com:STREAMIT_Team-1_DL@ds.uhc.com,apatra6:lreile1:sprasa5:smanand2:agauta14:rkoshaba:eniels1,FULL
azure-prod-shared.ATTTEST.CSF.FAC.CMC_MEPV_PROV,*,beam-streamit,*:*,ebaas-streamit-cspfacets-aspfst01:ebaas-streamit-cspfacets-aspfts14,3,cleanup.policy=compact:delete.retention.ms=1209600001:max.compaction.lag.ms=86400000:compression.type=gzip,timothy.drahn@optum.com:STREAMIT_Team-1_DL@ds.uhc.com,apatra6:lreile1:sprasa5:smanand2:agauta14:rkoshaba:eniels1,FULL
azure-prod-shared.ATTTEST.CSF.FAC.CMC_PRPR_PROV,*,beam-streamit,*:*,ebaas-streamit-cspfacets-aspfst01:ebaas-streamit-cspfacets-aspfts14,32,cleanup.policy=compact:delete.retention.ms=1209600001:max.compaction.lag.ms=86400000:compression.type=gzip,timothy.drahn@optum.com:STREAMIT_Team-1_DL@ds.uhc.com,apatra6:lreile1:sprasa5:smanand2:agauta14:rkoshaba:eniels1,FULL
azure-prod-shared.ATTTEST.CSF.FAC.CMC_PRAD_ADDRESS,*,beam-streamit,*:*,ebaas-streamit-cspfacets-aspfst01:ebaas-streamit-cspfacets-aspfts14,32,cleanup.policy=compact:delete.retention.ms=1209600001:max.compaction.lag.ms=86400000:compression.type=gzip,timothy.drahn@optum.com:STREAMIT_Team-1_DL@ds.uhc.com,apatra6:lreile1:sprasa5:smanand2:agauta14:rkoshaba:eniels1,FULL
azure-prod-shared.ATTTEST.CSF.FSG.FSG_HCP_MEME_CK_STR_LKP,*,beam-streamit,*:*,ebaas-streamit-cspfacets-aspfst01:ebaas-streamit-cspfacets-aspfts14,16,cleanup.policy=compact:delete.retention.ms=1209600001:max.compaction.lag.ms=86400000:compression.type=gzip,timothy.drahn@optum.com:STREAMIT_Team-1_DL@ds.uhc.com,apatra6:lreile1:sprasa5:smanand2:agauta14:rkoshaba:eniels1,FULL
azure-prod-shared.ATTTEST.CSF.FSG.JT_MB_COB_EXT_MECB_COB,*,beam-streamit,*:*,ebaas-streamit-cspfacets-aspfst01:ebaas-streamit-cspfacets-aspfts14,50,cleanup.policy=compact:delete.retention.ms=1209600001:max.compaction.lag.ms=86400000:compression.type=gzip,timothy.drahn@optum.com:STREAMIT_Team-1_DL@ds.uhc.com,apatra6:lreile1:sprasa5:smanand2:agauta14:rkoshaba:eniels1,FULL
azure-prod-shared.ATTTEST.CSF.FSG.HCP_CMC_MCRE_RELAT_ENT,*,beam-streamit,*:*,ebaas-streamit-cspfacets-aspfst01:ebaas-streamit-cspfacets-aspfts14,3,cleanup.policy=compact:delete.retention.ms=1209600001:max.compaction.lag.ms=86400000:compression.type=gzip,timothy.drahn@optum.com:STREAMIT_Team-1_DL@ds.uhc.com,apatra6:lreile1:sprasa5:smanand2:agauta14:rkoshaba:eniels1,FULL
azure-prod-shared.ATTTEST.CSF.FAC.CMC_MECD_MEDICAID,*,beam-streamit,*:*,ebaas-streamit-cspfacets-aspfst01:ebaas-streamit-cspfacets-aspfts14,32,cleanup.policy=compact:delete.retention.ms=1209600001:max.compaction.lag.ms=86400000:compression.type=gzip,timothy.drahn@optum.com:STREAMIT_Team-1_DL@ds.uhc.com,apatra6:lreile1:sprasa5:smanand2:agauta14:rkoshaba:eniels1,FULL
azure-prod-shared.ATTTEST.CSF.FAC.CMC_MEHE_HEALTH_DETL,*,beam-streamit,*:*,ebaas-streamit-cspfacets-aspfst01:ebaas-streamit-cspfacets-aspfts14,50,cleanup.policy=compact:delete.retention.ms=1209600001:max.compaction.lag.ms=86400000:compression.type=gzip,timothy.drahn@optum.com:STREAMIT_Team-1_DL@ds.uhc.com,apatra6:lreile1:sprasa5:smanand2:agauta14:rkoshaba:eniels1,FULL
azure-prod-shared.ATTTEST.CSF.FSG.FSG_MBEX_MEMBER_ATTRB,*,beam-streamit,*:*,ebaas-streamit-cspfacets-aspfst01:ebaas-streamit-cspfacets-aspfts14,8,cleanup.policy=compact:delete.retention.ms=1209600001:max.compaction.lag.ms=86400000:compression.type=gzip,timothy.drahn@optum.com:STREAMIT_Team-1_DL@ds.uhc.com,apatra6:lreile1:sprasa5:smanand2:agauta14:rkoshaba:eniels1,FULL
azure-prod-shared.ATTTEST.CSF.FSG.FSG_MBCB_LTC_PAT_LIA_EXTN,*,beam-streamit,*:*,ebaas-streamit-cspfacets-aspfst01:ebaas-streamit-cspfacets-aspfts14,16,cleanup.policy=compact:delete.retention.ms=1209600001:max.compaction.lag.ms=86400000:compression.type=gzip,timothy.drahn@optum.com:STREAMIT_Team-1_DL@ds.uhc.com,apatra6:lreile1:sprasa5:smanand2:agauta14:rkoshaba:eniels1,FULL
azure-prod-shared.ATTTEST.CSF.FSG.FSG_ADIN_MEME_INFO,*,beam-streamit,*:*,ebaas-streamit-cspfacets-aspfst01:ebaas-streamit-cspfacets-aspfts14,16,cleanup.policy=compact:delete.retention.ms=1209600001:max.compaction.lag.ms=86400000:compression.type=gzip,timothy.drahn@optum.com:STREAMIT_Team-1_DL@ds.uhc.com,apatra6:lreile1:sprasa5:smanand2:agauta14:rkoshaba:eniels1,FULL
azure-prod-shared.ATTTEST.CSF.FSG.FSG_MBCB_MEDC_COV,*,beam-streamit,*:*,ebaas-streamit-cspfacets-aspfst01:ebaas-streamit-cspfacets-aspfts14,8,cleanup.policy=compact:delete.retention.ms=1209600001:max.compaction.lag.ms=86400000:compression.type=gzip,timothy.drahn@optum.com:STREAMIT_Team-1_DL@ds.uhc.com,apatra6:lreile1:sprasa5:smanand2:agauta14:rkoshaba:eniels1,FULL
azure-prod-shared.ATTTEST.CSF.FSG.FSG_MBCB_MEDC_MCO_PBM,*,beam-streamit,*:*,ebaas-streamit-cspfacets-aspfst01:ebaas-streamit-cspfacets-aspfts14,8,cleanup.policy=compact:delete.retention.ms=1209600001:max.compaction.lag.ms=86400000:compression.type=gzip,timothy.drahn@optum.com:STREAMIT_Team-1_DL@ds.uhc.com,apatra6:lreile1:sprasa5:smanand2:agauta14:rkoshaba:eniels1,FULL
azure-prod-shared.ATTTEST.CSF.FSG.FSG_MBCB_MEDC_SUPPL,*,beam-streamit,*:*,ebaas-streamit-cspfacets-aspfst01:ebaas-streamit-cspfacets-aspfts14,8,cleanup.policy=compact:delete.retention.ms=1209600001:max.compaction.lag.ms=86400000:compression.type=gzip,timothy.drahn@optum.com:STREAMIT_Team-1_DL@ds.uhc.com,apatra6:lreile1:sprasa5:smanand2:agauta14:rkoshaba:eniels1,FULL
azure-prod-shared.ATTTEST.CSF.FSG.FSG_MBCB_MEDC_TPL,*,beam-streamit,*:*,ebaas-streamit-cspfacets-aspfst01:ebaas-streamit-cspfacets-aspfts14,3,cleanup.policy=compact:delete.retention.ms=1209600001:max.compaction.lag.ms=86400000:compression.type=gzip,timothy.drahn@optum.com:STREAMIT_Team-1_DL@ds.uhc.com,apatra6:lreile1:sprasa5:smanand2:agauta14:rkoshaba:eniels1,FULL
azure-prod-shared.ATTTEST.CSF.FSG.FSG_MBCB_LTC_EXTN,*,beam-streamit,*:*,ebaas-streamit-cspfacets-aspfst01:ebaas-streamit-cspfacets-aspfts14,3,cleanup.policy=compact:delete.retention.ms=1209600001:max.compaction.lag.ms=86400000:compression.type=gzip,timothy.drahn@optum.com:STREAMIT_Team-1_DL@ds.uhc.com,apatra6:lreile1:sprasa5:smanand2:agauta14:rkoshaba:eniels1,FULL
azure-prod-shared.ATTTEST.CSF.FAC.CMC_SBWM_SB_MSG,*,beam-streamit,*:*,ebaas-streamit-cspfacets-aspfst01:ebaas-streamit-cspfacets-aspfts14,8,cleanup.policy=compact:delete.retention.ms=1209600001:max.compaction.lag.ms=86400000:compression.type=gzip,timothy.drahn@optum.com:STREAMIT_Team-1_DL@ds.uhc.com,apatra6:lreile1:sprasa5:smanand2:agauta14:rkoshaba:eniels1,FULL
azure-prod-shared.ATTTEST.CSF.FSG.FSG_CLEX_LOR_LVL,*,beam-streamit,*:*,ebaas-streamit-cspfacets-aspfst01:ebaas-streamit-cspfacets-aspfts14,3,cleanup.policy=compact:delete.retention.ms=1209600001:max.compaction.lag.ms=86400000:compression.type=gzip,timothy.drahn@optum.com:STREAMIT_Team-1_DL@ds.uhc.com,apatra6:lreile1:sprasa5:smanand2:agauta14:rkoshaba:eniels1,FULL
azure-prod-shared.ATTTEST.CSF.FSG.FSG_MBCB_BNFT_RST_DTL,*,beam-streamit,*:*,ebaas-streamit-cspfacets-aspfst01:ebaas-streamit-cspfacets-aspfts14,16,cleanup.policy=compact:delete.retention.ms=1209600001:max.compaction.lag.ms=86400000:compression.type=gzip,timothy.drahn@optum.com:STREAMIT_Team-1_DL@ds.uhc.com,apatra6:lreile1:sprasa5:smanand2:agauta14:rkoshaba:eniels1,FULL
azure-prod-shared.ATTTEST.CSF.FSG.FSG_HCP_SBSB_CK_DEC_LKP,*,beam-streamit,*:*,ebaas-streamit-cspfacets-aspfst01:ebaas-streamit-cspfacets-aspfts14,32,cleanup.policy=compact:delete.retention.ms=1209600001:max.compaction.lag.ms=86400000:compression.type=gzip,timothy.drahn@optum.com:STREAMIT_Team-1_DL@ds.uhc.com,apatra6:lreile1:sprasa5:smanand2:agauta14:rkoshaba:eniels1,FULL
azure-prod-shared.ATTTEST.CSF.FSG.FSG_HCP_SBSB_CK_STR_LKP,*,beam-streamit,*:*,ebaas-streamit-cspfacets-aspfst01:ebaas-streamit-cspfacets-aspfts14,32,cleanup.policy=compact:delete.retention.ms=1209600001:max.compaction.lag.ms=86400000:compression.type=gzip,timothy.drahn@optum.com:STREAMIT_Team-1_DL@ds.uhc.com,apatra6:lreile1:sprasa5:smanand2:agauta14:rkoshaba:eniels1,FULL
azure-prod-shared.ATTTEST.CSF.FAC.CMC_SBSA_SALARY,*,beam-streamit,*:*,ebaas-streamit-cspfacets-aspfst01:ebaas-streamit-cspfacets-aspfts14,8,cleanup.policy=compact:delete.retention.ms=1209600001:max.compaction.lag.ms=86400000:compression.type=gzip,timothy.drahn@optum.com:STREAMIT_Team-1_DL@ds.uhc.com,apatra6:lreile1:sprasa5:smanand2:agauta14:rkoshaba:eniels1,FULL
azure-prod-shared.ATTTEST.CSF.FSG.HCP_SBSB_ATMM,*,beam-streamit,*:*,ebaas-streamit-cspfacets-aspfst01:ebaas-streamit-cspfacets-aspfts14,1,cleanup.policy=compact:delete.retention.ms=1209600001:max.compaction.lag.ms=86400000:compression.type=gzip,timothy.drahn@optum.com:STREAMIT_Team-1_DL@ds.uhc.com,apatra6:lreile1:sprasa5:smanand2:agauta14:rkoshaba:eniels1,FULL
azure-prod-shared.ATTTEST.CSF.FSG.HCP_SBSB_ATND,*,beam-streamit,*:*,ebaas-streamit-cspfacets-aspfst01:ebaas-streamit-cspfacets-aspfts14,22,cleanup.policy=compact:delete.retention.ms=1209600001:max.compaction.lag.ms=86400000:compression.type=gzip,timothy.drahn@optum.com:STREAMIT_Team-1_DL@ds.uhc.com,apatra6:lreile1:sprasa5:smanand2:agauta14:rkoshaba:eniels1,FULL
azure-prod-shared.ATTTEST.CSF.FSG.HCP_SBSB_ATUF,*,beam-streamit,*:*,ebaas-streamit-cspfacets-aspfst01:ebaas-streamit-cspfacets-aspfts14,4,cleanup.policy=compact:delete.retention.ms=1209600001:max.compaction.lag.ms=86400000:compression.type=gzip,timothy.drahn@optum.com:STREAMIT_Team-1_DL@ds.uhc.com,apatra6:lreile1:sprasa5:smanand2:agauta14:rkoshaba:eniels1,FULL
azure-prod-shared.ATTTEST.CSF.FSG.HCP_MEME_ATMM,*,beam-streamit,*:*,ebaas-streamit-cspfacets-aspfst01:ebaas-streamit-cspfacets-aspfts14,1,cleanup.policy=compact:delete.retention.ms=1209600001:max.compaction.lag.ms=86400000:compression.type=gzip,timothy.drahn@optum.com:STREAMIT_Team-1_DL@ds.uhc.com,apatra6:lreile1:sprasa5:smanand2:agauta14:rkoshaba:eniels1,FULL
azure-prod-shared.ATTTEST.CSF.FSG.HCP_MEME_ATND,*,beam-streamit,*:*,ebaas-streamit-cspfacets-aspfst01:ebaas-streamit-cspfacets-aspfts14,4,cleanup.policy=compact:delete.retention.ms=1209600001:max.compaction.lag.ms=86400000:compression.type=gzip,timothy.drahn@optum.com:STREAMIT_Team-1_DL@ds.uhc.com,apatra6:lreile1:sprasa5:smanand2:agauta14:rkoshaba:eniels1,FULL
azure-prod-shared.ATTTEST.CSF.FSG.HCP_MEME_ATUF,*,beam-streamit,*:*,ebaas-streamit-cspfacets-aspfst01:ebaas-streamit-cspfacets-aspfts14,10,cleanup.policy=compact:delete.retention.ms=1209600001:max.compaction.lag.ms=86400000:compression.type=gzip,timothy.drahn@optum.com:STREAMIT_Team-1_DL@ds.uhc.com,apatra6:lreile1:sprasa5:smanand2:agauta14:rkoshaba:eniels1,FULL
azure-prod-shared.ATTTEST.CSF.FAC.CMC_MATX_ACCUM_TXN,*,beam-streamit,*:*,ebaas-streamit-cspfacets-aspfst01:ebaas-streamit-cspfacets-aspfts14,50,cleanup.policy=compact:delete.retention.ms=1209600001:max.compaction.lag.ms=86400000:compression.type=gzip,timothy.drahn@optum.com:STREAMIT_Team-1_DL@ds.uhc.com,apatra6:lreile1:sprasa5:smanand2:agauta14:rkoshaba:eniels1,FULL
azure-prod-shared.ATTTEST.CSF.FAC.CMC_FATX_ACCUM_TXN,*,beam-streamit,*:*,ebaas-streamit-cspfacets-aspfst01:ebaas-streamit-cspfacets-aspfts14,16,cleanup.policy=compact:delete.retention.ms=1209600001:max.compaction.lag.ms=86400000:compression.type=gzip,timothy.drahn@optum.com:STREAMIT_Team-1_DL@ds.uhc.com,apatra6:lreile1:sprasa5:smanand2:agauta14:rkoshaba:eniels1,FULL
azure-prod-shared.ATTTEST.CSF.FSG.HCP_CMC_MCTR_CD_TRANS,*,beam-streamit,*:*,ebaas-streamit-cspfacets-aspfst01:ebaas-streamit-cspfacets-aspfts14,3,cleanup.policy=compact:delete.retention.ms=1209600001:max.compaction.lag.ms=86400000:compression.type=gzip,timothy.drahn@optum.com:STREAMIT_Team-1_DL@ds.uhc.com,apatra6:lreile1:sprasa5:smanand2:agauta14:rkoshaba:eniels1,FULL
azure-prod-shared.ATTTEST.CSF.FSG.HCP_CER_ATSY_STYLE_D,*,beam-streamit,*:*,ebaas-streamit-cspfacets-aspfst01:ebaas-streamit-cspfacets-aspfts14,3,cleanup.policy=compact:delete.retention.ms=1209600001:max.compaction.lag.ms=86400000:compression.type=gzip,timothy.drahn@optum.com:STREAMIT_Team-1_DL@ds.uhc.com,apatra6:lreile1:sprasa5:smanand2:agauta14:rkoshaba:eniels1,FULL
azure-prod-shared.ATTTEST.CSF.FSG.HCP_CMC_GRGR_GROUP,*,beam-streamit,*:*,ebaas-streamit-cspfacets-aspfst01:ebaas-streamit-cspfacets-aspfts14,3,cleanup.policy=compact:delete.retention.ms=1209600001:max.compaction.lag.ms=86400000:compression.type=gzip,timothy.drahn@optum.com:STREAMIT_Team-1_DL@ds.uhc.com,apatra6:lreile1:sprasa5:smanand2:agauta14:rkoshaba:eniels1,FULL
azure-prod-shared.ATTTEST.CSF.FSG.HCP_CMC_SGSG_SUB_GROUP,*,beam-streamit,*:*,ebaas-streamit-cspfacets-aspfst01:ebaas-streamit-cspfacets-aspfts14,3,cleanup.policy=compact:delete.retention.ms=1209600001:max.compaction.lag.ms=86400000:compression.type=gzip,timothy.drahn@optum.com:STREAMIT_Team-1_DL@ds.uhc.com,apatra6:lreile1:sprasa5:smanand2:agauta14:rkoshaba:eniels1,FULL
azure-prod-shared.ATTTEST.CSF.FSG.HCP_CMC_PLDS_PLAN_DESC,*,beam-streamit,*:*,ebaas-streamit-cspfacets-aspfst01:ebaas-streamit-cspfacets-aspfts14,3,cleanup.policy=compact:delete.retention.ms=1209600001:max.compaction.lag.ms=86400000:compression.type=gzip,timothy.drahn@optum.com:STREAMIT_Team-1_DL@ds.uhc.com,apatra6:lreile1:sprasa5:smanand2:agauta14:rkoshaba:eniels1,FULL
azure-prod-shared.ATTTEST.CSF.FSG.HCP_CMC_IPCD_PROC_CD_CUS,*,beam-streamit,*:*,ebaas-streamit-cspfacets-aspfst01:ebaas-streamit-cspfacets-aspfts14,3,cleanup.policy=compact:delete.retention.ms=1209600001:max.compaction.lag.ms=86400000:compression.type=gzip,timothy.drahn@optum.com:STREAMIT_Team-1_DL@ds.uhc.com,apatra6:lreile1:sprasa5:smanand2:agauta14:rkoshaba:eniels1,FULL
azure-prod-shared.ATTTEST.CSF.FSG.HCP_CMC_IPCD_PROC_CD,*,beam-streamit,*:*,ebaas-streamit-cspfacets-aspfst01:ebaas-streamit-cspfacets-aspfts14,3,cleanup.policy=compact:delete.retention.ms=1209600001:max.compaction.lag.ms=86400000:compression.type=gzip,timothy.drahn@optum.com:STREAMIT_Team-1_DL@ds.uhc.com,apatra6:lreile1:sprasa5:smanand2:agauta14:rkoshaba:eniels1,FULL
azure-prod-shared.ATTTEST.CSF.FSG.HCP_CMC_WMDS_DESC,*,beam-streamit,*:*,ebaas-streamit-cspfacets-aspfst01:ebaas-streamit-cspfacets-aspfts14,3,cleanup.policy=compact:delete.retention.ms=1209600001:max.compaction.lag.ms=86400000:compression.type=gzip,timothy.drahn@optum.com:STREAMIT_Team-1_DL@ds.uhc.com,apatra6:lreile1:sprasa5:smanand2:agauta14:rkoshaba:eniels1,FULL
azure-prod-shared.ATTTEST.CSF.FSG.HCP_FSG_INCW_INST_CROSSW,*,beam-streamit,*:*,ebaas-streamit-cspfacets-aspfst01:ebaas-streamit-cspfacets-aspfts14,3,cleanup.policy=compact:delete.retention.ms=1209600001:max.compaction.lag.ms=86400000:compression.type=gzip,timothy.drahn@optum.com:STREAMIT_Team-1_DL@ds.uhc.com,apatra6:lreile1:sprasa5:smanand2:agauta14:rkoshaba:eniels1,FULL
azure-prod-shared.ATTTEST.CSF.FSG.HCP_CMC_EXCD_EXPL_CD,*,beam-streamit,*:*,ebaas-streamit-cspfacets-aspfst01:ebaas-streamit-cspfacets-aspfts14,3,cleanup.policy=compact:delete.retention.ms=1209600001:max.compaction.lag.ms=86400000:compression.type=gzip,timothy.drahn@optum.com:STREAMIT_Team-1_DL@ds.uhc.com,apatra6:lreile1:sprasa5:smanand2:agauta14:rkoshaba:eniels1,FULL
azure-prod-shared.ATTTEST.CSF.FSG.HCP_CMC_PSCD_POS_DESC,*,beam-streamit,*:*,ebaas-streamit-cspfacets-aspfst01:ebaas-streamit-cspfacets-aspfts14,3,cleanup.policy=compact:delete.retention.ms=1209600001:max.compaction.lag.ms=86400000:compression.type=gzip,timothy.drahn@optum.com:STREAMIT_Team-1_DL@ds.uhc.com,apatra6:lreile1:sprasa5:smanand2:agauta14:rkoshaba:eniels1,FULL
azure-prod-shared.ATTTEST.CSF.FSG.HCP_CMC_RCRC_RC_DESC,*,beam-streamit,*:*,ebaas-streamit-cspfacets-aspfst01:ebaas-streamit-cspfacets-aspfts14,3,cleanup.policy=compact:delete.retention.ms=1209600001:max.compaction.lag.ms=86400000:compression.type=gzip,timothy.drahn@optum.com:STREAMIT_Team-1_DL@ds.uhc.com,apatra6:lreile1:sprasa5:smanand2:agauta14:rkoshaba:eniels1,FULL
azure-prod-shared.ATTTEST.CSF.FSG.HCP_FSG_CLMS_CMPAYEXT_REASDE,*,beam-streamit,*:*,ebaas-streamit-cspfacets-aspfst01:ebaas-streamit-cspfacets-aspfts14,3,cleanup.policy=compact:delete.retention.ms=1209600001:max.compaction.lag.ms=86400000:compression.type=gzip,timothy.drahn@optum.com:STREAMIT_Team-1_DL@ds.uhc.com,apatra6:lreile1:sprasa5:smanand2:agauta14:rkoshaba:eniels1,FULL
azure-prod-shared.ATTTEST.CSF.FAC.CER_SYML_MSG_LOG,*,beam-streamit,*:*,ebaas-streamit-cspfacets-aspfst01:ebaas-streamit-cspfacets-aspfts14,200,cleanup.policy=compact:delete.retention.ms=1209600001:max.compaction.lag.ms=86400000:compression.type=gzip,timothy.drahn@optum.com:STREAMIT_Team-1_DL@ds.uhc.com,apatra6:lreile1:sprasa5:smanand2:agauta14:rkoshaba:eniels1,FULL
azure-prod-shared.ATTTEST.CSF.FAC.CMC_BPCD_CLM_DTL,*,beam-streamit,*:*,ebaas-streamit-cspfacets-aspfst01:ebaas-streamit-cspfacets-aspfts14,400,cleanup.policy=compact:delete.retention.ms=1209600001:max.compaction.lag.ms=86400000:compression.type=gzip,timothy.drahn@optum.com:STREAMIT_Team-1_DL@ds.uhc.com,apatra6:lreile1:sprasa5:smanand2:agauta14:rkoshaba:eniels1,FULL
azure-prod-shared.ATTTEST.CSF.FAC.CMC_CDCB_LI_COB,*,beam-streamit,*:*,ebaas-streamit-cspfacets-aspfst01:ebaas-streamit-cspfacets-aspfts14,150,cleanup.policy=compact:delete.retention.ms=1209600001:max.compaction.lag.ms=86400000:compression.type=gzip,timothy.drahn@optum.com:STREAMIT_Team-1_DL@ds.uhc.com,apatra6:lreile1:sprasa5:smanand2:agauta14:rkoshaba:eniels1,FULL
azure-prod-shared.ATTTEST.CSF.FAC.CMC_CDID_DATA,*,beam-streamit,*:*,ebaas-streamit-cspfacets-aspfst01:ebaas-streamit-cspfacets-aspfts14,150,cleanup.policy=compact:delete.retention.ms=1209600001:max.compaction.lag.ms=86400000:compression.type=gzip,timothy.drahn@optum.com:STREAMIT_Team-1_DL@ds.uhc.com,apatra6:lreile1:sprasa5:smanand2:agauta14:rkoshaba:eniels1,FULL
azure-prod-shared.ATTTEST.CSF.FAC.CMC_CDLM_ACC_LMT,*,beam-streamit,*:*,ebaas-streamit-cspfacets-aspfst01:ebaas-streamit-cspfacets-aspfts14,50,cleanup.policy=compact:delete.retention.ms=1209600001:max.compaction.lag.ms=86400000:compression.type=gzip,timothy.drahn@optum.com:STREAMIT_Team-1_DL@ds.uhc.com,apatra6:lreile1:sprasa5:smanand2:agauta14:rkoshaba:eniels1,FULL
azure-prod-shared.ATTTEST.CSF.FAC.CMC_CDML_CL_LINE,*,beam-streamit,*:*,ebaas-streamit-cspfacets-aspfst01:ebaas-streamit-cspfacets-aspfts14,300,cleanup.policy=compact:delete.retention.ms=1209600001:max.compaction.lag.ms=86400000:compression.type=gzip,timothy.drahn@optum.com:STREAMIT_Team-1_DL@ds.uhc.com,apatra6:lreile1:sprasa5:smanand2:agauta14:rkoshaba:eniels1,FULL
azure-prod-shared.ATTTEST.CSF.FAC.CMC_CDNP_NWX_PRCNG,*,beam-streamit,*:*,ebaas-streamit-cspfacets-aspfst01:ebaas-streamit-cspfacets-aspfts14,350,cleanup.policy=compact:delete.retention.ms=1209600001:max.compaction.lag.ms=86400000:compression.type=gzip,timothy.drahn@optum.com:STREAMIT_Team-1_DL@ds.uhc.com,apatra6:lreile1:sprasa5:smanand2:agauta14:rkoshaba:eniels1,FULL
azure-prod-shared.ATTTEST.CSF.FAC.CMC_CDOR_LI_OVR,*,beam-streamit,*:*,ebaas-streamit-cspfacets-aspfst01:ebaas-streamit-cspfacets-aspfts14,200,cleanup.policy=compact:delete.retention.ms=1209600001:max.compaction.lag.ms=86400000:compression.type=gzip,timothy.drahn@optum.com:STREAMIT_Team-1_DL@ds.uhc.com,apatra6:lreile1:sprasa5:smanand2:agauta14:rkoshaba:eniels1,FULL
azure-prod-shared.ATTTEST.CSF.FAC.CMC_CDPE_PROV_DATA,*,beam-streamit,*:*,ebaas-streamit-cspfacets-aspfst01:ebaas-streamit-cspfacets-aspfts14,16,cleanup.policy=compact:delete.retention.ms=1209600001:max.compaction.lag.ms=86400000:compression.type=gzip,timothy.drahn@optum.com:STREAMIT_Team-1_DL@ds.uhc.com,apatra6:lreile1:sprasa5:smanand2:agauta14:rkoshaba:eniels1,FULL
azure-prod-shared.ATTTEST.CSF.FAC.CMC_CDSD_SUPP_DATA,*,beam-streamit,*:*,ebaas-streamit-cspfacets-aspfst01:ebaas-streamit-cspfacets-aspfts14,300,cleanup.policy=compact:delete.retention.ms=1209600001:max.compaction.lag.ms=86400000:compression.type=gzip,timothy.drahn@optum.com:STREAMIT_Team-1_DL@ds.uhc.com,apatra6:lreile1:sprasa5:smanand2:agauta14:rkoshaba:eniels1,FULL
azure-prod-shared.ATTTEST.CSF.FAC.CMC_CKCK_CHECK,*,beam-streamit,*:*,ebaas-streamit-cspfacets-aspfst01:ebaas-streamit-cspfacets-aspfts14,50,cleanup.policy=compact:delete.retention.ms=1209600001:max.compaction.lag.ms=86400000:compression.type=gzip,timothy.drahn@optum.com:STREAMIT_Team-1_DL@ds.uhc.com,apatra6:lreile1:sprasa5:smanand2:agauta14:rkoshaba:eniels1,FULL
azure-prod-shared.ATTTEST.CSF.FAC.CMC_CLCB_CL_COB,*,beam-streamit,*:*,ebaas-streamit-cspfacets-aspfst01:ebaas-streamit-cspfacets-aspfts14,100,cleanup.policy=compact:delete.retention.ms=1209600001:max.compaction.lag.ms=86400000:compression.type=gzip,timothy.drahn@optum.com:STREAMIT_Team-1_DL@ds.uhc.com,apatra6:lreile1:sprasa5:smanand2:agauta14:rkoshaba:eniels1,FULL
azure-prod-shared.ATTTEST.CSF.FAC.CMC_CLCK_CLM_CHECK,*,beam-streamit,*:*,ebaas-streamit-cspfacets-aspfst01:ebaas-streamit-cspfacets-aspfts14,200,cleanup.policy=compact:delete.retention.ms=1209600001:max.compaction.lag.ms=86400000:compression.type=gzip,timothy.drahn@optum.com:STREAMIT_Team-1_DL@ds.uhc.com,apatra6:lreile1:sprasa5:smanand2:agauta14:rkoshaba:eniels1,FULL
azure-prod-shared.ATTTEST.CSF.FAC.CMC_CLCL_CLAIM,*,beam-streamit,*:*,ebaas-streamit-cspfacets-aspfst01:ebaas-streamit-cspfacets-aspfts14,200,cleanup.policy=compact:delete.retention.ms=1209600001:max.compaction.lag.ms=86400000:compression.type=gzip,timothy.drahn@optum.com:STREAMIT_Team-1_DL@ds.uhc.com,apatra6:lreile1:sprasa5:smanand2:agauta14:rkoshaba:eniels1,FULL
azure-prod-shared.ATTTEST.CSF.FAC.CMC_CLED_EDI_DATA,*,beam-streamit,*:*,ebaas-streamit-cspfacets-aspfst01:ebaas-streamit-cspfacets-aspfts14,200,cleanup.policy=compact:delete.retention.ms=1209600001:max.compaction.lag.ms=86400000:compression.type=gzip,timothy.drahn@optum.com:STREAMIT_Team-1_DL@ds.uhc.com,apatra6:lreile1:sprasa5:smanand2:agauta14:rkoshaba:eniels1,FULL
azure-prod-shared.ATTTEST.CSF.FAC.CMC_CLHC_COND_CODE,*,beam-streamit,*:*,ebaas-streamit-cspfacets-aspfst01:ebaas-streamit-cspfacets-aspfts14,16,cleanup.policy=compact:delete.retention.ms=1209600001:max.compaction.lag.ms=86400000:compression.type=gzip,timothy.drahn@optum.com:STREAMIT_Team-1_DL@ds.uhc.com,apatra6:lreile1:sprasa5:smanand2:agauta14:rkoshaba:eniels1,FULL
azure-prod-shared.ATTTEST.CSF.FAC.CMC_CLHI_PROC,*,beam-streamit,*:*,ebaas-streamit-cspfacets-aspfst01:ebaas-streamit-cspfacets-aspfts14,16,cleanup.policy=compact:delete.retention.ms=1209600001:max.compaction.lag.ms=86400000:compression.type=gzip,timothy.drahn@optum.com:STREAMIT_Team-1_DL@ds.uhc.com,apatra6:lreile1:sprasa5:smanand2:agauta14:rkoshaba:eniels1,FULL
azure-prod-shared.ATTTEST.CSF.FAC.CMC_CLHO_OCC_CODE,*,beam-streamit,*:*,ebaas-streamit-cspfacets-aspfst01:ebaas-streamit-cspfacets-aspfts14,50,cleanup.policy=compact:delete.retention.ms=1209600001:max.compaction.lag.ms=86400000:compression.type=gzip,timothy.drahn@optum.com:STREAMIT_Team-1_DL@ds.uhc.com,apatra6:lreile1:sprasa5:smanand2:agauta14:rkoshaba:eniels1,FULL
azure-prod-shared.ATTTEST.CSF.FAC.CMC_CLHP_HOSP,*,beam-streamit,*:*,ebaas-streamit-cspfacets-aspfst01:ebaas-streamit-cspfacets-aspfts14,100,cleanup.policy=compact:delete.retention.ms=1209600001:max.compaction.lag.ms=86400000:compression.type=gzip,timothy.drahn@optum.com:STREAMIT_Team-1_DL@ds.uhc.com,apatra6:lreile1:sprasa5:smanand2:agauta14:rkoshaba:eniels1,FULL
azure-prod-shared.ATTTEST.CSF.FAC.CMC_CLID_DATA,*,beam-streamit,*:*,ebaas-streamit-cspfacets-aspfst01:ebaas-streamit-cspfacets-aspfts14,150,cleanup.policy=compact:delete.retention.ms=1209600001:max.compaction.lag.ms=86400000:compression.type=gzip,timothy.drahn@optum.com:STREAMIT_Team-1_DL@ds.uhc.com,apatra6:lreile1:sprasa5:smanand2:agauta14:rkoshaba:eniels1,FULL
azure-prod-shared.ATTTEST.CSF.FAC.CMC_CLMD_DIAG,*,beam-streamit,*:*,ebaas-streamit-cspfacets-aspfst01:ebaas-streamit-cspfacets-aspfts14,300,cleanup.policy=compact:delete.retention.ms=1209600001:max.compaction.lag.ms=86400000:compression.type=gzip,timothy.drahn@optum.com:STREAMIT_Team-1_DL@ds.uhc.com,apatra6:lreile1:sprasa5:smanand2:agauta14:rkoshaba:eniels1,FULL
azure-prod-shared.ATTTEST.CSF.FAC.CMC_CLMF_MULT_FUNC,*,beam-streamit,*:*,ebaas-streamit-cspfacets-aspfst01:ebaas-streamit-cspfacets-aspfts14,200,cleanup.policy=compact:delete.retention.ms=1209600001:max.compaction.lag.ms=86400000:compression.type=gzip,timothy.drahn@optum.com:STREAMIT_Team-1_DL@ds.uhc.com,apatra6:lreile1:sprasa5:smanand2:agauta14:rkoshaba:eniels1,FULL
azure-prod-shared.ATTTEST.CSF.FAC.CMC_CLMI_MISC,*,beam-streamit,*:*,ebaas-streamit-cspfacets-aspfst01:ebaas-streamit-cspfacets-aspfts14,200,cleanup.policy=compact:delete.retention.ms=1209600001:max.compaction.lag.ms=86400000:compression.type=gzip,timothy.drahn@optum.com:STREAMIT_Team-1_DL@ds.uhc.com,apatra6:lreile1:sprasa5:smanand2:agauta14:rkoshaba:eniels1,FULL
azure-prod-shared.ATTTEST.CSF.FAC.CMC_CLOR_CL_OVR,*,beam-streamit,*:*,ebaas-streamit-cspfacets-aspfst01:ebaas-streamit-cspfacets-aspfts14,100,cleanup.policy=compact:delete.retention.ms=1209600001:max.compaction.lag.ms=86400000:compression.type=gzip,timothy.drahn@optum.com:STREAMIT_Team-1_DL@ds.uhc.com,apatra6:lreile1:sprasa5:smanand2:agauta14:rkoshaba:eniels1,FULL
azure-prod-shared.ATTTEST.CSF.FAC.CMC_CLPE_PROV_DATA,*,beam-streamit,*:*,ebaas-streamit-cspfacets-aspfst01:ebaas-streamit-cspfacets-aspfts14,350,cleanup.policy=compact:delete.retention.ms=1209600001:max.compaction.lag.ms=86400000:compression.type=gzip,timothy.drahn@optum.com:STREAMIT_Team-1_DL@ds.uhc.com,apatra6:lreile1:sprasa5:smanand2:agauta14:rkoshaba:eniels1,FULL
azure-prod-shared.ATTTEST.CSF.FAC.CMC_CLSD_SUPP_DATA,*,beam-streamit,*:*,ebaas-streamit-cspfacets-aspfst01:ebaas-streamit-cspfacets-aspfts14,1,cleanup.policy=compact:delete.retention.ms=1209600001:max.compaction.lag.ms=86400000:compression.type=gzip,timothy.drahn@optum.com:STREAMIT_Team-1_DL@ds.uhc.com,apatra6:lreile1:sprasa5:smanand2:agauta14:rkoshaba:eniels1,FULL
azure-prod-shared.ATTTEST.CSF.FAC.CMC_CLST_STATUS,*,beam-streamit,*:*,ebaas-streamit-cspfacets-aspfst01:ebaas-streamit-cspfacets-aspfts14,300,cleanup.policy=compact:delete.retention.ms=1209600001:max.compaction.lag.ms=86400000:compression.type=gzip,timothy.drahn@optum.com:STREAMIT_Team-1_DL@ds.uhc.com,apatra6:lreile1:sprasa5:smanand2:agauta14:rkoshaba:eniels1,FULL
azure-prod-shared.ATTTEST.CSF.FAC.CMC_CLVC_VAL_CODE,*,beam-streamit,*:*,ebaas-streamit-cspfacets-aspfst01:ebaas-streamit-cspfacets-aspfts14,50,cleanup.policy=compact:delete.retention.ms=1209600001:max.compaction.lag.ms=86400000:compression.type=gzip,timothy.drahn@optum.com:STREAMIT_Team-1_DL@ds.uhc.com,apatra6:lreile1:sprasa5:smanand2:agauta14:rkoshaba:eniels1,FULL
azure-prod-shared.ATTTEST.CSF.FSG.FSG_CLAIM_EXTN,*,beam-streamit,*:*,ebaas-streamit-cspfacets-aspfst01:ebaas-streamit-cspfacets-aspfts14,300,cleanup.policy=compact:delete.retention.ms=1209600001:max.compaction.lag.ms=86400000:compression.type=gzip,timothy.drahn@optum.com:STREAMIT_Team-1_DL@ds.uhc.com,apatra6:lreile1:sprasa5:smanand2:agauta14:rkoshaba:eniels1,FULL
azure-prod-shared.ATTTEST.CSF.FSG.FSG_CLAIM_LINE_EXTN,*,beam-streamit,*:*,ebaas-streamit-cspfacets-aspfst01:ebaas-streamit-cspfacets-aspfts14,100,cleanup.policy=compact:delete.retention.ms=1209600001:max.compaction.lag.ms=86400000:compression.type=gzip,timothy.drahn@optum.com:STREAMIT_Team-1_DL@ds.uhc.com,apatra6:lreile1:sprasa5:smanand2:agauta14:rkoshaba:eniels1,FULL
azure-prod-shared.ATTTEST.CSF.FSG.FSG_CLCB_CLAIM_HWY_DTL,*,beam-streamit,*:*,ebaas-streamit-cspfacets-aspfst01:ebaas-streamit-cspfacets-aspfts14,300,cleanup.policy=compact:delete.retention.ms=1209600001:max.compaction.lag.ms=86400000:compression.type=gzip,timothy.drahn@optum.com:STREAMIT_Team-1_DL@ds.uhc.com,apatra6:lreile1:sprasa5:smanand2:agauta14:rkoshaba:eniels1,FULL
azure-prod-shared.ATTTEST.CSF.FSG.FSG_CLCB_PROV_SUBMIT_EXTN,*,beam-streamit,*:*,ebaas-streamit-cspfacets-aspfst01:ebaas-streamit-cspfacets-aspfts14,200,cleanup.policy=compact:delete.retention.ms=1209600001:max.compaction.lag.ms=86400000:compression.type=gzip,timothy.drahn@optum.com:STREAMIT_Team-1_DL@ds.uhc.com,apatra6:lreile1:sprasa5:smanand2:agauta14:rkoshaba:eniels1,FULL
azure-prod-shared.ATTTEST.CSF.FSG.FSG_CLRP_CLAIM_COB_DTL,*,beam-streamit,*:*,ebaas-streamit-cspfacets-aspfst01:ebaas-streamit-cspfacets-aspfts14,32,cleanup.policy=compact:delete.retention.ms=1209600001:max.compaction.lag.ms=86400000:compression.type=gzip,timothy.drahn@optum.com:STREAMIT_Team-1_DL@ds.uhc.com,apatra6:lreile1:sprasa5:smanand2:agauta14:rkoshaba:eniels1,FULL
azure-prod-shared.ATTTEST.CSF.FSG.FSG_CLRP_CLAIM_COB_SPLIT_DTL,*,beam-streamit,*:*,ebaas-streamit-cspfacets-aspfst01:ebaas-streamit-cspfacets-aspfts14,100,cleanup.policy=compact:delete.retention.ms=1209600001:max.compaction.lag.ms=86400000:compression.type=gzip,timothy.drahn@optum.com:STREAMIT_Team-1_DL@ds.uhc.com,apatra6:lreile1:sprasa5:smanand2:agauta14:rkoshaba:eniels1,FULL
azure-prod-shared.ATTTEST.CSF.FSG.HCP_CLCL_ATAD,*,beam-streamit,*:*,ebaas-streamit-cspfacets-aspfst01:ebaas-streamit-cspfacets-aspfts14,1,cleanup.policy=compact:delete.retention.ms=1209600001:max.compaction.lag.ms=86400000:compression.type=gzip,timothy.drahn@optum.com:STREAMIT_Team-1_DL@ds.uhc.com,apatra6:lreile1:sprasa5:smanand2:agauta14:rkoshaba:eniels1,FULL
azure-prod-shared.ATTTEST.CSF.FSG.HCP_CLCL_ATMM,*,beam-streamit,*:*,ebaas-streamit-cspfacets-aspfst01:ebaas-streamit-cspfacets-aspfts14,50,cleanup.policy=compact:delete.retention.ms=1209600001:max.compaction.lag.ms=86400000:compression.type=gzip,timothy.drahn@optum.com:STREAMIT_Team-1_DL@ds.uhc.com,apatra6:lreile1:sprasa5:smanand2:agauta14:rkoshaba:eniels1,FULL
azure-prod-shared.ATTTEST.CSF.FSG.HCP_CLCL_ATND,*,beam-streamit,*:*,ebaas-streamit-cspfacets-aspfst01:ebaas-streamit-cspfacets-aspfts14,200,cleanup.policy=compact:delete.retention.ms=1209600001:max.compaction.lag.ms=86400000:compression.type=gzip,timothy.drahn@optum.com:STREAMIT_Team-1_DL@ds.uhc.com,apatra6:lreile1:sprasa5:smanand2:agauta14:rkoshaba:eniels1,FULL
azure-prod-shared.ATTTEST.CSF.FSG.HCP_CLCL_ATUF,*,beam-streamit,*:*,ebaas-streamit-cspfacets-aspfst01:ebaas-streamit-cspfacets-aspfts14,50,cleanup.policy=compact:delete.retention.ms=1209600001:max.compaction.lag.ms=86400000:compression.type=gzip,timothy.drahn@optum.com:STREAMIT_Team-1_DL@ds.uhc.com,apatra6:lreile1:sprasa5:smanand2:agauta14:rkoshaba:eniels1,FULL
azure-prod-shared.ATTTEST.CSF.FSG.HCP_CMC_APCD_DESC,*,beam-streamit,*:*,ebaas-streamit-cspfacets-aspfst01:ebaas-streamit-cspfacets-aspfts14,3,cleanup.policy=compact:delete.retention.ms=1209600001:max.compaction.lag.ms=86400000:compression.type=gzip,timothy.drahn@optum.com:STREAMIT_Team-1_DL@ds.uhc.com,apatra6:lreile1:sprasa5:smanand2:agauta14:rkoshaba:eniels1,FULL
azure-prod-shared.ATTTEST.CSF.FSG.HCP_CMC_APSI_STS_DESC,*,beam-streamit,*:*,ebaas-streamit-cspfacets-aspfst01:ebaas-streamit-cspfacets-aspfts14,3,cleanup.policy=compact:delete.retention.ms=1209600001:max.compaction.lag.ms=86400000:compression.type=gzip,timothy.drahn@optum.com:STREAMIT_Team-1_DL@ds.uhc.com,apatra6:lreile1:sprasa5:smanand2:agauta14:rkoshaba:eniels1,FULL
azure-prod-shared.ATTTEST.CSF.FSG.HCP_NWX_NRST_RS_TERMS,*,beam-streamit,*:*,ebaas-streamit-cspfacets-aspfst01:ebaas-streamit-cspfacets-aspfts14,8,cleanup.policy=compact:delete.retention.ms=1209600001:max.compaction.lag.ms=86400000:compression.type=gzip,timothy.drahn@optum.com:STREAMIT_Team-1_DL@ds.uhc.com,apatra6:lreile1:sprasa5:smanand2:agauta14:rkoshaba:eniels1,FULL
azure-prod-shared.ATTTEST.CSF.FSG.HCP_CMC_IDCD_DIAG_CD,*,beam-streamit,*:*,ebaas-streamit-cspfacets-aspfst01:ebaas-streamit-cspfacets-aspfts14,3,cleanup.policy=compact:delete.retention.ms=1209600001:max.compaction.lag.ms=86400000:compression.type=gzip,timothy.drahn@optum.com:STREAMIT_Team-1_DL@ds.uhc.com,apatra6:lreile1:sprasa5:smanand2:agauta14:rkoshaba:eniels1,FULL
azure-prod-shared.ATTTEST.CSF.FSG.HCP_CMC_PYPY_PAYOR,*,beam-streamit,*:*,ebaas-streamit-cspfacets-aspfst01:ebaas-streamit-cspfacets-aspfts14,1,cleanup.policy=compact:delete.retention.ms=1209600001:max.compaction.lag.ms=86400000:compression.type=gzip,timothy.drahn@optum.com:STREAMIT_Team-1_DL@ds.uhc.com,apatra6:lreile1:sprasa5:smanand2:agauta14:rkoshaba:eniels1,FULL
azure-prod-shared.ATTTEST.CSF.FSG.HCP_CER_SYMD_MSG_DEF,*,beam-streamit,*:*,ebaas-streamit-cspfacets-aspfst01:ebaas-streamit-cspfacets-aspfts14,3,cleanup.policy=compact:delete.retention.ms=1209600001:max.compaction.lag.ms=86400000:compression.type=gzip,timothy.drahn@optum.com:STREAMIT_Team-1_DL@ds.uhc.com,apatra6:lreile1:sprasa5:smanand2:agauta14:rkoshaba:eniels1,FULL
azure-prod-shared.ATTTEST.CSF.FSG.HCP_CMC_ACCM_DISPLAY,*,beam-streamit,*:*,ebaas-streamit-cspfacets-aspfst01:ebaas-streamit-cspfacets-aspfts14,3,cleanup.policy=compact:delete.retention.ms=1209600001:max.compaction.lag.ms=86400000:compression.type=gzip,timothy.drahn@optum.com:STREAMIT_Team-1_DL@ds.uhc.com,apatra6:lreile1:sprasa5:smanand2:agauta14:rkoshaba:eniels1,FULL
azure-prod-shared.ATTTEST.CSF.FSG.HCP_CMC_ACDE_ACCUM_DESC,*,beam-streamit,*:*,ebaas-streamit-cspfacets-aspfst01:ebaas-streamit-cspfacets-aspfts14,3,cleanup.policy=compact:delete.retention.ms=1209600001:max.compaction.lag.ms=86400000:compression.type=gzip,timothy.drahn@optum.com:STREAMIT_Team-1_DL@ds.uhc.com,apatra6:lreile1:sprasa5:smanand2:agauta14:rkoshaba:eniels1,FULL
azure-prod-shared.ATTTEST.CSF.FSG.HCP_CMC_BSBS_SUM,*,beam-streamit,*:*,ebaas-streamit-cspfacets-aspfst01:ebaas-streamit-cspfacets-aspfts14,3,cleanup.policy=compact:delete.retention.ms=1209600001:max.compaction.lag.ms=86400000:compression.type=gzip,timothy.drahn@optum.com:STREAMIT_Team-1_DL@ds.uhc.com,apatra6:lreile1:sprasa5:smanand2:agauta14:rkoshaba:eniels1,FULL
azure-prod-shared.ATTTEST.CSF.FSG.HCP_CMC_BSDE_DESC,*,beam-streamit,*:*,ebaas-streamit-cspfacets-aspfst01:ebaas-streamit-cspfacets-aspfts14,3,cleanup.policy=compact:delete.retention.ms=1209600001:max.compaction.lag.ms=86400000:compression.type=gzip,timothy.drahn@optum.com:STREAMIT_Team-1_DL@ds.uhc.com,apatra6:lreile1:sprasa5:smanand2:agauta14:rkoshaba:eniels1,FULL
azure-prod-shared.ATTTEST.CSF.FSG.HCP_CMC_BSDL_DETAILS,*,beam-streamit,*:*,ebaas-streamit-cspfacets-aspfst01:ebaas-streamit-cspfacets-aspfts14,3,cleanup.policy=compact:delete.retention.ms=1209600001:max.compaction.lag.ms=86400000:compression.type=gzip,timothy.drahn@optum.com:STREAMIT_Team-1_DL@ds.uhc.com,apatra6:lreile1:sprasa5:smanand2:agauta14:rkoshaba:eniels1,FULL
azure-prod-shared.ATTTEST.CSF.FSG.HCP_CMC_BSTX_SUM_TEXT,*,beam-streamit,*:*,ebaas-streamit-cspfacets-aspfst01:ebaas-streamit-cspfacets-aspfts14,5,cleanup.policy=compact:delete.retention.ms=1209600001:max.compaction.lag.ms=86400000:compression.type=gzip,timothy.drahn@optum.com:STREAMIT_Team-1_DL@ds.uhc.com,apatra6:lreile1:sprasa5:smanand2:agauta14:rkoshaba:eniels1,FULL
azure-prod-shared.ATTTEST.CSF.FSG.HCP_CMC_CSCS_CLASS,*,beam-streamit,*:*,ebaas-streamit-cspfacets-aspfst01:ebaas-streamit-cspfacets-aspfts14,3,cleanup.policy=compact:delete.retention.ms=1209600001:max.compaction.lag.ms=86400000:compression.type=gzip,timothy.drahn@optum.com:STREAMIT_Team-1_DL@ds.uhc.com,apatra6:lreile1:sprasa5:smanand2:agauta14:rkoshaba:eniels1,FULL
azure-prod-shared.ATTTEST.CSF.FSG.HCP_CMC_CSPI_CS_PLAN,*,beam-streamit,*:*,ebaas-streamit-cspfacets-aspfst01:ebaas-streamit-cspfacets-aspfts14,3,cleanup.policy=compact:delete.retention.ms=1209600001:max.compaction.lag.ms=86400000:compression.type=gzip,timothy.drahn@optum.com:STREAMIT_Team-1_DL@ds.uhc.com,apatra6:lreile1:sprasa5:smanand2:agauta14:rkoshaba:eniels1,FULL
azure-prod-shared.ATTTEST.CSF.FSG.HCP_CMC_DEDE_DEDUCT,*,beam-streamit,*:*,ebaas-streamit-cspfacets-aspfst01:ebaas-streamit-cspfacets-aspfts14,1,cleanup.policy=compact:delete.retention.ms=1209600001:max.compaction.lag.ms=86400000:compression.type=gzip,timothy.drahn@optum.com:STREAMIT_Team-1_DL@ds.uhc.com,apatra6:lreile1:sprasa5:smanand2:agauta14:rkoshaba:eniels1,FULL
azure-prod-shared.ATTTEST.CSF.FSG.HCP_CMC_ICD9_PROC_CD,*,beam-streamit,*:*,ebaas-streamit-cspfacets-aspfst01:ebaas-streamit-cspfacets-aspfts14,3,cleanup.policy=compact:delete.retention.ms=1209600001:max.compaction.lag.ms=86400000:compression.type=gzip,timothy.drahn@optum.com:STREAMIT_Team-1_DL@ds.uhc.com,apatra6:lreile1:sprasa5:smanand2:agauta14:rkoshaba:eniels1,FULL
azure-prod-shared.ATTTEST.CSF.FSG.HCP_CMC_LOBD_LINE_BUS,*,beam-streamit,*:*,ebaas-streamit-cspfacets-aspfst01:ebaas-streamit-cspfacets-aspfts14,1,cleanup.policy=compact:delete.retention.ms=1209600001:max.compaction.lag.ms=86400000:compression.type=gzip,timothy.drahn@optum.com:STREAMIT_Team-1_DL@ds.uhc.com,apatra6:lreile1:sprasa5:smanand2:agauta14:rkoshaba:eniels1,FULL
azure-prod-shared.ATTTEST.CSF.FSG.HCP_CMC_LTIP_PROC_IX,*,beam-streamit,*:*,ebaas-streamit-cspfacets-aspfst01:ebaas-streamit-cspfacets-aspfts14,3,cleanup.policy=compact:delete.retention.ms=1209600001:max.compaction.lag.ms=86400000:compression.type=gzip,timothy.drahn@optum.com:STREAMIT_Team-1_DL@ds.uhc.com,apatra6:lreile1:sprasa5:smanand2:agauta14:rkoshaba:eniels1,FULL
azure-prod-shared.ATTTEST.CSF.FSG.HCP_CMC_LTLT_LIMIT,*,beam-streamit,*:*,ebaas-streamit-cspfacets-aspfst01:ebaas-streamit-cspfacets-aspfts14,3,cleanup.policy=compact:delete.retention.ms=1209600001:max.compaction.lag.ms=86400000:compression.type=gzip,timothy.drahn@optum.com:STREAMIT_Team-1_DL@ds.uhc.com,apatra6:lreile1:sprasa5:smanand2:agauta14:rkoshaba:eniels1,FULL
azure-prod-shared.ATTTEST.CSF.FSG.HCP_CMC_LTSE_SE_IX,*,beam-streamit,*:*,ebaas-streamit-cspfacets-aspfst01:ebaas-streamit-cspfacets-aspfts14,3,cleanup.policy=compact:delete.retention.ms=1209600001:max.compaction.lag.ms=86400000:compression.type=gzip,timothy.drahn@optum.com:STREAMIT_Team-1_DL@ds.uhc.com,apatra6:lreile1:sprasa5:smanand2:agauta14:rkoshaba:eniels1,FULL
azure-prod-shared.ATTTEST.CSF.FSG.HCP_CMC_MCBD_BANK_DATA,*,beam-streamit,*:*,ebaas-streamit-cspfacets-aspfst01:ebaas-streamit-cspfacets-aspfts14,3,cleanup.policy=compact:delete.retention.ms=1209600001:max.compaction.lag.ms=86400000:compression.type=gzip,timothy.drahn@optum.com:STREAMIT_Team-1_DL@ds.uhc.com,apatra6:lreile1:sprasa5:smanand2:agauta14:rkoshaba:eniels1,FULL
azure-prod-shared.ATTTEST.CSF.FSG.HCP_CMC_NWNW_NETWORK,*,beam-streamit,*:*,ebaas-streamit-cspfacets-aspfst01:ebaas-streamit-cspfacets-aspfts14,1,cleanup.policy=compact:delete.retention.ms=1209600001:max.compaction.lag.ms=86400000:compression.type=gzip,timothy.drahn@optum.com:STREAMIT_Team-1_DL@ds.uhc.com,apatra6:lreile1:sprasa5:smanand2:agauta14:rkoshaba:eniels1,FULL
azure-prod-shared.ATTTEST.CSF.FSG.HCP_CMC_NWST_NET_SET,*,beam-streamit,*:*,ebaas-streamit-cspfacets-aspfst01:ebaas-streamit-cspfacets-aspfts14,1,cleanup.policy=compact:delete.retention.ms=1209600001:max.compaction.lag.ms=86400000:compression.type=gzip,timothy.drahn@optum.com:STREAMIT_Team-1_DL@ds.uhc.com,apatra6:lreile1:sprasa5:smanand2:agauta14:rkoshaba:eniels1,FULL
azure-prod-shared.ATTTEST.CSF.FSG.HCP_CMC_PAGR_PARENT_GR,*,beam-streamit,*:*,ebaas-streamit-cspfacets-aspfst01:ebaas-streamit-cspfacets-aspfts14,1,cleanup.policy=compact:delete.retention.ms=1209600001:max.compaction.lag.ms=86400000:compression.type=gzip,timothy.drahn@optum.com:STREAMIT_Team-1_DL@ds.uhc.com,apatra6:lreile1:sprasa5:smanand2:agauta14:rkoshaba:eniels1,FULL
azure-prod-shared.ATTTEST.CSF.FSG.HCP_CMC_PDBC_PROD_COMP,*,beam-streamit,*:*,ebaas-streamit-cspfacets-aspfst01:ebaas-streamit-cspfacets-aspfts14,3,cleanup.policy=compact:delete.retention.ms=1209600001:max.compaction.lag.ms=86400000:compression.type=gzip,timothy.drahn@optum.com:STREAMIT_Team-1_DL@ds.uhc.com,apatra6:lreile1:sprasa5:smanand2:agauta14:rkoshaba:eniels1,FULL
azure-prod-shared.ATTTEST.CSF.FSG.HCP_CMC_PDDS_PROD_DESC,*,beam-streamit,*:*,ebaas-streamit-cspfacets-aspfst01:ebaas-streamit-cspfacets-aspfts14,1,cleanup.policy=compact:delete.retention.ms=1209600001:max.compaction.lag.ms=86400000:compression.type=gzip,timothy.drahn@optum.com:STREAMIT_Team-1_DL@ds.uhc.com,apatra6:lreile1:sprasa5:smanand2:agauta14:rkoshaba:eniels1,FULL
azure-prod-shared.ATTTEST.CSF.FSG.HCP_CMC_PDPD_PRODUCT,*,beam-streamit,*:*,ebaas-streamit-cspfacets-aspfst01:ebaas-streamit-cspfacets-aspfts14,1,cleanup.policy=compact:delete.retention.ms=1209600001:max.compaction.lag.ms=86400000:compression.type=gzip,timothy.drahn@optum.com:STREAMIT_Team-1_DL@ds.uhc.com,apatra6:lreile1:sprasa5:smanand2:agauta14:rkoshaba:eniels1,FULL
azure-prod-shared.ATTTEST.CSF.FSG.HCP_CMC_PDVC_VAR_COMP,*,beam-streamit,*:*,ebaas-streamit-cspfacets-aspfst01:ebaas-streamit-cspfacets-aspfts14,3,cleanup.policy=compact:delete.retention.ms=1209600001:max.compaction.lag.ms=86400000:compression.type=gzip,timothy.drahn@optum.com:STREAMIT_Team-1_DL@ds.uhc.com,apatra6:lreile1:sprasa5:smanand2:agauta14:rkoshaba:eniels1,FULL
azure-prod-shared.ATTTEST.CSF.FSG.HCP_CMC_SEDS_SE_DESC,*,beam-streamit,*:*,ebaas-streamit-cspfacets-aspfst01:ebaas-streamit-cspfacets-aspfts14,1,cleanup.policy=compact:delete.retention.ms=1209600001:max.compaction.lag.ms=86400000:compression.type=gzip,timothy.drahn@optum.com:STREAMIT_Team-1_DL@ds.uhc.com,apatra6:lreile1:sprasa5:smanand2:agauta14:rkoshaba:eniels1,FULL
azure-prod-shared.ATTTEST.CSF.FSG.HCP_CMC_SEPY_SE_PYMT,*,beam-streamit,*:*,ebaas-streamit-cspfacets-aspfst01:ebaas-streamit-cspfacets-aspfts14,32,cleanup.policy=compact:delete.retention.ms=1209600001:max.compaction.lag.ms=86400000:compression.type=gzip,timothy.drahn@optum.com:STREAMIT_Team-1_DL@ds.uhc.com,apatra6:lreile1:sprasa5:smanand2:agauta14:rkoshaba:eniels1,FULL
azure-prod-shared.ATTTEST.CSF.FSG.HCP_CMC_SETR_TIER,*,beam-streamit,*:*,ebaas-streamit-cspfacets-aspfst01:ebaas-streamit-cspfacets-aspfts14,5,cleanup.policy=compact:delete.retention.ms=1209600001:max.compaction.lag.ms=86400000:compression.type=gzip,timothy.drahn@optum.com:STREAMIT_Team-1_DL@ds.uhc.com,apatra6:lreile1:sprasa5:smanand2:agauta14:rkoshaba:eniels1,FULL
azure-prod-shared.ATTTEST.CSF.FSG.HCP_SECURITY_ROLES,*,beam-streamit,*:*,ebaas-streamit-cspfacets-aspfst01:ebaas-streamit-cspfacets-aspfts14,1,cleanup.policy=compact:delete.retention.ms=1209600001:max.compaction.lag.ms=86400000:compression.type=gzip,timothy.drahn@optum.com:STREAMIT_Team-1_DL@ds.uhc.com,apatra6:lreile1:sprasa5:smanand2:agauta14:rkoshaba:eniels1,FULL
azure-prod-shared.ATTTEST.CSF.FAC.CMC_MEWM_ME_MSG,*,beam-streamit,*:*,ebaas-streamit-cspfacets-aspfst01:ebaas-streamit-cspfacets-aspfts14,8,cleanup.policy=compact:delete.retention.ms=1209600001:max.compaction.lag.ms=86400000:compression.type=gzip,timothy.drahn@optum.com:STREAMIT_Team-1_DL@ds.uhc.com,apatra6:lreile1:sprasa5:smanand2:agauta14:rkoshaba:eniels1,FULL
azure-prod-shared.ATTTEST.CSF.FSG.HCP_CMC_LTID_DIAG_IX,*,beam-streamit,*:*,ebaas-streamit-cspfacets-aspfst01:ebaas-streamit-cspfacets-aspfts14,1,cleanup.policy=compact:delete.retention.ms=1209600001:max.compaction.lag.ms=86400000:compression.type=gzip,timothy.drahn@optum.com:STREAMIT_Team-1_DL@ds.uhc.com,apatra6:lreile1:sprasa5:smanand2:agauta14:rkoshaba:eniels1,FULL
azure-prod-shared.ATTTEST.CSF.FSG.HCP_PDPD_PDVC,*,beam-streamit,*:*,ebaas-streamit-cspfacets-aspfst01:ebaas-streamit-cspfacets-aspfts14,1,cleanup.policy=compact:delete.retention.ms=1209600001:max.compaction.lag.ms=86400000:compression.type=gzip,timothy.drahn@optum.com:STREAMIT_Team-1_DL@ds.uhc.com,apatra6:lreile1:sprasa5:smanand2:agauta14:rkoshaba:eniels1,FULL
azure-prod-shared.ATTTEST.CSF.FSG.HCP_PDPD_PDVC_SEPYDT,*,beam-streamit,*:*,ebaas-streamit-cspfacets-aspfst01:ebaas-streamit-cspfacets-aspfts14,1,cleanup.policy=compact:delete.retention.ms=1209600001:max.compaction.lag.ms=86400000:compression.type=gzip,timothy.drahn@optum.com:STREAMIT_Team-1_DL@ds.uhc.com,apatra6:lreile1:sprasa5:smanand2:agauta14:rkoshaba:eniels1,FULL
azure-prod-shared.ATTTEST.CSF.FSG.HCP_SESE_ACCUM,*,beam-streamit,*:*,ebaas-streamit-cspfacets-aspfst01:ebaas-streamit-cspfacets-aspfts14,1,cleanup.policy=compact:delete.retention.ms=1209600001:max.compaction.lag.ms=86400000:compression.type=gzip,timothy.drahn@optum.com:STREAMIT_Team-1_DL@ds.uhc.com,apatra6:lreile1:sprasa5:smanand2:agauta14:rkoshaba:eniels1,FULL
azure-prod-shared.ATTTEST.CSF.FSG.HCP_CMC_SESE_SERVICE,*,beam-streamit,*:*,ebaas-streamit-cspfacets-aspfst01:ebaas-streamit-cspfacets-aspfts14,1,cleanup.policy=compact:delete.retention.ms=1209600001:max.compaction.lag.ms=86400000:compression.type=gzip,timothy.drahn@optum.com:STREAMIT_Team-1_DL@ds.uhc.com,apatra6:lreile1:sprasa5:smanand2:agauta14:rkoshaba:eniels1,FULL
azure-prod-shared.ATTTEST.CSF.FSG.HCP_CMC_SETR_TIER_MOD,*,beam-streamit,*:*,ebaas-streamit-cspfacets-aspfst01:ebaas-streamit-cspfacets-aspfts14,1,cleanup.policy=compact:delete.retention.ms=1209600001:max.compaction.lag.ms=86400000:compression.type=gzip,timothy.drahn@optum.com:STREAMIT_Team-1_DL@ds.uhc.com,apatra6:lreile1:sprasa5:smanand2:agauta14:rkoshaba:eniels1,FULL
azure-prod-shared.ATTTEST.CSF.FSG.HCP_CMC_PRPG_PROG,*,beam-streamit,*:*,ebaas-streamit-cspfacets-aspfst01:ebaas-streamit-cspfacets-aspfts14,1,cleanup.policy=compact:delete.retention.ms=1209600001:max.compaction.lag.ms=86400000:compression.type=gzip,timothy.drahn@optum.com:STREAMIT_Team-1_DL@ds.uhc.com,apatra6:lreile1:sprasa5:smanand2:agauta14:rkoshaba:eniels1,FULL
azure-prod-shared.ATTTEST.CSF.FAC.CMC_NWPR_RELATION,*,beam-streamit,*:*,ebaas-streamit-cspfacets-aspfst01:ebaas-streamit-cspfacets-aspfts14,32,cleanup.policy=compact:delete.retention.ms=1209600001:max.compaction.lag.ms=86400000:compression.type=gzip,timothy.drahn@optum.com:STREAMIT_Team-1_DL@ds.uhc.com,apatra6:lreile1:sprasa5:smanand2:agauta14:rkoshaba:eniels1,FULL
azure-prod-shared.ATTTEST.CSF.FAC.CMC_PRER_RELATION,*,beam-streamit,*:*,ebaas-streamit-cspfacets-aspfst01:ebaas-streamit-cspfacets-aspfts14,8,cleanup.policy=compact:delete.retention.ms=1209600001:max.compaction.lag.ms=86400000:compression.type=gzip,timothy.drahn@optum.com:STREAMIT_Team-1_DL@ds.uhc.com,apatra6:lreile1:sprasa5:smanand2:agauta14:rkoshaba:eniels1,FULL
azure-prod-shared.ATTTEST.CSF.FAC.CMC_MCTI_TAX_INFO,*,beam-streamit,*:*,ebaas-streamit-cspfacets-aspfst01:ebaas-streamit-cspfacets-aspfts14,8,cleanup.policy=compact:delete.retention.ms=1209600001:max.compaction.lag.ms=86400000:compression.type=gzip,timothy.drahn@optum.com:STREAMIT_Team-1_DL@ds.uhc.com,apatra6:lreile1:sprasa5:smanand2:agauta14:rkoshaba:eniels1,FULL
azure-prod-shared.ATTTEST.CSF.FAC.CMC_PRSQ_SITE_QA,*,beam-streamit,*:*,ebaas-streamit-cspfacets-aspfst01:ebaas-streamit-cspfacets-aspfts14,50,cleanup.policy=compact:delete.retention.ms=1209600001:max.compaction.lag.ms=86400000:compression.type=gzip,timothy.drahn@optum.com:STREAMIT_Team-1_DL@ds.uhc.com,apatra6:lreile1:sprasa5:smanand2:agauta14:rkoshaba:eniels1,FULL
azure-prod-shared.ATTTEST.CSF.FAC.CMC_PRWM_PR_MSG,*,beam-streamit,*:*,ebaas-streamit-cspfacets-aspfst01:ebaas-streamit-cspfacets-aspfts14,16,cleanup.policy=compact:delete.retention.ms=1209600001:max.compaction.lag.ms=86400000:compression.type=gzip,timothy.drahn@optum.com:STREAMIT_Team-1_DL@ds.uhc.com,apatra6:lreile1:sprasa5:smanand2:agauta14:rkoshaba:eniels1,FULL
azure-prod-shared.ATTTEST.CSF.FAC.CMC_PREP_RELATION,*,beam-streamit,*:*,ebaas-streamit-cspfacets-aspfst01:ebaas-streamit-cspfacets-aspfts14,1,cleanup.policy=compact:delete.retention.ms=1209600001:max.compaction.lag.ms=86400000:compression.type=gzip,timothy.drahn@optum.com:STREAMIT_Team-1_DL@ds.uhc.com,apatra6:lreile1:sprasa5:smanand2:agauta14:rkoshaba:eniels1,FULL
azure-prod-shared.ATTTEST.CSF.FAC_AR.CMC_CLCB_CL_COB,*,beam-streamit,*:*,ebaas-streamit-cspfacets-aspfst01:ebaas-streamit-cspfacets-aspfts14,16,cleanup.policy=compact:delete.retention.ms=1209600001:max.compaction.lag.ms=86400000:compression.type=gzip,timothy.drahn@optum.com:STREAMIT_Team-1_DL@ds.uhc.com,apatra6:lreile1:sprasa5:smanand2:agauta14:rkoshaba:eniels1,FULL
azure-prod-shared.ATTTEST.CSF.FAC_AR.CMC_CDCB_LI_COB,*,beam-streamit,*:*,ebaas-streamit-cspfacets-aspfst01:ebaas-streamit-cspfacets-aspfts14,32,cleanup.policy=compact:delete.retention.ms=1209600001:max.compaction.lag.ms=86400000:compression.type=gzip,timothy.drahn@optum.com:STREAMIT_Team-1_DL@ds.uhc.com,apatra6:lreile1:sprasa5:smanand2:agauta14:rkoshaba:eniels1,FULL
azure-prod-shared.ATTTEST.CSF.FAC_AR.CMC_CLCL_CLAIM,*,beam-streamit,*:*,ebaas-streamit-cspfacets-aspfst01:ebaas-streamit-cspfacets-aspfts14,100,cleanup.policy=compact:delete.retention.ms=1209600001:max.compaction.lag.ms=86400000:compression.type=gzip,timothy.drahn@optum.com:STREAMIT_Team-1_DL@ds.uhc.com,apatra6:lreile1:sprasa5:smanand2:agauta14:rkoshaba:eniels1,FULL
azure-prod-shared.ATTTEST.CSF.FAC_AR.CMC_CDML_CL_LINE,*,beam-streamit,*:*,ebaas-streamit-cspfacets-aspfst01:ebaas-streamit-cspfacets-aspfts14,300,cleanup.policy=compact:delete.retention.ms=1209600001:max.compaction.lag.ms=86400000:compression.type=gzip,timothy.drahn@optum.com:STREAMIT_Team-1_DL@ds.uhc.com,apatra6:lreile1:sprasa5:smanand2:agauta14:rkoshaba:eniels1,FULL
azure-prod-shared.ATTTEST.CSF.FAC_AR.CMC_CDSD_SUPP_DATA,*,beam-streamit,*:*,ebaas-streamit-cspfacets-aspfst01:ebaas-streamit-cspfacets-aspfts14,100,cleanup.policy=compact:delete.retention.ms=1209600001:max.compaction.lag.ms=86400000:compression.type=gzip,timothy.drahn@optum.com:STREAMIT_Team-1_DL@ds.uhc.com,apatra6:lreile1:sprasa5:smanand2:agauta14:rkoshaba:eniels1,FULL
azure-prod-shared.ATTTEST.CSF.FAC_AR.CMC_CDPE_PROV_DATA,*,beam-streamit,*:*,ebaas-streamit-cspfacets-aspfst01:ebaas-streamit-cspfacets-aspfts14,16,cleanup.policy=compact:delete.retention.ms=1209600001:max.compaction.lag.ms=86400000:compression.type=gzip,timothy.drahn@optum.com:STREAMIT_Team-1_DL@ds.uhc.com,apatra6:lreile1:sprasa5:smanand2:agauta14:rkoshaba:eniels1,FULL
azure-prod-shared.ATTTEST.CSF.FAC_AR.CMC_CLED_EDI_DATA,*,beam-streamit,*:*,ebaas-streamit-cspfacets-aspfst01:ebaas-streamit-cspfacets-aspfts14,200,cleanup.policy=compact:delete.retention.ms=1209600001:max.compaction.lag.ms=86400000:compression.type=gzip,timothy.drahn@optum.com:STREAMIT_Team-1_DL@ds.uhc.com,apatra6:lreile1:sprasa5:smanand2:agauta14:rkoshaba:eniels1,FULL
azure-prod-shared.ATTTEST.CSF.FAC_AR.CMC_CDID_DATA,*,beam-streamit,*:*,ebaas-streamit-cspfacets-aspfst01:ebaas-streamit-cspfacets-aspfts14,150,cleanup.policy=compact:delete.retention.ms=1209600001:max.compaction.lag.ms=86400000:compression.type=gzip,timothy.drahn@optum.com:STREAMIT_Team-1_DL@ds.uhc.com,apatra6:lreile1:sprasa5:smanand2:agauta14:rkoshaba:eniels1,FULL
azure-prod-shared.ATTTEST.CSF.FAC_AR.CMC_CDNP_NWX_PRCNG,*,beam-streamit,*:*,ebaas-streamit-cspfacets-aspfst01:ebaas-streamit-cspfacets-aspfts14,350,cleanup.policy=compact:delete.retention.ms=1209600001:max.compaction.lag.ms=86400000:compression.type=gzip,timothy.drahn@optum.com:STREAMIT_Team-1_DL@ds.uhc.com,apatra6:lreile1:sprasa5:smanand2:agauta14:rkoshaba:eniels1,FULL
azure-prod-shared.ATTTEST.CSF.FAC_AR.CMC_CDOR_LI_OVR,*,beam-streamit,*:*,ebaas-streamit-cspfacets-aspfst01:ebaas-streamit-cspfacets-aspfts14,200,cleanup.policy=compact:delete.retention.ms=1209600001:max.compaction.lag.ms=86400000:compression.type=gzip,timothy.drahn@optum.com:STREAMIT_Team-1_DL@ds.uhc.com,apatra6:lreile1:sprasa5:smanand2:agauta14:rkoshaba:eniels1,FULL
azure-prod-shared.ATTTEST.CSF.FAC_AR.CMC_CLHC_COND_CODE,*,beam-streamit,*:*,ebaas-streamit-cspfacets-aspfst01:ebaas-streamit-cspfacets-aspfts14,16,cleanup.policy=compact:delete.retention.ms=1209600001:max.compaction.lag.ms=86400000:compression.type=gzip,timothy.drahn@optum.com:STREAMIT_Team-1_DL@ds.uhc.com,apatra6:lreile1:sprasa5:smanand2:agauta14:rkoshaba:eniels1,FULL
azure-prod-shared.ATTTEST.CSF.FAC_AR.CMC_CLHI_PROC,*,beam-streamit,*:*,ebaas-streamit-cspfacets-aspfst01:ebaas-streamit-cspfacets-aspfts14,16,cleanup.policy=compact:delete.retention.ms=1209600001:max.compaction.lag.ms=86400000:compression.type=gzip,timothy.drahn@optum.com:STREAMIT_Team-1_DL@ds.uhc.com,apatra6:lreile1:sprasa5:smanand2:agauta14:rkoshaba:eniels1,FULL
azure-prod-shared.ATTTEST.CSF.FAC_AR.CMC_CLHO_OCC_CODE,*,beam-streamit,*:*,ebaas-streamit-cspfacets-aspfst01:ebaas-streamit-cspfacets-aspfts14,50,cleanup.policy=compact:delete.retention.ms=1209600001:max.compaction.lag.ms=86400000:compression.type=gzip,timothy.drahn@optum.com:STREAMIT_Team-1_DL@ds.uhc.com,apatra6:lreile1:sprasa5:smanand2:agauta14:rkoshaba:eniels1,FULL
azure-prod-shared.ATTTEST.CSF.FAC_AR.CMC_CLHP_HOSP,*,beam-streamit,*:*,ebaas-streamit-cspfacets-aspfst01:ebaas-streamit-cspfacets-aspfts14,100,cleanup.policy=compact:delete.retention.ms=1209600001:max.compaction.lag.ms=86400000:compression.type=gzip,timothy.drahn@optum.com:STREAMIT_Team-1_DL@ds.uhc.com,apatra6:lreile1:sprasa5:smanand2:agauta14:rkoshaba:eniels1,FULL
azure-prod-shared.ATTTEST.CSF.FAC_AR.CMC_CLID_DATA,*,beam-streamit,*:*,ebaas-streamit-cspfacets-aspfst01:ebaas-streamit-cspfacets-aspfts14,150,cleanup.policy=compact:delete.retention.ms=1209600001:max.compaction.lag.ms=86400000:compression.type=gzip,timothy.drahn@optum.com:STREAMIT_Team-1_DL@ds.uhc.com,apatra6:lreile1:sprasa5:smanand2:agauta14:rkoshaba:eniels1,FULL
azure-prod-shared.ATTTEST.CSF.FAC_AR.CMC_CLMD_DIAG,*,beam-streamit,*:*,ebaas-streamit-cspfacets-aspfst01:ebaas-streamit-cspfacets-aspfts14,300,cleanup.policy=compact:delete.retention.ms=1209600001:max.compaction.lag.ms=86400000:compression.type=gzip,timothy.drahn@optum.com:STREAMIT_Team-1_DL@ds.uhc.com,apatra6:lreile1:sprasa5:smanand2:agauta14:rkoshaba:eniels1,FULL
azure-prod-shared.ATTTEST.CSF.FAC_AR.CMC_CLMF_MULT_FUNC,*,beam-streamit,*:*,ebaas-streamit-cspfacets-aspfst01:ebaas-streamit-cspfacets-aspfts14,200,cleanup.policy=compact:delete.retention.ms=1209600001:max.compaction.lag.ms=86400000:compression.type=gzip,timothy.drahn@optum.com:STREAMIT_Team-1_DL@ds.uhc.com,apatra6:lreile1:sprasa5:smanand2:agauta14:rkoshaba:eniels1,FULL
azure-prod-shared.ATTTEST.CSF.FAC_AR.CMC_CLMI_MISC,*,beam-streamit,*:*,ebaas-streamit-cspfacets-aspfst01:ebaas-streamit-cspfacets-aspfts14,200,cleanup.policy=compact:delete.retention.ms=1209600001:max.compaction.lag.ms=86400000:compression.type=gzip,timothy.drahn@optum.com:STREAMIT_Team-1_DL@ds.uhc.com,apatra6:lreile1:sprasa5:smanand2:agauta14:rkoshaba:eniels1,FULL
azure-prod-shared.ATTTEST.CSF.FAC_AR.CMC_CLOR_CL_OVR,*,beam-streamit,*:*,ebaas-streamit-cspfacets-aspfst01:ebaas-streamit-cspfacets-aspfts14,100,cleanup.policy=compact:delete.retention.ms=1209600001:max.compaction.lag.ms=86400000:compression.type=gzip,timothy.drahn@optum.com:STREAMIT_Team-1_DL@ds.uhc.com,apatra6:lreile1:sprasa5:smanand2:agauta14:rkoshaba:eniels1,FULL
azure-prod-shared.ATTTEST.CSF.FAC_AR.CMC_CLPE_PROV_DATA,*,beam-streamit,*:*,ebaas-streamit-cspfacets-aspfst01:ebaas-streamit-cspfacets-aspfts14,350,cleanup.policy=compact:delete.retention.ms=1209600001:max.compaction.lag.ms=86400000:compression.type=gzip,timothy.drahn@optum.com:STREAMIT_Team-1_DL@ds.uhc.com,apatra6:lreile1:sprasa5:smanand2:agauta14:rkoshaba:eniels1,FULL
azure-prod-shared.ATTTEST.CSF.FAC_AR.CMC_CLST_STATUS,*,beam-streamit,*:*,ebaas-streamit-cspfacets-aspfst01:ebaas-streamit-cspfacets-aspfts14,300,cleanup.policy=compact:delete.retention.ms=1209600001:max.compaction.lag.ms=86400000:compression.type=gzip,timothy.drahn@optum.com:STREAMIT_Team-1_DL@ds.uhc.com,apatra6:lreile1:sprasa5:smanand2:agauta14:rkoshaba:eniels1,FULL
azure-prod-shared.ATTTEST.CSF.FAC_AR.CMC_CLVC_VAL_CODE,*,beam-streamit,*:*,ebaas-streamit-cspfacets-aspfst01:ebaas-streamit-cspfacets-aspfts14,50,cleanup.policy=compact:delete.retention.ms=1209600001:max.compaction.lag.ms=86400000:compression.type=gzip,timothy.drahn@optum.com:STREAMIT_Team-1_DL@ds.uhc.com,apatra6:lreile1:sprasa5:smanand2:agauta14:rkoshaba:eniels1,FULL
azure-prod-shared.ATTTEST.CSF.FAC.CMC_PRCP_COMM_PRAC,*,beam-streamit,*:*,ebaas-streamit-cspfacets-aspfst01:ebaas-streamit-cspfacets-aspfts14,8,cleanup.policy=compact:delete.retention.ms=1209600001:max.compaction.lag.ms=86400000:compression.type=gzip,timothy.drahn@optum.com:STREAMIT_Team-1_DL@ds.uhc.com,apatra6:lreile1:sprasa5:smanand2:agauta14:rkoshaba:eniels1,FULL
azure-prod-shared.ATTTEST.CSF.FAC.CMC_PRLA_LANG,*,beam-streamit,*:*,ebaas-streamit-cspfacets-aspfst01:ebaas-streamit-cspfacets-aspfts14,1,cleanup.policy=compact:delete.retention.ms=1209600001:max.compaction.lag.ms=86400000:compression.type=gzip,timothy.drahn@optum.com:STREAMIT_Team-1_DL@ds.uhc.com,apatra6:lreile1:sprasa5:smanand2:agauta14:rkoshaba:eniels1,FULL
azure-prod-shared.ATTTEST.CSF.FAC.CMC_PRRG_REG,*,beam-streamit,*:*,ebaas-streamit-cspfacets-aspfst01:ebaas-streamit-cspfacets-aspfts14,32,cleanup.policy=compact:delete.retention.ms=1209600001:max.compaction.lag.ms=86400000:compression.type=gzip,timothy.drahn@optum.com:STREAMIT_Team-1_DL@ds.uhc.com,apatra6:lreile1:sprasa5:smanand2:agauta14:rkoshaba:eniels1,FULL
azure-prod-shared.ATTTEST.CSF.FAC.CMC_CKPY_PAYEE_SUM,*,beam-streamit,*:*,ebaas-streamit-cspfacets-aspfst01:ebaas-streamit-cspfacets-aspfts14,100,cleanup.policy=compact:delete.retention.ms=1209600001:max.compaction.lag.ms=86400000:compression.type=gzip,timothy.drahn@optum.com:STREAMIT_Team-1_DL@ds.uhc.com,apatra6:lreile1:sprasa5:smanand2:agauta14:rkoshaba:eniels1,FULL
azure-prod-shared.ATTTEST.CSF.FAC.CMC_CLOV_OVERPAY,*,beam-streamit,*:*,ebaas-streamit-cspfacets-aspfst01:ebaas-streamit-cspfacets-aspfts14,16,cleanup.policy=compact:delete.retention.ms=1209600001:max.compaction.lag.ms=86400000:compression.type=gzip,timothy.drahn@optum.com:STREAMIT_Team-1_DL@ds.uhc.com,apatra6:lreile1:sprasa5:smanand2:agauta14:rkoshaba:eniels1,FULL
azure-prod-shared.ATTTEST.CSF.FAC.CMC_ACRH_RED_HIST,*,beam-streamit,*:*,ebaas-streamit-cspfacets-aspfst01:ebaas-streamit-cspfacets-aspfts14,16,cleanup.policy=compact:delete.retention.ms=1209600001:max.compaction.lag.ms=86400000:compression.type=gzip,timothy.drahn@optum.com:STREAMIT_Team-1_DL@ds.uhc.com,apatra6:lreile1:sprasa5:smanand2:agauta14:rkoshaba:eniels1,FULL
azure-prod-shared.ATTTEST.CSF.FAC.CMC_ACPR_PYMT_RED,*,beam-streamit,*:*,ebaas-streamit-cspfacets-aspfst01:ebaas-streamit-cspfacets-aspfts14,16,cleanup.policy=compact:delete.retention.ms=1209600001:max.compaction.lag.ms=86400000:compression.type=gzip,timothy.drahn@optum.com:STREAMIT_Team-1_DL@ds.uhc.com,apatra6:lreile1:sprasa5:smanand2:agauta14:rkoshaba:eniels1,FULL
azure-prod-shared.ATTTEST.CSF.FSG.HCP_FSG_BRCL_CODELIST,*,beam-streamit,*:*,ebaas-streamit-cspfacets-aspfst01:ebaas-streamit-cspfacets-aspfts14,1,cleanup.policy=compact:delete.retention.ms=1209600001:max.compaction.lag.ms=86400000:compression.type=gzip,timothy.drahn@optum.com:STREAMIT_Team-1_DL@ds.uhc.com,apatra6:lreile1:sprasa5:smanand2:agauta14:rkoshaba:eniels1,FULL
azure-prod-shared.ATTTEST.CSF.FSG.ICESCH_OUTPUT,*,beam-streamit,*:*,ebaas-streamit-cspfacets-aspfst01:ebaas-streamit-cspfacets-aspfts14,200,cleanup.policy=compact:delete.retention.ms=1209600001:max.compaction.lag.ms=86400000:compression.type=gzip,timothy.drahn@optum.com:STREAMIT_Team-1_DL@ds.uhc.com,apatra6:lreile1:sprasa5:smanand2:agauta14:rkoshaba:eniels1,FULL
azure-prod-shared.ATTTEST.CSF.FSG.HCP_CMC_CBCB_COB,*,beam-streamit,*:*,ebaas-streamit-cspfacets-aspfst01:ebaas-streamit-cspfacets-aspfts14,1,cleanup.policy=compact:delete.retention.ms=1209600001:max.compaction.lag.ms=86400000:compression.type=gzip,timothy.drahn@optum.com:STREAMIT_Team-1_DL@ds.uhc.com,apatra6:lreile1:sprasa5:smanand2:agauta14:rkoshaba:eniels1,FULL
azure-prod-shared.ATTTEST.CSF.FAC.CMC_CKID_INDIC,*,beam-streamit,*:*,ebaas-streamit-cspfacets-aspfst01:ebaas-streamit-cspfacets-aspfts14,50,cleanup.policy=compact:delete.retention.ms=1209600001:max.compaction.lag.ms=86400000:compression.type=gzip,timothy.drahn@optum.com:STREAMIT_Team-1_DL@ds.uhc.com,apatra6:lreile1:sprasa5:smanand2:agauta14:rkoshaba:eniels1,FULL
azure-prod-shared.ATTTEST.CSF.FSG.HCP_CMC_HBCD_BILL_DESC,*,beam-streamit,*:*,ebaas-streamit-cspfacets-aspfst01:ebaas-streamit-cspfacets-aspfts14,1,cleanup.policy=compact:delete.retention.ms=1209600001:max.compaction.lag.ms=86400000:compression.type=gzip,timothy.drahn@optum.com:STREAMIT_Team-1_DL@ds.uhc.com,apatra6:lreile1:sprasa5:smanand2:agauta14:rkoshaba:eniels1,FULL
azure-prod-shared.ATTTEST.CSF.FAC_AR.CMC_CLSD_SUPP_DATA,*,beam-streamit,*:*,ebaas-streamit-cspfacets-aspfst01:ebaas-streamit-cspfacets-aspfts14,1,cleanup.policy=compact:delete.retention.ms=1209600001:max.compaction.lag.ms=86400000:compression.type=gzip,timothy.drahn@optum.com:STREAMIT_Team-1_DL@ds.uhc.com,apatra6:lreile1:sprasa5:smanand2:agauta14:rkoshaba:eniels1,FULL
azure-prod-shared.ATTTEST.CSF.FAC.CMC_BGBG_BIL_GROUP,*,beam-streamit,*:*,ebaas-streamit-cspfacets-aspfst01:ebaas-streamit-cspfacets-aspfts14,1,cleanup.policy=compact:delete.retention.ms=1209600001:max.compaction.lag.ms=86400000:compression.type=gzip,timothy.drahn@optum.com:STREAMIT_Team-1_DL@ds.uhc.com,apatra6:lreile1:sprasa5:smanand2:agauta14:rkoshaba:eniels1,FULL
azure-prod-shared.ATTTEST.CSF.FAC.CMC_BLEI_ENTY_INFO,*,beam-streamit,*:*,ebaas-streamit-cspfacets-aspfst01:ebaas-streamit-cspfacets-aspfts14,1,cleanup.policy=compact:delete.retention.ms=1209600001:max.compaction.lag.ms=86400000:compression.type=gzip,timothy.drahn@optum.com:STREAMIT_Team-1_DL@ds.uhc.com,apatra6:lreile1:sprasa5:smanand2:agauta14:rkoshaba:eniels1,FULL
azure-prod-shared.ATTTEST.CSF.FAC.CMC_MECR_NO_XREF,*,beam-streamit,*:*,ebaas-streamit-cspfacets-aspfst01:ebaas-streamit-cspfacets-aspfts14,8,cleanup.policy=compact:delete.retention.ms=1209600001:max.compaction.lag.ms=86400000:compression.type=gzip,timothy.drahn@optum.com:STREAMIT_Team-1_DL@ds.uhc.com,apatra6:lreile1:sprasa5:smanand2:agauta14:rkoshaba:eniels1,FULL
azure-prod-shared.ATTTEST.CSF.FAC.CMC_MEEL_ELIG_ENT,*,beam-streamit,*:*,ebaas-streamit-cspfacets-aspfst01:ebaas-streamit-cspfacets-aspfts14,1,cleanup.policy=compact:delete.retention.ms=1209600001:max.compaction.lag.ms=86400000:compression.type=gzip,timothy.drahn@optum.com:STREAMIT_Team-1_DL@ds.uhc.com,apatra6:lreile1:sprasa5:smanand2:agauta14:rkoshaba:eniels1,FULL
azure-prod-shared.ATTTEST.CSF.FAC.CMC_MELC_LSTY_CD,*,beam-streamit,*:*,ebaas-streamit-cspfacets-aspfst01:ebaas-streamit-cspfacets-aspfts14,1,cleanup.policy=compact:delete.retention.ms=1209600001:max.compaction.lag.ms=86400000:compression.type=gzip,timothy.drahn@optum.com:STREAMIT_Team-1_DL@ds.uhc.com,apatra6:lreile1:sprasa5:smanand2:agauta14:rkoshaba:eniels1,FULL
azure-prod-shared.ATTTEST.CSF.FAC.CMC_MEMA_MECR_ADDL,*,beam-streamit,*:*,ebaas-streamit-cspfacets-aspfst01:ebaas-streamit-cspfacets-aspfts14,1,cleanup.policy=compact:delete.retention.ms=1209600001:max.compaction.lag.ms=86400000:compression.type=gzip,timothy.drahn@optum.com:STREAMIT_Team-1_DL@ds.uhc.com,apatra6:lreile1:sprasa5:smanand2:agauta14:rkoshaba:eniels1,FULL
azure-prod-shared.ATTTEST.CSF.FAC.CMC_MERE_RELATION,*,beam-streamit,*:*,ebaas-streamit-cspfacets-aspfst01:ebaas-streamit-cspfacets-aspfts14,8,cleanup.policy=compact:delete.retention.ms=1209600001:max.compaction.lag.ms=86400000:compression.type=gzip,timothy.drahn@optum.com:STREAMIT_Team-1_DL@ds.uhc.com,apatra6:lreile1:sprasa5:smanand2:agauta14:rkoshaba:eniels1,FULL
azure-prod-shared.ATTTEST.CSF.FAC.CMC_MERT_RATE_DATA,*,beam-streamit,*:*,ebaas-streamit-cspfacets-aspfst01:ebaas-streamit-cspfacets-aspfts14,1,cleanup.policy=compact:delete.retention.ms=1209600001:max.compaction.lag.ms=86400000:compression.type=gzip,timothy.drahn@optum.com:STREAMIT_Team-1_DL@ds.uhc.com,apatra6:lreile1:sprasa5:smanand2:agauta14:rkoshaba:eniels1,FULL
azure-prod-shared.ATTTEST.CSF.FAC.CMC_MERV_MECR_VER,*,beam-streamit,*:*,ebaas-streamit-cspfacets-aspfst01:ebaas-streamit-cspfacets-aspfts14,1,cleanup.policy=compact:delete.retention.ms=1209600001:max.compaction.lag.ms=86400000:compression.type=gzip,timothy.drahn@optum.com:STREAMIT_Team-1_DL@ds.uhc.com,apatra6:lreile1:sprasa5:smanand2:agauta14:rkoshaba:eniels1,FULL
azure-prod-shared.ATTTEST.CSF.FAC.CMC_MEST_STUDENT,*,beam-streamit,*:*,ebaas-streamit-cspfacets-aspfst01:ebaas-streamit-cspfacets-aspfts14,1,cleanup.policy=compact:delete.retention.ms=1209600001:max.compaction.lag.ms=86400000:compression.type=gzip,timothy.drahn@optum.com:STREAMIT_Team-1_DL@ds.uhc.com,apatra6:lreile1:sprasa5:smanand2:agauta14:rkoshaba:eniels1,FULL
azure-prod-shared.ATTTEST.CSF.FAC.CMC_SBRT_RATE_DATA,*,beam-streamit,*:*,ebaas-streamit-cspfacets-aspfst01:ebaas-streamit-cspfacets-aspfts14,1,cleanup.policy=compact:delete.retention.ms=1209600001:max.compaction.lag.ms=86400000:compression.type=gzip,timothy.drahn@optum.com:STREAMIT_Team-1_DL@ds.uhc.com,apatra6:lreile1:sprasa5:smanand2:agauta14:rkoshaba:eniels1,FULL
azure-prod-shared.ATTTEST.CSF.FAC.CMC_SBSG_RELATION,*,beam-streamit,*:*,ebaas-streamit-cspfacets-aspfst01:ebaas-streamit-cspfacets-aspfts14,32,cleanup.policy=compact:delete.retention.ms=1209600001:max.compaction.lag.ms=86400000:compression.type=gzip,timothy.drahn@optum.com:STREAMIT_Team-1_DL@ds.uhc.com,apatra6:lreile1:sprasa5:smanand2:agauta14:rkoshaba:eniels1,FULL
azure-prod-shared.ATTTEST.CSF.FSG.FSG_ADIN_STYLE_DESC,*,beam-streamit,*:*,ebaas-streamit-cspfacets-aspfst01:ebaas-streamit-cspfacets-aspfts14,1,cleanup.policy=compact:delete.retention.ms=1209600001:max.compaction.lag.ms=86400000:compression.type=gzip,timothy.drahn@optum.com:STREAMIT_Team-1_DL@ds.uhc.com,apatra6:lreile1:sprasa5:smanand2:agauta14:rkoshaba:eniels1,FULL
azure-prod-shared.ATTTEST.CSF.FSG.JT_CLMS_CMPAYEXT_CLAIM_DTL,*,beam-streamit,*:*,ebaas-streamit-cspfacets-aspfst01:ebaas-streamit-cspfacets-aspfts14,8,cleanup.policy=compact:delete.retention.ms=1209600001:max.compaction.lag.ms=86400000:compression.type=gzip,timothy.drahn@optum.com:STREAMIT_Team-1_DL@ds.uhc.com,apatra6:lreile1:sprasa5:smanand2:agauta14:rkoshaba:eniels1,FULL
azure-prod-shared.ATTTEST.CSF.FAC.CMC_SBAL_HSA_ALLOC,*,beam-streamit,*:*,ebaas-streamit-cspfacets-aspfst01:ebaas-streamit-cspfacets-aspfts14,1,cleanup.policy=compact:delete.retention.ms=1209600001:max.compaction.lag.ms=86400000:compression.type=gzip,timothy.drahn@optum.com:STREAMIT_Team-1_DL@ds.uhc.com,apatra6:lreile1:sprasa5:smanand2:agauta14:rkoshaba:eniels1,FULL
azure-prod-shared.ATTTEST.CSF.FAC.CMC_SBAP_ACCUM_PTR,*,beam-streamit,*:*,ebaas-streamit-cspfacets-aspfst01:ebaas-streamit-cspfacets-aspfts14,1,cleanup.policy=compact:delete.retention.ms=1209600001:max.compaction.lag.ms=86400000:compression.type=gzip,timothy.drahn@optum.com:STREAMIT_Team-1_DL@ds.uhc.com,apatra6:lreile1:sprasa5:smanand2:agauta14:rkoshaba:eniels1,FULL
azure-prod-shared.ATTTEST.CSF.FAC.CMC_SBCS_CLASS,*,beam-streamit,*:*,ebaas-streamit-cspfacets-aspfst01:ebaas-streamit-cspfacets-aspfts14,32,cleanup.policy=compact:delete.retention.ms=1209600001:max.compaction.lag.ms=86400000:compression.type=gzip,timothy.drahn@optum.com:STREAMIT_Team-1_DL@ds.uhc.com,apatra6:lreile1:sprasa5:smanand2:agauta14:rkoshaba:eniels1,FULL
azure-prod-shared.ATTTEST.CSF.FAC.CMC_SBEL_ELIG_ENT,*,beam-streamit,*:*,ebaas-streamit-cspfacets-aspfst01:ebaas-streamit-cspfacets-aspfts14,50,cleanup.policy=compact:delete.retention.ms=1209600001:max.compaction.lag.ms=86400000:compression.type=gzip,timothy.drahn@optum.com:STREAMIT_Team-1_DL@ds.uhc.com,apatra6:lreile1:sprasa5:smanand2:agauta14:rkoshaba:eniels1,FULL
azure-prod-shared.ATTTEST.CSF.FAC.CMC_SBEM_EMPLOY,*,beam-streamit,*:*,ebaas-streamit-cspfacets-aspfst01:ebaas-streamit-cspfacets-aspfts14,1,cleanup.policy=compact:delete.retention.ms=1209600001:max.compaction.lag.ms=86400000:compression.type=gzip,timothy.drahn@optum.com:STREAMIT_Team-1_DL@ds.uhc.com,apatra6:lreile1:sprasa5:smanand2:agauta14:rkoshaba:eniels1,FULL
azure-prod-shared.ATTTEST.CSF.FAC.CMC_MEMI_MECR_INTF,*,beam-streamit,*:*,ebaas-streamit-cspfacets-aspfst01:ebaas-streamit-cspfacets-aspfts14,1,cleanup.policy=compact:delete.retention.ms=1209600001:max.compaction.lag.ms=86400000:compression.type=gzip,timothy.drahn@optum.com:STREAMIT_Team-1_DL@ds.uhc.com,apatra6:lreile1:sprasa5:smanand2:agauta14:rkoshaba:eniels1,FULL
azure-prod-shared.ATTTEST.CSF.FAC.CMC_PRGU_PROG_DET,*,beam-streamit,*:*,ebaas-streamit-cspfacets-aspfst01:ebaas-streamit-cspfacets-aspfts14,1,cleanup.policy=compact:delete.retention.ms=1209600001:max.compaction.lag.ms=86400000:compression.type=gzip,timothy.drahn@optum.com:STREAMIT_Team-1_DL@ds.uhc.com,apatra6:lreile1:sprasa5:smanand2:agauta14:rkoshaba:eniels1,FULL
azure-prod-shared.ATTTEST.CSF.FSG.HCP_PDPD_PDBSS,*,beam-streamit,*:*,ebaas-streamit-cspfacets-aspfst01:ebaas-streamit-cspfacets-aspfts14,8,cleanup.policy=compact:delete.retention.ms=1209600001:max.compaction.lag.ms=86400000:compression.type=gzip,timothy.drahn@optum.com:STREAMIT_Team-1_DL@ds.uhc.com,apatra6:lreile1:sprasa5:smanand2:agauta14:rkoshaba:eniels1,FULL
azure-prod-shared.ATTTEST.CSF.FSG.HCP_PDPD_PDBSD,*,beam-streamit,*:*,ebaas-streamit-cspfacets-aspfst01:ebaas-streamit-cspfacets-aspfts14,1,cleanup.policy=compact:delete.retention.ms=1209600001:max.compaction.lag.ms=86400000:compression.type=gzip,timothy.drahn@optum.com:STREAMIT_Team-1_DL@ds.uhc.com,apatra6:lreile1:sprasa5:smanand2:agauta14:rkoshaba:eniels1,FULL
azure-prod-shared.ATTTEST.CSF.FAC.CMC_MEES_EXCHANGE,*,beam-streamit,*:*,ebaas-streamit-cspfacets-aspfst01:ebaas-streamit-cspfacets-aspfts14,8,cleanup.policy=compact:delete.retention.ms=1209600001:max.compaction.lag.ms=86400000:compression.type=gzip,timothy.drahn@optum.com:STREAMIT_Team-1_DL@ds.uhc.com,apatra6:lreile1:sprasa5:smanand2:agauta14:rkoshaba:eniels1,FULL
azure-prod-shared.ATTTEST.CSF.FAC.CMC_MESU_SUBSIDY,*,beam-streamit,*:*,ebaas-streamit-cspfacets-aspfst01:ebaas-streamit-cspfacets-aspfts14,8,cleanup.policy=compact:delete.retention.ms=1209600001:max.compaction.lag.ms=86400000:compression.type=gzip,timothy.drahn@optum.com:STREAMIT_Team-1_DL@ds.uhc.com,apatra6:lreile1:sprasa5:smanand2:agauta14:rkoshaba:eniels1,FULL
azure-prod-shared.ATTTEST.CSF.FAC.CMC_SBSR_SB_RATE,*,beam-streamit,*:*,ebaas-streamit-cspfacets-aspfst01:ebaas-streamit-cspfacets-aspfts14,8,cleanup.policy=compact:delete.retention.ms=1209600001:max.compaction.lag.ms=86400000:compression.type=gzip,timothy.drahn@optum.com:STREAMIT_Team-1_DL@ds.uhc.com,apatra6:lreile1:sprasa5:smanand2:agauta14:rkoshaba:eniels1,FULL
azure-prod-shared.ATTTEST.CSF.FAC.CMC_SBTD_TEG_DATA,*,beam-streamit,*:*,ebaas-streamit-cspfacets-aspfst01:ebaas-streamit-cspfacets-aspfts14,8,cleanup.policy=compact:delete.retention.ms=1209600001:max.compaction.lag.ms=86400000:compression.type=gzip,timothy.drahn@optum.com:STREAMIT_Team-1_DL@ds.uhc.com,apatra6:lreile1:sprasa5:smanand2:agauta14:rkoshaba:eniels1,FULL
azure-prod-shared.ATTTEST.CSF.FSG.FSG_MBCB_EXCH_GRACE_PER_DATA,*,beam-streamit,*:*,ebaas-streamit-cspfacets-aspfst01:ebaas-streamit-cspfacets-aspfts14,8,cleanup.policy=compact:delete.retention.ms=1209600001:max.compaction.lag.ms=86400000:compression.type=gzip,timothy.drahn@optum.com:STREAMIT_Team-1_DL@ds.uhc.com,apatra6:lreile1:sprasa5:smanand2:agauta14:rkoshaba:eniels1,FULL
azure-prod-shared.ATTTEST.CSF.FAC.CMC_CDEC_LI_ENC,*,beam-streamit,*:*,ebaas-streamit-cspfacets-aspfst01:ebaas-streamit-cspfacets-aspfts14,32,cleanup.policy=compact:delete.retention.ms=1209600001:max.compaction.lag.ms=86400000:compression.type=gzip,timothy.drahn@optum.com:STREAMIT_Team-1_DL@ds.uhc.com,apatra6:lreile1:sprasa5:smanand2:agauta14:rkoshaba:eniels1,FULL
azure-prod-shared.ATTTEST.CSF.FSG.HCP_PDPD_PDBC,*,beam-streamit,*:*,ebaas-streamit-cspfacets-aspfst01:ebaas-streamit-cspfacets-aspfts14,1,cleanup.policy=compact:delete.retention.ms=1209600001:max.compaction.lag.ms=86400000:compression.type=gzip,timothy.drahn@optum.com:STREAMIT_Team-1_DL@ds.uhc.com,apatra6:lreile1:sprasa5:smanand2:agauta14:rkoshaba:eniels1,FULL
