topic,producer-hosts,producer-cn,consumer-hosts,consumer-cn,partitions,config,email,ms-id,compatibility
azure-prod-shared.nemis.atttst.enc-header,*,beam-streamit,*,ebaas-streamit-nemis-stage,1,cleanup.policy=compact:delete.retention.ms=1209600000:max.compaction.lag.ms=86400000:compression.type=gzip,Enc_Agile_Symphony_DL@ds.uhc.com:timothy.drahn@optum.com,sagar26:azincenk,FULL
azure-prod-shared.nemis.atttst.enc-detail,*,beam-streamit,*,ebaas-streamit-nemis-stage,1,cleanup.policy=compact:delete.retention.ms=1209600000:max.compaction.lag.ms=86400000:compression.type=gzip,Enc_Agile_Symphony_DL@ds.uhc.com:timothy.drahn@optum.com,sagar26:azincenk,FULL
azure-prod-shared.nemis.atttst.enc-header-os,*,beam-streamit,*,ebaas-streamit-nemis-stage,1,cleanup.policy=compact:delete.retention.ms=1209600000:max.compaction.lag.ms=86400000:compression.type=gzip,Enc_Agile_Symphony_DL@ds.uhc.com:timothy.drahn@optum.com,sagar26:azincenk,FULL
azure-prod-shared.nemis.atttst.enc-header-supp,*,beam-streamit,*,ebaas-streamit-nemis-stage,1,cleanup.policy=compact:delete.retention.ms=1209600000:max.compaction.lag.ms=86400000:compression.type=gzip,Enc_Agile_Symphony_DL@ds.uhc.com:timothy.drahn@optum.com,sagar26:azincenk,FULL
azure-prod-shared.nemis.atttst.enc-detail-os,*,beam-streamit,*,ebaas-streamit-nemis-stage,1,cleanup.policy=compact:delete.retention.ms=1209600000:max.compaction.lag.ms=86400000:compression.type=gzip,Enc_Agile_Symphony_DL@ds.uhc.com:timothy.drahn@optum.com,sagar26:azincenk,FULL
azure-prod-shared.nemis.atttst.enc-detail-supp,*,beam-streamit,*,ebaas-streamit-nemis-stage,1,cleanup.policy=compact:delete.retention.ms=1209600000:max.compaction.lag.ms=86400000:compression.type=gzip,Enc_Agile_Symphony_DL@ds.uhc.com:timothy.drahn@optum.com,sagar26:azincenk,FULL
azure-prod-shared.nemis.atttst.enc-transactions,*,beam-streamit,*,ebaas-streamit-nemis-stage,1,cleanup.policy=compact:delete.retention.ms=1209600000:max.compaction.lag.ms=86400000:compression.type=gzip,Enc_Agile_Symphony_DL@ds.uhc.com:timothy.drahn@optum.com,sagar26:azincenk,FULL
azure-prod-shared.nemis.atttst.security-consumer,*,beam-streamit,*,ebaas-streamit-nemis-stage,1,cleanup.policy=compact:delete.retention.ms=1209600000:max.compaction.lag.ms=86400000:compression.type=gzip,Enc_Agile_Symphony_DL@ds.uhc.com:timothy.drahn@optum.com,sagar26:azincenk,FULL
