topic,producer_hosts,producer_cn,consumer_hosts,consumer_cn,partitions,config,email,ms-id,compatibility
hcp.iris.prod.data.eligibility.eligibility.v3,,,*:*,prod-hemi-kafka-azure:imdm-prod-azure,100,cleanup.policy=compact:delete.retention.ms=1209600000:min.cleanable.dirty.ratio=0.3,kyle.steiger@optum.com:tapaskumar_panda@optum.com:chuck.chang@optum.com,ksteiger:gsingh20:mbachu:tpanda:cchan11,FULL
kaas.dpaas.hemi.attprod.coverage.v1,,,*,prod-hemi-kafka-azure,50,cleanup.policy=compact:delete.retention.ms=1209600000:min.cleanable.dirty.ratio=0.3,ling.zhang@optum.com:chuck.chang@optum.com,lzhang12:cchan11,FULL
kaas.dpaas.hemi.attprod.member.v3,,,*,prod-hemi-kafka-azure,50,cleanup.policy=compact:delete.retention.ms=1209600000:min.cleanable.dirty.ratio=0.3,ling.zhang@optum.com:chuck.chang@optum.com,lzhang12:cchan11,FULL
kaas.hemi.attprod.allergy.v1,,,*,prod-hemi-kafka-azure,16,cleanup.policy=compact:delete.retention.ms=1209600000:min.cleanable.dirty.ratio=0.3,Volta-ScrumTeam_DL@ds.uhc.com:chuck.chang@optum.com,ksteiger:gsingh20:mbachu:tpanda:cchan11,FULL
kaas.hemi.attprod.cag.v2,,,*,prod-hemi-kafka-azure,32,cleanup.policy=compact:delete.retention.ms=1209600000:min.cleanable.dirty.ratio=0.3,ling.zhang@optum.com:chuck.chang@optum.com,lzhang12:cchan11,FULL
kaas.hemi.attprod.party-site-usage.v2,,,*,prod-hemi-kafka-azure,50,cleanup.policy=compact:delete.retention.ms=1209600000:min.cleanable.dirty.ratio=0.3,ling.zhang@optum.com:chuck.chang@optum.com,lzhang12:cchan11,FULL
kaas.hemi.attprod.plan.v2,,,*,prod-hemi-kafka-azure,32,cleanup.policy=compact:delete.retention.ms=1209600000:min.cleanable.dirty.ratio=0.3,ling.zhang@optum.com:chuck.chang@optum.com,lzhang12:cchan11,FULL
kaas.hemi.attprod.product.canonical.v2,,,*,prod-hemi-kafka-azure,32,cleanup.policy=compact:delete.retention.ms=1209600000:min.cleanable.dirty.ratio=0.3,sathish_b@optum.com:chuck.chang@optum.com,sbaddam:cchan11,FULL
kaas.hemi.attprod.product.formulary.canonical.v3,,,*,prod-hemi-kafka-azure,32,cleanup.policy=compact:delete.retention.ms=1209600000:min.cleanable.dirty.ratio=0.3,sathish_b@optum.com:chuck.chang@optum.com,sbaddam:cchan11,FULL
kaas.hemi.attprod.survey.v1,,,*:*,prod-hemi-kafka-azure:iris-prod-azure,32,cleanup.policy=compact:delete.retention.ms=1209600000:min.cleanable.dirty.ratio=0.3,kyle.steiger@optum.com:chuck.chang@optum.com:tapaskumar_panda@optum.com,ksteiger:tpanda:mbachu:gsingh20:cchan11,FULL
kaas.hemi.attprod.prescription.v1,,,*:*,prod-hemi-kafka-azure:iris-prod-azure,125,cleanup.policy=compact:delete.retention.ms=1209600000:min.cleanable.dirty.ratio=0.3,kyle.steiger@optum.com:chuck.chang@optum.com:tapaskumar_panda@optum.com,ksteiger:tpanda:mbachu:gsingh20:cchan11,FULL
kaas.hemi.attprod.provider.v1,,,*,prod-hemi-kafka-azure,125,cleanup.policy=compact:delete.retention.ms=1209600000:min.cleanable.dirty.ratio=0.3,kyle.steiger@optum.com:chuck.chang@optum.com:tapaskumar_panda@optum.com,ksteiger:tpanda:mbachu:gsingh20:cchan11,FULL
kaas.hemi.attprod.paymentmethod.creditcard.v1,,,*,prod-hemi-kafka-azure,50,cleanup.policy=compact:delete.retention.ms=1209600000:min.cleanable.dirty.ratio=0.3,manikrishna_bachu@optum.com:chuck.chang@optum.com:tapaskumar_panda@optum.com,tpanda:mbachu:gsingh20:cchan11,FULL
kaas.hemi.attprod.paymentmethod.ach.v1,,,*,prod-hemi-kafka-azure,32,cleanup.policy=compact:delete.retention.ms=1209600000:min.cleanable.dirty.ratio=0.3,manikrishna_bachu@optum.com:chuck.chang@optum.com:tapaskumar_panda@optum.com,tpanda:mbachu:gsingh20:cchan11,FULL
