topic,producer_hosts,producer_cn,consumer_hosts,consumer_cn,partitions,config,email,ms-id,compatibility
hcp.iris.perf.data.eligibility.eligibility.v3,,,*:*:*,nonprod-hemi-kafka-azure:iris-stage-azure:trx-stage-azure,50,cleanup.policy=compact:delete.retention.ms=1209600000:min.cleanable.dirty.ratio=0.3,ling.zhang@optum.com:chuck.chang@optum.com,lzhang12:cchan11,FULL
kaas.hemi.attperf.allergy.v1,,,*:*:*,nonprod-hemi-kafka-azure:iris-stage-azure:trx-stage-azure,32,cleanup.policy=compact:delete.retention.ms=1209600000:min.cleanable.dirty.ratio=0.3,ling.zhang@optum.com:chuck.chang@optum.com,lzhang12:cchan11,FULL
kaas.hemi.attperf.cag.v2,,,*:*:*,nonprod-hemi-kafka-azure:iris-stage-azure:trx-stage-azure,32,cleanup.policy=compact:delete.retention.ms=1209600000:min.cleanable.dirty.ratio=0.3,ling.zhang@optum.com:chuck.chang@optum.com,lzhang12:cchan11,FULL
kaas.hemi.attperf.coverage.v1,,,*:*:*,nonprod-hemi-kafka-azure:iris-stage-azure:trx-stage-azure,32,cleanup.policy=compact:delete.retention.ms=1209600000:min.cleanable.dirty.ratio=0.3,ling.zhang@optum.com:chuck.chang@optum.com,lzhang12:cchan11,FULL
kaas.dpaas.hemi.attperf.member.v3,,,*:*:*,nonprod-hemi-kafka-azure:iris-stage-azure:trx-stage-azure,32,cleanup.policy=compact:delete.retention.ms=1209600000:min.cleanable.dirty.ratio=0.3,ling.zhang@optum.com:chuck.chang@optum.com:helen.miao@optum.com,lzhang12:cchan11:hmiao,FULL
kaas.hemi.attperf.party-site-usage.v2,,,*:*:*,nonprod-hemi-kafka-azure:iris-stage-azure:trx-stage-azure,32,cleanup.policy=compact:delete.retention.ms=1209600000:min.cleanable.dirty.ratio=0.3,ling.zhang@optum.com:chuck.chang@optum.com,lzhang12:cchan11,FULL
kaas.hemi.attperf.plan.v2,,,*:*:*,nonprod-hemi-kafka-azure:iris-stage-azure:trx-stage-azure,32,cleanup.policy=compact:delete.retention.ms=1209600000:min.cleanable.dirty.ratio=0.3,ling.zhang@optum.com:chuck.chang@optum.com,lzhang12:cchan11,FULL
kaas.hemi.attperf.product.canonical.v2,,,*,nonprod-hemi-kafka-azure,32,cleanup.policy=compact:delete.retention.ms=1209600000:min.cleanable.dirty.ratio=0.3,sathish_b@optum.com,sbaddam,FULL
kaas.hemi.attperf.product.formulary.canonical.v3,,,*,nonprod-hemi-kafka-azure,32,cleanup.policy=compact:delete.retention.ms=1209600000:min.cleanable.dirty.ratio=0.3,sathish_b@optum.com,sbaddam,FULL
kaas.hemi.attperf.survey.v1,,,*,nonprod-hemi-kafka-azure,4,cleanup.policy=compact:delete.retention.ms=1209600000:min.cleanable.dirty.ratio=0.3,Volta-ScrumTeam_DL@ds.uhc.com,ksteiger:tpanda:mbachu:gsingh20:cchan11,FULL
kaas.hemi.attperf.provider.v1,,,*,nonprod-hemi-kafka-azure,32,cleanup.policy=compact:delete.retention.ms=1209600000:min.cleanable.dirty.ratio=0.3,Volta-ScrumTeam_DL@ds.uhc.com,ksteiger:tpanda:gsingh20:mbachu,FULL
kaas.hemi.attperf.prescription.v1,,,*,nonprod-hemi-kafka-azure,125,cleanup.policy=compact:delete.retention.ms=1209600000:min.cleanable.dirty.ratio=0.3,Volta-ScrumTeam_DL@ds.uhc.com,ksteiger:tpanda:gsingh20,FULL
kaas.hemi.attperf.paymentmethod.creditcard.v1,,,*,nonprod-hemi-kafka-azure,16,cleanup.policy=compact:delete.retention.ms=1209600000:min.cleanable.dirty.ratio=0.3,Volta-ScrumTeam_DL@ds.uhc.com,ksteiger:tpanda:gsingh20,FULL
kaas.hemi.attperf.paymentmethod.ach.v1,,,*,nonprod-hemi-kafka-azure,32,cleanup.policy=compact:delete.retention.ms=1209600000:min.cleanable.dirty.ratio=0.3,Volta-ScrumTeam_DL@ds.uhc.com,ksteiger:tpanda:gsingh20,FULL
kaas.hemi.attperf.order.payments.v1,,,*,nonprod-hemi-kafka-azure,75,cleanup.policy=compact:delete.retention.ms=1209600000:min.cleanable.dirty.ratio=0.3,Volta-ScrumTeam_DL@ds.uhc.com,mbachu:tpanda:gsingh20,FULL
kaas.hemi.attperf.medcom.v3,,,*,nonprod-hemi-kafka-azure,125,cleanup.policy=compact:delete.retention.ms=1209600000:min.cleanable.dirty.ratio=0.3,Volta-ScrumTeam_DL@ds.uhc.com,mbachu:tpanda:gsingh20,FULL
kaas.hemi.attperf.medcom.pres.v3,,,*,nonprod-hemi-kafka-azure,75,cleanup.policy=compact:delete.retention.ms=1209600000:min.cleanable.dirty.ratio=0.3,Volta-ScrumTeam_DL@ds.uhc.com,mbachu:tpanda:gsingh20,FULL
