topic,producer_hosts,producer_cn,consumer_hosts,consumer_cn,partitions,config,email,ms-id,compatibility
kaas.dpaas.hemi.iris.member.v3,,,*:*:*,nonprod-hemi-kafka-azure:iris-stage-azure:trx-stage-azure,50,cleanup.policy=compact:delete.retention.ms=1209600000:min.cleanable.dirty.ratio=0.3,ling.zhang@optum.com:chuck.chang@optum.com:helen.miao@optum.com,lzhang12:cchan11:hmiao,FULL
kaas.hemi.iris.allergy.v1,,,*:*:*,nonprod-hemi-kafka-azure:iris-stage-azure:trx-stage-azure,32,cleanup.policy=compact:delete.retention.ms=1209600000:min.cleanable.dirty.ratio=0.3,helen.miao@optum.com:chuck.chang@optum.com,hmiao:cchan11,FULL
kaas.hemi.iris.cag.v2,,,*:*:*,nonprod-hemi-kafka-azure:iris-stage-azure:trx-stage-azure,50,cleanup.policy=compact:delete.retention.ms=1209600000:min.cleanable.dirty.ratio=0.3,helen.miao@optum.com:chuck.chang@optum.com,hmiao:cchan11,FULL
kaas.hemi.iris.coverage.v1,,,*:*:*,nonprod-hemi-kafka-azure:iris-stage-azure:trx-stage-azure,50,cleanup.policy=compact:delete.retention.ms=1209600000:min.cleanable.dirty.ratio=0.3,helen.miao@optum.com:chuck.chang@optum.com,hmiao:cchan11,FULL
kaas.hemi.iris.medcom.pres.v3,,,*:*:*,nonprod-hemi-kafka-azure:iris-stage-azure:trx-stage-azure,32,cleanup.policy=compact:delete.retention.ms=1209600000:min.cleanable.dirty.ratio=0.3,ling.zhang@optum.com:chuck.chang@optum.com,lzhang12:cchan11,FULL
kaas.hemi.iris.medcom.v3,,,*:*:*,nonprod-hemi-kafka-azure:iris-stage-azure:trx-stage-azure,32,cleanup.policy=compact:delete.retention.ms=1209600000:min.cleanable.dirty.ratio=0.3,ling.zhang@optum.com:chuck.chang@optum.com,lzhang12:cchan11,FULL
kaas.hemi.iris.order.v5,,,*:*:*,nonprod-hemi-kafka-azure:iris-stage-azure:trx-stage-azure,32,cleanup.policy=compact:delete.retention.ms=1209600000:min.cleanable.dirty.ratio=0.3,ling.zhang@optum.com:chuck.chang@optum.com,lzhang12:cchan11,FULL
kaas.hemi.iris.order.payment.schedules.canonical.v2,,,*:*,nonprod-hemi-kafka-azure:iris-stage-azure,2,cleanup.policy=compact:delete.retention.ms=1209600000:min.cleanable.dirty.ratio=0.3,chuck.chang@optum.com:manikrishna_bachu@optum.com,mbachu:tpanda:gsingh20,FULL
kaas.hemi.iris.order.hold.details.v2,,,*:*,nonprod-hemi-kafka-azure:iris-stage-azure,2,cleanup.policy=compact:delete.retention.ms=1209600000:min.cleanable.dirty.ratio=0.3,chuck.chang@optum.com:manikrishna_bachu@optum.com,mbachu:tpanda:gsingh20,FULL
kaas.hemi.iris.party-site-usage.v2,,,*:*:*,nonprod-hemi-kafka-azure:iris-stage-azure:trx-stage-azure,50,cleanup.policy=compact:delete.retention.ms=1209600000:min.cleanable.dirty.ratio=0.3,ling.zhang@optum.com:chuck.chang@optum.com,lzhang12:cchan11,FULL
hcp.iris.stage.data.eligibility.eligibility.v3,,,*:*,nonprod-hemi-kafka-azure:imdm-stage-azure,100,cleanup.policy=compact:delete.retention.ms=1209600000:min.cleanable.dirty.ratio=0.3,ling.zhang@optum.com:chuck.chang@optum.com:helen.miao@optum.com,lzhang12:cchan11:hmiao,FULL
kaas.hemi.iris.plan.v2,,,*:*:*,nonprod-hemi-kafka-azure:iris-stage-azure:trx-stage-azure,16,cleanup.policy=compact:delete.retention.ms=1209600000:min.cleanable.dirty.ratio=0.3,helen.miao@optum.com:chuck.chang@optum.com,hmiao:cchan11,FULL
kaas.hemi.iris.prescription.v2,,,*:*,nonprod-hemi-kafka-azure:iris-stage-azure,8,cleanup.policy=compact:delete.retention.ms=1209600000:min.cleanable.dirty.ratio=0.3,kyle.steiger@optum.com:chuck.chang@optum.com:manikrishna_bachu@optum.com,ksteiger:tpanda:mbachu:gsingh20:cchan11,FULL
kaas.hemi.iris.product.canonical.v2,,,*:*:*,nonprod-hemi-kafka-azure:iris-stage-azure:trx-stage-azure,32,cleanup.policy=compact:delete.retention.ms=1209600000:min.cleanable.dirty.ratio=0.3,sathish_b@optum.com:chuck.chang@optum.com,sbaddam:cchan11:mbachu:tpanda:gsingh20,FULL
kaas.hemi.iris.product.formulary.canonical.v3,,,*:*,nonprod-hemi-kafka-azure:iris-stage-azure,32,cleanup.policy=compact:delete.retention.ms=1209600000:min.cleanable.dirty.ratio=0.3,sathish_b@optum.com:chuck.chang@optum.com,sbaddam:cchan11,FULL
kaas.hemi.iris.provider.v1,,,*:*,nonprod-hemi-kafka-azure:iris-stage-azure,32,cleanup.policy=compact:delete.retention.ms=1209600000:min.cleanable.dirty.ratio=0.3,kyle.steiger@optum.com:chuck.chang@optum.com:manikrishna_bachu@optum.com,ksteiger:tpanda:gsingh20:mbachu,FULL
kaas.hemi.iris.survey.v1,,,*:*,nonprod-hemi-kafka-azure:iris-stage-azure,1,cleanup.policy=compact:delete.retention.ms=1209600000:min.cleanable.dirty.ratio=0.3,Volta-ScrumTeam_DL@ds.uhc.com,ksteiger:tpanda:mbachu:gsingh20:cchan11,FULL
kaas.hemi.iris.paymentmethod.creditcard.v1,,,*:*,nonprod-hemi-kafka-azure:iris-stage-azure,16,cleanup.policy=compact:delete.retention.ms=1209600000:min.cleanable.dirty.ratio=0.3,kyle.steiger@optum.com:chuck.chang@optum.com:manikrishna_bachu@optum.com,ksteiger:tpanda:gsingh20,FULL
kaas.hemi.iris.paymentmethod.ach.v1,,,*:*,nonprod-hemi-kafka-azure:iris-stage-azure,4,cleanup.policy=compact:delete.retention.ms=1209600000:min.cleanable.dirty.ratio=0.3,kyle.steiger@optum.com:chuck.chang@optum.com:manikrishna_bachu@optum.com,ksteiger:tpanda:gsingh20,FULL
kaas.hemi.iris.order.payments.v1,,,*:*,nonprod-hemi-kafka-azure:iris-stage-azure,2,cleanup.policy=compact:delete.retention.ms=1209600001:min.cleanable.dirty.ratio=0.3,kyle.steiger@optum.com:chuck.chang@optum.com:manikrishna_bachu@optum.com,ksteiger:tpanda:gsingh20,FULL
