topic,producer_hosts,producer_cn,consumer_hosts,consumer_cn,partitions,config,email,ms-id,compatibility
kaas.dpaas.prod.elr.ATTPROD.RXS.AR.HZ_PERSON_PROFILES,,,*,prod-hemi-kafka-azure,32,cleanup.policy=compact:delete.retention.ms=1209600000:min.cleanable.dirty.ratio=0.3,kyle.steiger@optum.com:chuck.chang@optum.com:manikrishna_bachu@optum.com,cchan11:ksteiger:gsingh20:mbachu:tpanda,FULL
kaas.dpaas.prod.elr.ATTPROD.RXS.IBY.IBY_CREDITCARD,,,*,prod-hemi-kafka-azure,16,cleanup.policy=compact:delete.retention.ms=1209600000:min.cleanable.dirty.ratio=0.3,chuck.chang@optum.com:manikrishna_bachu@optum.com,cchan11:gsingh20:mbachu:tpanda,FULL
kaas.dpaas.prod.elr.ATTPROD.RXS.IBY.IBY_EXT_BANK_ACCOUNTS,,,*,prod-hemi-kafka-azure,4,cleanup.policy=compact:delete.retention.ms=1209600000:min.cleanable.dirty.ratio=0.3,chuck.chang@optum.com:manikrishna_bachu@optum.com,cchan11:gsingh20:mbachu:tpanda,FULL
kaas.prod.elr.ATTPROD.RXS.APPLSYS.FND_USER,,,*,prod-hemi-kafka-azure,32,cleanup.policy=compact:delete.retention.ms=1209600000:min.cleanable.dirty.ratio=0.3,kyle.steiger@optum.com:chuck.chang@optum.com:manikrishna_bachu@optum.com,cchan11:ksteiger:gsingh20:mbachu:tpanda,FULL
kaas.prod.elr.ATTPROD.RXS.AR.HZ_CONTACT_POINTS,,,*,prod-hemi-kafka-azure,50,cleanup.policy=compact:delete.retention.ms=1209600000:min.cleanable.dirty.ratio=0.3,kyle.steiger@optum.com:chuck.chang@optum.com:manikrishna_bachu@optum.com,cchan11:ksteiger:gsingh20:mbachu:tpanda,FULL
kaas.prod.elr.ATTPROD.RXS.AR.HZ_CUST_ACCOUNTS,,,*,prod-hemi-kafka-azure,32,cleanup.policy=compact:delete.retention.ms=1209600000:min.cleanable.dirty.ratio=0.3,kyle.steiger@optum.com:chuck.chang@optum.com:manikrishna_bachu@optum.com,cchan11:ksteiger:gsingh20:mbachu:tpanda,FULL
kaas.prod.elr.ATTPROD.RXS.AR.HZ_LOCATIONS,,,*,prod-hemi-kafka-azure,50,cleanup.policy=compact:delete.retention.ms=1209600000:min.cleanable.dirty.ratio=0.3,kyle.steiger@optum.com:chuck.chang@optum.com:manikrishna_bachu@optum.com,cchan11:ksteiger:gsingh20:mbachu:tpanda,FULL
kaas.prod.elr.ATTPROD.RXS.AR.HZ_PARTIES,,,*,prod-hemi-kafka-azure,50,cleanup.policy=compact:delete.retention.ms=1209600000:min.cleanable.dirty.ratio=0.3,kyle.steiger@optum.com:chuck.chang@optum.com:manikrishna_bachu@optum.com,cchan11:ksteiger:gsingh20:mbachu:tpanda,FULL
kaas.prod.elr.ATTPROD.RXS.HR.HR_ALL_ORGANIZATION_UNITS_TL,,,*,prod-hemi-kafka-azure,1,cleanup.policy=compact:delete.retention.ms=1209600000:min.cleanable.dirty.ratio=0.3,chuck.chang@optum.com,cchan11,FULL
kaas.prod.elr.ATTPROD.RXS.IBY.IBY_ACCOUNT_OWNERS,,,*,prod-hemi-kafka-azure,2,cleanup.policy=compact:delete.retention.ms=1209600000:min.cleanable.dirty.ratio=0.3,chuck.chang@optum.com:manikrishna_bachu@optum.com,cchan11:gsingh20:mbachu:tpanda,FULL
kaas.prod.elr.ATTPROD.RXS.IBY.IBY_DEBIT_AUTHORIZATIONS,,,*,prod-hemi-kafka-azure,1,cleanup.policy=compact:delete.retention.ms=1209600000:min.cleanable.dirty.ratio=0.3,kyle.steiger@optum.com:chuck.chang@optum.com:manikrishna_bachu@optum.com,cchan11:ksteiger:gsingh20:mbachu:tpanda,FULL
kaas.prod.elr.ATTPROD.RXS.IBY.IBY_EXTERNAL_PAYERS_ALL,,,*,prod-hemi-kafka-azure,32,cleanup.policy=compact:delete.retention.ms=1209600000:min.cleanable.dirty.ratio=0.3,chuck.chang@optum.com:manikrishna_bachu@optum.com,cchan11:gsingh20:mbachu:tpanda,FULL
kaas.prod.elr.ATTPROD.RXS.IBY.IBY_PMT_INSTR_USES_ALL,,,*,prod-hemi-kafka-azure,32,cleanup.policy=compact:delete.retention.ms=1209600000:min.cleanable.dirty.ratio=0.3,chuck.chang@optum.com:manikrishna_bachu@optum.com,cchan11:gsingh20:mbachu:tpanda,FULL
kaas.prod.elr.ATTPROD.RXS.ONT.OE_HOLD_DEFINITIONS,,,*,prod-hemi-kafka-azure,1,cleanup.policy=compact:delete.retention.ms=1209600000:min.cleanable.dirty.ratio=0.3,chuck.chang@optum.com,cchan11,FULL
kaas.prod.elr.ATTPROD.RXS.ONT.OE_ORDER_SOURCES,,,*,prod-hemi-kafka-azure,1,cleanup.policy=compact:delete.retention.ms=1209600000:min.cleanable.dirty.ratio=0.3,chuck.chang@optum.com,cchan11,FULL
kaas.prod.elr.ATTPROD.RXS.ONT.OE_TRANSACTION_TYPES_TL,,,*,prod-hemi-kafka-azure,1,cleanup.policy=compact:delete.retention.ms=1209600000:min.cleanable.dirty.ratio=0.3,chuck.chang@optum.com,cchan11,FULL
kaas.prod.elr.ATTPROD.RXS.WSH.WSH_CARRIER_SERVICES,,,*,prod-hemi-kafka-azure,1,cleanup.policy=compact:delete.retention.ms=1209600000:min.cleanable.dirty.ratio=0.3,chuck.chang@optum.com,cchan11,FULL
kaas.prod.elr.ATTPROD.RXS.WSH.WSH_NEW_DELIVERIES,,,*,prod-hemi-kafka-azure,75,cleanup.policy=compact:delete.retention.ms=1209600000:min.cleanable.dirty.ratio=0.3,kyle.steiger@optum.com:chuck.chang@optum.com:manikrishna_bachu@optum.com,cchan11:ksteiger:gsingh20:mbachu:tpanda,FULL
kaas.prod.elr.ATTPROD.RXS.XXIRIS.XXIRIS_AFINITI_ENTITY_PAIRING,,,*:*,prod-hemi-kafka-azure:prod-pharmacy-services-kafka-azure,1,cleanup.policy=compact:delete.retention.ms=1209600000:min.cleanable.dirty.ratio=0.3,kyle.steiger@optum.com:chuck.chang@optum.com:manikrishna_bachu@optum.com,cchan11:ksteiger:gsingh20:mbachu:tpanda,FULL
kaas.prod.elr.ATTPROD.RXS.XXIRIS.XXIRIS_AFINITI_ENTITYPAIR_LOG,,,*:*,prod-hemi-kafka-azure:prod-pharmacy-services-kafka-azure,1,cleanup.policy=compact:delete.retention.ms=1209600000:min.cleanable.dirty.ratio=0.3,kyle.steiger@optum.com:chuck.chang@optum.com:manikrishna_bachu@optum.com,cchan11:ksteiger:gsingh20:mbachu:tpanda,FULL
kaas.prod.elr.ATTPROD.RXS.XXIRIS.XXIRIS_AR_PRESCRIBER_LICENSE,,,*,prod-hemi-kafka-azure,8,cleanup.policy=compact:delete.retention.ms=1209600000:min.cleanable.dirty.ratio=0.3,kyle.steiger@optum.com:chuck.chang@optum.com:manikrishna_bachu@optum.com,cchan11:ksteiger:gsingh20:mbachu:tpanda,FULL
kaas.prod.elr.ATTPROD.RXS.XXIRIS.XXIRIS_OM_PRESCRIPTION_AGGREGATE,,,*,prod-hemi-kafka-azure,200,cleanup.policy=compact:delete.retention.ms=1209600000:min.cleanable.dirty.ratio=0.3,chuck.chang@optum.com:manikrishna_bachu@optum.com,cchan11:gsingh20:mbachu,FULL
kaas.prod.elr.ATTPROD.RXS.XXIRIS.XXIRIS_OM_PRESCRIPTION_NOTES,,,*,prod-hemi-kafka-azure,32,cleanup.policy=compact:delete.retention.ms=1209600000:min.cleanable.dirty.ratio=0.3,kyle.steiger@optum.com:chuck.chang@optum.com:manikrishna_bachu@optum.com,cchan11:ksteiger:gsingh20:mbachu:tpanda,FULL
kaas.prod.elr.ATTPROD.RXS.XXIRIS.XXIRIS_OM_PRESCRIPTION,,,*,prod-hemi-kafka-azure,32,cleanup.policy=compact:delete.retention.ms=1209600000:min.cleanable.dirty.ratio=0.3,kyle.steiger@optum.com:chuck.chang@optum.com:manikrishna_bachu@optum.com,cchan11:ksteiger:gsingh20:mbachu:tpanda,FULL
kaas.prod.elr.ATTPROD.RXS.XXIRIS.XXIRIS_OM_RX_SIG,,,*,prod-hemi-kafka-azure,32,cleanup.policy=compact:delete.retention.ms=1209600000:min.cleanable.dirty.ratio=0.3,kyle.steiger@optum.com:chuck.chang@optum.com:manikrishna_bachu@optum.com,cchan11:ksteiger:gsingh20:mbachu:tpanda,FULL
kaas.prod.elr.ATTPROD.RXS.XXIRIS.XXSPLT_PATIENT_PROGRAMS,,,*:*,prod-hemi-kafka-azure:prod-pharmacy-services-kafka-azure,1,cleanup.policy=compact:delete.retention.ms=1209600000:min.cleanable.dirty.ratio=0.3,kyle.steiger@optum.com:chuck.chang@optum.com:manikrishna_bachu@optum.com,cchan11:ksteiger:gsingh20:mbachu:tpanda,FULL
kaas.prod.elr.ATTPROD.RXS.XXIRIS.XXSPLT_SURVEYRESULTS_DETAIL,,,*:*,prod-hemi-kafka-azure:prod-pharmacy-services-kafka-azure,32,cleanup.policy=compact:delete.retention.ms=1209600000:min.cleanable.dirty.ratio=0.3,kyle.steiger@optum.com:chuck.chang@optum.com:manikrishna_bachu@optum.com,cchan11:ksteiger:gsingh20:mbachu:tpanda,FULL
kaas.prod.elr.ATTPROD.RXS.XXIRIS.XXSPLT_SURVEYRESULTS_HEADER,,,*:*,prod-hemi-kafka-azure:prod-pharmacy-services-kafka-azure,8,cleanup.policy=compact:delete.retention.ms=1209600000:min.cleanable.dirty.ratio=0.3,kyle.steiger@optum.com:chuck.chang@optum.com:manikrishna_bachu@optum.com,cchan11:ksteiger:gsingh20:mbachu:tpanda,FULL
