topic,producer_hosts,producer_cn,consumer_hosts,consumer_cn,partitions,config,email,ms-id,compatibility
kaas.ATTPERF.RXS.HR.HR_ALL_ORGANIZATION_UNITS_TL,,,*,nonprod-hemi-kafka-azure,1,cleanup.policy=compact:delete.retention.ms=1209600000:min.cleanable.dirty.ratio=0.3,chuck.chang@optum.com,cchan11,FULL
kaas.ATTPERF.RXS.ONT.OE_HOLD_DEFINITIONS,,,*,nonprod-hemi-kafka-azure,1,cleanup.policy=compact:delete.retention.ms=1209600000:min.cleanable.dirty.ratio=0.3,chuck.chang@optum.com,cchan11,FULL
kaas.ATTPERF.RXS.ONT.OE_ORDER_SOURCES,,,*,nonprod-hemi-kafka-azure,1,cleanup.policy=compact:delete.retention.ms=1209600000:min.cleanable.dirty.ratio=0.3,chuck.chang@optum.com,cchan11,FULL
kaas.ATTPERF.RXS.ONT.OE_TRANSACTION_TYPES_TL,,,*,nonprod-hemi-kafka-azure,1,cleanup.policy=compact:delete.retention.ms=1209600000:min.cleanable.dirty.ratio=0.3,chuck.chang@optum.com,cchan11,FULL
kaas.ATTPERF.RXS.WSH.WSH_CARRIER_SERVICES,,,*,nonprod-hemi-kafka-azure,1,cleanup.policy=compact:delete.retention.ms=1209600000:min.cleanable.dirty.ratio=0.3,chuck.chang@optum.com,cchan11,FULL
kaas.ATTPERF.RXS.XXIRIS.XXSPLT_PATIENT_PROGRAMS,,,*:*,nonprod-hemi-kafka-azure:iris-stage-azure,1,cleanup.policy=compact:delete.retention.ms=1209600000:min.cleanable.dirty.ratio=0.3,Volta-ScrumTeam_DL@ds.uhc.com,ksteiger:tpanda:mbachu:gsingh20:cchan11,FULL
kaas.ATTPERF.RXS.AR.HZ_CONTACT_POINTS,,,*:*,nonprod-hemi-kafka-azure:iris-stage-azure,8,cleanup.policy=compact:delete.retention.ms=1209600000:min.cleanable.dirty.ratio=0.3,kyle.steiger@optum.com:chuck.chang@optum.com,ksteiger:tpanda:mbachu:gsingh20:cchan11,FULL
kaas.ATTPERF.RXS.AR.HZ_LOCATIONS,,,*:*,nonprod-hemi-kafka-azure:iris-stage-azure,8,cleanup.policy=compact:delete.retention.ms=1209600000:min.cleanable.dirty.ratio=0.3,kyle.steiger@optum.com:chuck.chang@optum.com,ksteiger:tpanda:mbachu:gsingh20:cchan11,FULL
kaas.ATTPERF.RXS.XXIRIS.XXIRIS_AR_PRESCRIBER_LICENSE,,,*:*,nonprod-hemi-kafka-azure:iris-stage-azure,2,cleanup.policy=compact:delete.retention.ms=1209600000:min.cleanable.dirty.ratio=0.3,kyle.steiger@optum.com:chuck.chang@optum.com,ksteiger:tpanda:mbachu:gsingh20:cchan11,FULL
kaas.ATTPERF.RXS.AR.HZ_PARTIES,,,*:*,nonprod-hemi-kafka-azure:iris-stage-azure,8,cleanup.policy=compact:delete.retention.ms=1209600000:min.cleanable.dirty.ratio=0.3,kyle.steiger@optum.com:chuck.chang@optum.com,ksteiger:tpanda:mbachu:gsingh20:cchan11,FULL
kaas.dpaas.ATTPERF.RXS.AR.HZ_PERSON_PROFILES,,,*:*,nonprod-hemi-kafka-azure:iris-stage-azure,8,cleanup.policy=compact:delete.retention.ms=1209600000:min.cleanable.dirty.ratio=0.3,kyle.steiger@optum.com:chuck.chang@optum.com,ksteiger:tpanda:mbachu:gsingh20:cchan11,FULL
kaas.ATTPERF.RXS.AR.HZ_CUST_ACCOUNTS,,,*:*,nonprod-hemi-kafka-azure:iris-stage-azure,32,cleanup.policy=compact:delete.retention.ms=1209600000:min.cleanable.dirty.ratio=0.3,kyle.steiger@optum.com:chuck.chang@optum.com,ksteiger:tpanda:mbachu:gsingh20:cchan11,FULL
kaas.ATTPERF.RXS.XXIRIS.XXIRIS_OM_PRESCRIPTION,,,*:*,nonprod-hemi-kafka-azure:iris-stage-azure,32,cleanup.policy=compact:delete.retention.ms=1209600000:min.cleanable.dirty.ratio=0.3,kyle.steiger@optum.com:chuck.chang@optum.com,ksteiger:tpanda:mbachu:gsingh20:cchan11,FULL
kaas.ATTPERF.RXS.XXIRIS.XXIRIS_OM_RX_SIG,,,*:*,nonprod-hemi-kafka-azure:iris-stage-azure,100,cleanup.policy=compact:delete.retention.ms=1209600000:min.cleanable.dirty.ratio=0.3,manikrishna_bachu@optum.com:gaurav.singh@optum.com:chuck.chang@optum.com,lzhang12:tpanda:mbachu:gsingh20:cchan11,FULL
kaas.ATTPERF.RXS.XXIRIS.XXIRIS_OM_PRESCRIPTION_NOTES,,,*:*,nonprod-hemi-kafka-azure:iris-stage-azure,50,cleanup.policy=compact:delete.retention.ms=1209600000:min.cleanable.dirty.ratio=0.3,kyle.steiger@optum.com:chuck.chang@optum.com,ksteiger:tpanda:mbachu:gsingh20:cchan11,FULL
kaas.ATTPERF.RXS.APPLSYS.FND_USER,,,*:*,nonprod-hemi-kafka-azure:iris-stage-azure,1,cleanup.policy=compact:delete.retention.ms=1209600000:min.cleanable.dirty.ratio=0.3,kyle.steiger@optum.com:chuck.chang@optum.com,ksteiger:tpanda:mbachu:gsingh20:cchan11,FULL
kaas.ATTPERF.RXS.WSH.WSH_NEW_DELIVERIES,,,*:*,nonprod-hemi-kafka-azure:iris-stage-azure,75,cleanup.policy=compact:delete.retention.ms=1209600000:min.cleanable.dirty.ratio=0.3,kyle.steiger@optum.com:chuck.chang@optum.com,ksteiger:tpanda:mbachu:gsingh20:cchan11,FULL
kaas.ATTPERF.RXS.IBY.IBY_DEBIT_AUTHORIZATIONS,,,*:*,nonprod-hemi-kafka-azure:iris-stage-azure,1,cleanup.policy=compact:delete.retention.ms=1209600000:min.cleanable.dirty.ratio=0.3,kyle.steiger@optum.com:chuck.chang@optum.com,ksteiger:tpanda:mbachu:gsingh20:cchan11,FULL
kaas.dpaas.ATTPERF.RXS.IBY.IBY_CREDITCARD,,,*:*,nonprod-hemi-kafka-azure:iris-stage-azure,8,cleanup.policy=compact:delete.retention.ms=1209600000:min.cleanable.dirty.ratio=0.3,kyle.steiger@optum.com:chuck.chang@optum.com,ksteiger:tpanda:mbachu:gsingh20:cchan11,
kaas.ATTPERF.RXS.IBY.IBY_PMT_INSTR_USES_ALL,,,*:*,nonprod-hemi-kafka-azure:iris-stage-azure,16,cleanup.policy=compact:delete.retention.ms=1209600000:min.cleanable.dirty.ratio=0.3,kyle.steiger@optum.com:chuck.chang@optum.com,ksteiger:tpanda:mbachu:gsingh20:cchan11,FULL 
kaas.ATTPERF.RXS.IBY.IBY_EXTERNAL_PAYERS_ALL,,,*:*,nonprod-hemi-kafka-azure:iris-stage-azure,8,cleanup.policy=compact:delete.retention.ms=1209600000:min.cleanable.dirty.ratio=0.3,kyle.steiger@optum.com:chuck.chang@optum.com,ksteiger:tpanda:mbachu:gsingh20:cchan11,FULL
kaas.dpaas.ATTPERF.RXS.IBY.IBY_EXT_BANK_ACCOUNTS,,,*:*,nonprod-hemi-kafka-azure:iris-stage-azure,16,cleanup.policy=compact:delete.retention.ms=1209600000:min.cleanable.dirty.ratio=0.3,kyle.steiger@optum.com:chuck.chang@optum.com,ksteiger:tpanda:mbachu:gsingh20:cchan11,
kaas.ATTPERF.RXS.IBY.IBY_ACCOUNT_OWNERS,,,*:*,nonprod-hemi-kafka-azure:iris-stage-azure,4,cleanup.policy=compact:delete.retention.ms=1209600000:min.cleanable.dirty.ratio=0.3,kyle.steiger@optum.com:chuck.chang@optum.com,ksteiger:tpanda:mbachu:gsingh20:cchan11,FULL
kaas.ATTPERF.RXS.ONT.OE_PAYMENTS,,,*:*,nonprod-hemi-kafka-azure:iris-stage-azure,75,cleanup.policy=compact:delete.retention.ms=1209600000:min.cleanable.dirty.ratio=0.3,manikrishna_bachu@optum.com:chuck.chang@optum.com,tpanda:mbachu:gsingh20:cchan11,FULL 
kaas.ATTPERF.RXS.ONT.OE_ORDER_HEADERS_ALL,,,*:*,nonprod-hemi-kafka-azure:iris-stage-azure,75,cleanup.policy=compact:delete.retention.ms=1209600000:min.cleanable.dirty.ratio=0.3,manikrishna_bachu@optum.com:chuck.chang@optum.com,tpanda:mbachu:gsingh20:cchan11,FULL 
kaas.ATTPERF.RXS.IBY.IBY_FNDCPT_TX_EXTENSIONS,,,*:*,nonprod-hemi-kafka-azure:iris-stage-azure,75,cleanup.policy=compact:delete.retention.ms=1209600000:min.cleanable.dirty.ratio=0.3,manikrishna_bachu@optum.com:chuck.chang@optum.com,tpanda:mbachu:gsingh20:cchan11,FULL 
kaas.ATTPERF.RXS.XXIRIS.XXIRIS_MED_COMMUNICATIONS,,,*:*,nonprod-hemi-kafka-azure:iris-stage-azure,75,cleanup.policy=compact:delete.retention.ms=1209600000:min.cleanable.dirty.ratio=0.3,manikrishna_bachu@optum.com:chuck.chang@optum.com,tpanda:mbachu:gsingh20:cchan11,FULL 
kaas.ATTPERF.RXS.XXIRIS.XXIRIS_MED_COMMUNICATION_DATA,,,*:*,nonprod-hemi-kafka-azure:iris-stage-azure,75,cleanup.policy=compact:delete.retention.ms=1209600000:min.cleanable.dirty.ratio=0.3,manikrishna_bachu@optum.com:chuck.chang@optum.com,tpanda:mbachu:gsingh20:cchan11,FULL 
kaas.ATTPERF.RXS.XXIRIS.XXIRIS_ORDER_EDD_DETAILS,,,*:*,nonprod-hemi-kafka-azure:iris-stage-azure,75,cleanup.policy=compact:delete.retention.ms=1209600000:min.cleanable.dirty.ratio=0.3,manikrishna_bachu@optum.com:chuck.chang@optum.com,tpanda:mbachu:gsingh20:cchan11,FULL 
kaas.ATTPERF.RXS.XXIRIS.XXIRIS_QOT_PRICE_CHK_L,,,*:*,nonprod-hemi-kafka-azure:iris-stage-azure,100,cleanup.policy=compact:delete.retention.ms=1209600000:min.cleanable.dirty.ratio=0.3,manikrishna_bachu@optum.com:chuck.chang@optum.com,tpanda:mbachu:gsingh20:cchan11,FULL 
