topic,producer-hosts,producer-cn,consumer-hosts,consumer-cn,partitions,config,email,ms-id,aha-id
hcp.prod.data.csp.claim-adjudication-process-code.v1,*,beam-streamit,*,csf-hcp-prod,100,cleanup.policy=compact:delete.retention.ms=1209600000:max.compaction.lag.ms=86400000:compression.type=gzip,STREAMIT_Team-1_DL@ds.uhc.com:joshua_t_crosby@optum.com,apatra6:lreile1:sprasa5:smanand2:agauta14:rkoshaba:eniels1,HCPFKAFKA-I-128
hcp.prod.data.csp.claim-adjudication-service-process-code.v1,*,beam-streamit,*,csf-hcp-prod,200,cleanup.policy=compact:delete.retention.ms=1209600000:max.compaction.lag.ms=86400000:compression.type=gzip,STREAMIT_Team-1_DL@ds.uhc.com:joshua_t_crosby@optum.com,apatra6:lreile1:sprasa5:smanand2:agauta14:rkoshaba:eniels1,HCPFKAFKA-I-128
hcp.prod.data.csp.claim-ambulance.v1,*,beam-streamit,*,csf-hcp-prod,100,cleanup.policy=compact:delete.retention.ms=1209600000:max.compaction.lag.ms=86400000:compression.type=gzip,STREAMIT_Team-1_DL@ds.uhc.com:joshua_t_crosby@optum.com,apatra6:lreile1:sprasa5:smanand2:agauta14:rkoshaba:eniels1,HCPFKAFKA-I-128
hcp.prod.data.csp.claim-grouper-output.v1,*,beam-streamit,*,csf-hcp-prod,50,cleanup.policy=compact:delete.retention.ms=1209600000:max.compaction.lag.ms=86400000:compression.type=gzip,STREAMIT_Team-1_DL@ds.uhc.com:joshua_t_crosby@optum.com,apatra6:lreile1:sprasa5:smanand2:agauta14:rkoshaba:eniels1,HCPFKAFKA-I-128
hcp.prod.data.csp.claim-other-payer.v1,*,beam-streamit,*,csf-hcp-prod,100,cleanup.policy=compact:delete.retention.ms=1209600000:max.compaction.lag.ms=86400000:compression.type=gzip,STREAMIT_Team-1_DL@ds.uhc.com:joshua_t_crosby@optum.com,apatra6:lreile1:sprasa5:smanand2:agauta14:rkoshaba:eniels1,HCPFKAFKA-I-128
hcp.prod.data.csp.claim-service-ambulance.v1,*,beam-streamit,*,csf-hcp-prod,50,cleanup.policy=compact:delete.retention.ms=1209600000:max.compaction.lag.ms=86400000:compression.type=gzip,STREAMIT_Team-1_DL@ds.uhc.com:joshua_t_crosby@optum.com,apatra6:lreile1:sprasa5:smanand2:agauta14:rkoshaba:eniels1,HCPFKAFKA-I-128
hcp.prod.data.csp.claim-service-line-accumulator.v1,*,beam-streamit,*,csf-hcp-prod,32,cleanup.policy=compact:delete.retention.ms=1209600000:max.compaction.lag.ms=86400000:compression.type=gzip,STREAMIT_Team-1_DL@ds.uhc.com:joshua_t_crosby@optum.com,apatra6:lreile1:sprasa5:smanand2:agauta14:rkoshaba:eniels1,HCPFKAFKA-I-128
hcp.prod.data.csp.claim-service-line.v1,*,beam-streamit,*,csf-hcp-prod,200,cleanup.policy=compact:delete.retention.ms=1209600000:max.compaction.lag.ms=86400000:compression.type=gzip,STREAMIT_Team-1_DL@ds.uhc.com:joshua_t_crosby@optum.com,apatra6:lreile1:sprasa5:smanand2:agauta14:rkoshaba:eniels1,HCPFKAFKA-I-128
hcp.prod.data.csp.claim-service-other-payer.v1,*,beam-streamit,*,csf-hcp-prod,100,cleanup.policy=compact:delete.retention.ms=1209600000:max.compaction.lag.ms=86400000:compression.type=gzip,STREAMIT_Team-1_DL@ds.uhc.com:joshua_t_crosby@optum.com,apatra6:lreile1:sprasa5:smanand2:agauta14:rkoshaba:eniels1,HCPFKAFKA-I-128
hcp.prod.data.csp.claim-service-pricing.v1,*,beam-streamit,*,csf-hcp-prod,200,cleanup.policy=compact:delete.retention.ms=1209600000:max.compaction.lag.ms=86400000:compression.type=gzip,STREAMIT_Team-1_DL@ds.uhc.com:joshua_t_crosby@optum.com,apatra6:lreile1:sprasa5:smanand2:agauta14:rkoshaba:eniels1,HCPFKAFKA-I-128
hcp.prod.data.csp.claim-transaction.v1,*,beam-streamit,*,csf-hcp-prod,200,cleanup.policy=compact:delete.retention.ms=1209600000:max.compaction.lag.ms=86400000:compression.type=gzip,STREAMIT_Team-1_DL@ds.uhc.com:joshua_t_crosby@optum.com,apatra6:lreile1:sprasa5:smanand2:agauta14:rkoshaba:eniels1,HCPFKAFKA-I-128
hcp.prod.data.csp.claim-transaction.v1.topic2,*,beam-streamit,*,csf-hcp-prod,200,cleanup.policy=compact:delete.retention.ms=1209600000:max.compaction.lag.ms=86400000:compression.type=gzip,STREAMIT_Team-1_DL@ds.uhc.com:joshua_t_crosby@optum.com,apatra6:lreile1:sprasa5:smanand2:agauta14:rkoshaba:eniels1,HCPFKAFKA-I-128
hcp.prod.data.csp.medicaid-entitlement.v2,*,beam-streamit,*:*:*,csf-hcp-prod:eligibility-api-consumer-csp:cspfacests-ram-dev-consumer,100,cleanup.policy=compact:delete.retention.ms=1209600000:max.compaction.lag.ms=86400000:compression.type=gzip,STREAMIT_Team-1_DL@ds.uhc.com:joshua_t_crosby@optum.com:nageswararao.v@optum.com:gaurav_bhatnagar2@optum.com:karthik_radhakrishnan@uhc.com,apatra6:lreile1:sprasa5:smanand2:agauta14:rkoshaba:eniels1,HCPFKAFKA-I-128
hcp.prod.data.csp.membership-pref.v1,*,beam-streamit,*:*:*:*,csf-hcp-prod:prod-c360-streams:eligibility-api-consumer-csp:c360-elr-eas-streams,1,cleanup.policy=compact:delete.retention.ms=1209600000:max.compaction.lag.ms=86400000:compression.type=gzip,STREAMIT_Team-1_DL@ds.uhc.com:joshua_t_crosby@optum.com:chiranjeevi-sivaa.rajaneni@optum.com:gowtham.parvataneni@optum.com:saridha.pandu@optum.com:narasimha.budideti@optum.com,apatra6:lreile1:sprasa5:smanand2:agauta14:rkoshaba:eniels1,HCPFKAFKA-I-128
hcp.prod.data.csp.membership.v1,*,beam-streamit,*:*:*:*:*:*,prod-c360-streams:csf-hcp-prod:ebaas-cspfacets-prod:prod-imdm-streams:eligibility-api-consumer-csp:cspfacests-ram-dev-consumer,50,cleanup.policy=compact:delete.retention.ms=1209600000:max.compaction.lag.ms=86400000:compression.type=gzip,STREAMIT_Team-1_DL@ds.uhc.com:joshua_t_crosby@optum.com:ashok_k_reddy@optum.com:lakshman_jangir@optum.com:chiranjeevi-sivaa.rajaneni@optum.com:gowtham.parvataneni@optum.com:saridha.pandu@optum.com:narasimha.budideti@optum.com:nageswararao.v@optum.com:gaurav_bhatnagar2@optum.com:karthik_radhakrishnan@uhc.com,apatra6:lreile1:sprasa5:smanand2:agauta14:rkoshaba:eniels1,HCPFKAFKA-I-128
hcp.prod.data.csp.membership.v1.topic2,*,beam-streamit,*:*:*:*:*:*:*,prod-c360-streams:csf-hcp-prod:ebaas-cspfacets-prod:prod-imdm-streams:eligibility-api-consumer-csp:cspfacests-ram-dev-consumer:c360-elr-eas-streams,50,cleanup.policy=compact:delete.retention.ms=1209600000:max.compaction.lag.ms=86400000:compression.type=gzip,STREAMIT_Team-1_DL@ds.uhc.com:joshua_t_crosby@optum.com:ashok_k_reddy@optum.com:lakshman_jangir@optum.com:chiranjeevi-sivaa.rajaneni@optum.com:gowtham.parvataneni@optum.com:saridha.pandu@optum.com:narasimha.budideti@optum.com:nageswararao.v@optum.com:gaurav_bhatnagar2@optum.com:karthik_radhakrishnan@uhc.com,apatra6:lreile1:sprasa5:smanand2:agauta14:rkoshaba:eniels1,HCPFKAFKA-I-128
hcp.prod.data.csp.provider-selection.v1,*,beam-streamit,*:*:*,csf-hcp-prod:eligibility-api-consumer-csp:egp-csp-prd,100,cleanup.policy=compact:delete.retention.ms=1209600000:max.compaction.lag.ms=86400000:compression.type=gzip,STREAMIT_Team-1_DL@ds.uhc.com:joshua_t_crosby@optum.com,apatra6:lreile1:sprasa5:smanand2:agauta14:rkoshaba:eniels1,HCPFKAFKA-I-128
hcp.prod.data.csp.provider.v1,*,beam-streamit,*,csf-hcp-prod,8,cleanup.policy=compact:delete.retention.ms=1209600000:max.compaction.lag.ms=86400000:compression.type=gzip,STREAMIT_Team-1_DL@ds.uhc.com:joshua_t_crosby@optum.com,apatra6:lreile1:sprasa5:smanand2:agauta14:rkoshaba:eniels1,HCPFKAFKA-I-128
hcp.prod.data.csp.service-adjudication-group.v1,*,beam-streamit,*,csf-hcp-prod,200,cleanup.policy=compact:delete.retention.ms=1209600000:max.compaction.lag.ms=86400000:compression.type=gzip,STREAMIT_Team-1_DL@ds.uhc.com:joshua_t_crosby@optum.com,apatra6:lreile1:sprasa5:smanand2:agauta14:rkoshaba:eniels1,HCPFKAFKA-I-128
hcp.prod.data.csp.source-individual.v1,*,beam-streamit,*:*:*:*,csf-hcp-prod:prod-imdm-streams:eligibility-api-consumer-csp:cspfacests-ram-dev-consumer,32,cleanup.policy=compact:delete.retention.ms=1209600000:max.compaction.lag.ms=86400000:compression.type=gzip,STREAMIT_Team-1_DL@ds.uhc.com:joshua_t_crosby@optum.com:ashok_k_reddy@optum.com:lakshman_jangir@optum.com:nageswararao.v@optum.com:gaurav_bhatnagar2@optum.com:karthik_radhakrishnan@uhc.com,apatra6:lreile1:sprasa5:smanand2:agauta14:rkoshaba:eniels1,HCPFKAFKA-I-128
hcp.prod.data.csp.source-individual.v1.topic2,*,beam-streamit,*:*:*:*,csf-hcp-prod:prod-imdm-streams:eligibility-api-consumer-csp:cspfacests-ram-dev-consumer,32,cleanup.policy=compact:delete.retention.ms=1209600000:max.compaction.lag.ms=86400000:compression.type=gzip,STREAMIT_Team-1_DL@ds.uhc.com:joshua_t_crosby@optum.com:ashok_k_reddy@optum.com:lakshman_jangir@optum.com:nageswararao.v@optum.com:gaurav_bhatnagar2@optum.com:karthik_radhakrishnan@uhc.com,apatra6:lreile1:sprasa5:smanand2:agauta14:rkoshaba:eniels1,HCPFKAFKA-I-128
hcp.prod.data.csp.membership-cob.v1,*,beam-streamit,*:*,csf-hcp-prod:eligibility-api-consumer-csp,32,cleanup.policy=compact:delete.retention.ms=1209600000:max.compaction.lag.ms=86400000:compression.type=gzip,STREAMIT_Team-1_DL@ds.uhc.com:joshua_t_crosby@optum.com:ashok_k_reddy@optum.com:lakshman_jangir@optum.com,apatra6:lreile1:sprasa5:smanand2:agauta14:rkoshaba:eniels1,HCPFKAFKA-I-129
hcp.prod.data.csp.claim-accumulator.v1,*,beam-streamit,*,csf-hcp-prod,50,cleanup.policy=compact:delete.retention.ms=1209600000:max.compaction.lag.ms=86400000:compression.type=gzip,STREAMIT_Team-1_DL@ds.uhc.com:joshua_t_crosby@optum.com,apatra6:lreile1:sprasa5:smanand2:agauta14:rkoshaba:eniels1,HCPFKAFKA-I-128
hcp.prod.data.csp.claim-transaction-status.v1,*,beam-streamit,*,csf-hcp-prod,50,cleanup.policy=compact:delete.retention.ms=1209600000:max.compaction.lag.ms=86400000:compression.type=gzip,STREAMIT_Team-1_DL@ds.uhc.com:joshua_t_crosby@optum.com,apatra6:lreile1:sprasa5:smanand2:agauta14:rkoshaba:eniels1,HCPFKAFKA-I-128
hcp.prod.data.csp.deadletter.source-individual.v1,*,beam-streamit,*:*,csf-hcp-prod:eligibility-api-consumer-csp,1,cleanup.policy=compact:delete.retention.ms=1209600000:max.compaction.lag.ms=86400000:compression.type=gzip,STREAMIT_Team-1_DL@ds.uhc.com,apatra6:lreile1:sprasa5:smanand2:agauta14:rkoshaba:eniels1,HCPFKAFKA-I-128
hcp.prod.data.csp.deadletter.membership.v1,*,beam-streamit,*:*:*:*,prod-c360-streams:csf-hcp-prod:ebaas-cspfacets-prod:eligibility-api-consumer-csp,1,cleanup.policy=compact:delete.retention.ms=1209600000:max.compaction.lag.ms=86400000:compression.type=gzip,STREAMIT_Team-1_DL@ds.uhc.com,apatra6:lreile1:sprasa5:smanand2:agauta14:rkoshaba:eniels1,HCPFKAFKA-I-128
hcp.prod.data.csp.deadletter.membership-pref.v1,*,beam-streamit,*:*:*,csf-hcp-prod:prod-c360-streams:eligibility-api-consumer-csp,1,cleanup.policy=compact:delete.retention.ms=1209600000:max.compaction.lag.ms=86400000:compression.type=gzip,STREAMIT_Team-1_DL@ds.uhc.com,apatra6:lreile1:sprasa5:smanand2:agauta14:rkoshaba:eniels1,HCPFKAFKA-I-128
hcp.prod.data.csp.deadletter.provider-selection.v1,*,beam-streamit,*:*,csf-hcp-prod:eligibility-api-consumer-csp,1,cleanup.policy=compact:delete.retention.ms=1209600000:max.compaction.lag.ms=86400000:compression.type=gzip,STREAMIT_Team-1_DL@ds.uhc.com,apatra6:lreile1:sprasa5:smanand2:agauta14:rkoshaba:eniels1,HCPFKAFKA-I-128
hcp.prod.data.csp.deadletter.medicaid-entitlement.v2,*,beam-streamit,*:*,csf-hcp-prod:eligibility-api-consumer-csp,1,cleanup.policy=compact:delete.retention.ms=1209600000:max.compaction.lag.ms=86400000:compression.type=gzip,STREAMIT_Team-1_DL@ds.uhc.com,apatra6:lreile1:sprasa5:smanand2:agauta14:rkoshaba:eniels1,HCPFKAFKA-I-128
hcp.prod.data.csp.deadletter.membership-cob.v1,*,beam-streamit,*:*,csf-hcp-prod:eligibility-api-consumer-csp,1,cleanup.policy=compact:delete.retention.ms=1209600000:max.compaction.lag.ms=86400000:compression.type=gzip,STREAMIT_Team-1_DL@ds.uhc.com,apatra6:lreile1:sprasa5:smanand2:agauta14:rkoshaba:eniels1,HCPFKAFKA-I-129
hcp.prod.data.csp.claim-adjudication-process-code_archive.v1,*,beam-streamit,*,csf-hcp-prod,100,cleanup.policy=compact:delete.retention.ms=1209600000:max.compaction.lag.ms=86400000:compression.type=gzip,STREAMIT_Team-1_DL@ds.uhc.com:joshua_t_crosby@optum.com,apatra6:lreile1:sprasa5:smanand2:agauta14:rkoshaba:eniels1,HCPFKAFKA-I-128
hcp.prod.data.csp.claim-adjudication-service-process-code_archive.v1,*,beam-streamit,*,csf-hcp-prod,200,cleanup.policy=compact:delete.retention.ms=1209600000:max.compaction.lag.ms=86400000:compression.type=gzip,STREAMIT_Team-1_DL@ds.uhc.com:joshua_t_crosby@optum.com,apatra6:lreile1:sprasa5:smanand2:agauta14:rkoshaba:eniels1,HCPFKAFKA-I-128
hcp.prod.data.csp.claim-ambulance_archive.v1,*,beam-streamit,*,csf-hcp-prod,100,cleanup.policy=compact:delete.retention.ms=1209600000:max.compaction.lag.ms=86400000:compression.type=gzip,STREAMIT_Team-1_DL@ds.uhc.com:joshua_t_crosby@optum.com,apatra6:lreile1:sprasa5:smanand2:agauta14:rkoshaba:eniels1,HCPFKAFKA-I-128
hcp.prod.data.csp.claim-grouper-output_archive.v1,*,beam-streamit,*,csf-hcp-prod,50,cleanup.policy=compact:delete.retention.ms=1209600000:max.compaction.lag.ms=86400000:compression.type=gzip,STREAMIT_Team-1_DL@ds.uhc.com:joshua_t_crosby@optum.com,apatra6:lreile1:sprasa5:smanand2:agauta14:rkoshaba:eniels1,HCPFKAFKA-I-128
hcp.prod.data.csp.claim-other-payer_archive.v1,*,beam-streamit,*,csf-hcp-prod,100,cleanup.policy=compact:delete.retention.ms=1209600000:max.compaction.lag.ms=86400000:compression.type=gzip,STREAMIT_Team-1_DL@ds.uhc.com:joshua_t_crosby@optum.com,apatra6:lreile1:sprasa5:smanand2:agauta14:rkoshaba:eniels1,HCPFKAFKA-I-128
hcp.prod.data.csp.claim-service-ambulance_archive.v1,*,beam-streamit,*,csf-hcp-prod,50,cleanup.policy=compact:delete.retention.ms=1209600000:max.compaction.lag.ms=86400000:compression.type=gzip,STREAMIT_Team-1_DL@ds.uhc.com:joshua_t_crosby@optum.com,apatra6:lreile1:sprasa5:smanand2:agauta14:rkoshaba:eniels1,HCPFKAFKA-I-128
hcp.prod.data.csp.claim-service-line-accumulator_archive.v1,*,beam-streamit,*,csf-hcp-prod,32,cleanup.policy=compact:delete.retention.ms=1209600000:max.compaction.lag.ms=86400000:compression.type=gzip,STREAMIT_Team-1_DL@ds.uhc.com:joshua_t_crosby@optum.com,apatra6:lreile1:sprasa5:smanand2:agauta14:rkoshaba:eniels1,HCPFKAFKA-I-128
hcp.prod.data.csp.claim-service-line_archive.v1,*,beam-streamit,*,csf-hcp-prod,200,cleanup.policy=compact:delete.retention.ms=1209600000:max.compaction.lag.ms=86400000:compression.type=gzip,STREAMIT_Team-1_DL@ds.uhc.com:joshua_t_crosby@optum.com,apatra6:lreile1:sprasa5:smanand2:agauta14:rkoshaba:eniels1,HCPFKAFKA-I-128
hcp.prod.data.csp.claim-service-other-payer_archive.v1,*,beam-streamit,*,csf-hcp-prod,100,cleanup.policy=compact:delete.retention.ms=1209600000:max.compaction.lag.ms=86400000:compression.type=gzip,STREAMIT_Team-1_DL@ds.uhc.com:joshua_t_crosby@optum.com,apatra6:lreile1:sprasa5:smanand2:agauta14:rkoshaba:eniels1,HCPFKAFKA-I-128
hcp.prod.data.csp.claim-service-pricing_archive.v1,*,beam-streamit,*,csf-hcp-prod,200,cleanup.policy=compact:delete.retention.ms=1209600000:max.compaction.lag.ms=86400000:compression.type=gzip,STREAMIT_Team-1_DL@ds.uhc.com:joshua_t_crosby@optum.com,apatra6:lreile1:sprasa5:smanand2:agauta14:rkoshaba:eniels1,HCPFKAFKA-I-128
hcp.prod.data.csp.claim-transaction_archive.v1,*,beam-streamit,*,csf-hcp-prod,200,cleanup.policy=compact:delete.retention.ms=1209600000:max.compaction.lag.ms=86400000:compression.type=gzip,STREAMIT_Team-1_DL@ds.uhc.com:joshua_t_crosby@optum.com,apatra6:lreile1:sprasa5:smanand2:agauta14:rkoshaba:eniels1,HCPFKAFKA-I-128
hcp.prod.data.csp.claim-transaction_archive.v1.topic2,*,beam-streamit,*,csf-hcp-prod,200,cleanup.policy=compact:delete.retention.ms=1209600000:max.compaction.lag.ms=86400000:compression.type=gzip,STREAMIT_Team-1_DL@ds.uhc.com:joshua_t_crosby@optum.com,apatra6:lreile1:sprasa5:smanand2:agauta14:rkoshaba:eniels1,HCPFKAFKA-I-128
hcp.prod.data.csp.medicaid-entitlement_archive.v2,*,beam-streamit,*:*,csf-hcp-prod:eligibility-api-consumer-csp,100,cleanup.policy=compact:delete.retention.ms=1209600000:max.compaction.lag.ms=86400000:compression.type=gzip,STREAMIT_Team-1_DL@ds.uhc.com:joshua_t_crosby@optum.com,apatra6:lreile1:sprasa5:smanand2:agauta14:rkoshaba:eniels1,HCPFKAFKA-I-128
hcp.prod.data.csp.membership-pref_archive.v1,*,beam-streamit,*:*:*,csf-hcp-prod:prod-c360-streams:eligibility-api-consumer-csp,1,cleanup.policy=compact:delete.retention.ms=1209600000:max.compaction.lag.ms=86400000:compression.type=gzip,STREAMIT_Team-1_DL@ds.uhc.com:joshua_t_crosby@optum.com:chiranjeevi-sivaa.rajaneni@optum.com:gowtham.parvataneni@optum.com:saridha.pandu@optum.com:narasimha.budideti@optum.com,apatra6:lreile1:sprasa5:smanand2:agauta14:rkoshaba:eniels1,HCPFKAFKA-I-128
hcp.prod.data.csp.membership_archive.v1,*,beam-streamit,*:*:*:*,prod-c360-streams:csf-hcp-prod:ebaas-cspfacets-prod:eligibility-api-consumer-csp,50,cleanup.policy=compact:delete.retention.ms=1209600000:max.compaction.lag.ms=86400000:compression.type=gzip,STREAMIT_Team-1_DL@ds.uhc.com:joshua_t_crosby@optum.com:ashok_k_reddy@optum.com:lakshman_jangir@optum.com:chiranjeevi-sivaa.rajaneni@optum.com:gowtham.parvataneni@optum.com:saridha.pandu@optum.com:narasimha.budideti@optum.com,apatra6:lreile1:sprasa5:smanand2:agauta14:rkoshaba:eniels1,HCPFKAFKA-I-128
hcp.prod.data.csp.provider-selection_archive.v1,*,beam-streamit,*:*,csf-hcp-prod:eligibility-api-consumer-csp,100,cleanup.policy=compact:delete.retention.ms=1209600000:max.compaction.lag.ms=86400000:compression.type=gzip,STREAMIT_Team-1_DL@ds.uhc.com:joshua_t_crosby@optum.com,apatra6:lreile1:sprasa5:smanand2:agauta14:rkoshaba:eniels1,HCPFKAFKA-I-128
hcp.prod.data.csp.provider_archive.v1,*,beam-streamit,*,csf-hcp-prod,100,cleanup.policy=compact:delete.retention.ms=1209600000:max.compaction.lag.ms=86400000:compression.type=gzip,STREAMIT_Team-1_DL@ds.uhc.com:joshua_t_crosby@optum.com,apatra6:lreile1:sprasa5:smanand2:agauta14:rkoshaba:eniels1,HCPFKAFKA-I-128
hcp.prod.data.csp.service-adjudication-group_archive.v1,*,beam-streamit,*,csf-hcp-prod,200,cleanup.policy=compact:delete.retention.ms=1209600000:max.compaction.lag.ms=86400000:compression.type=gzip,STREAMIT_Team-1_DL@ds.uhc.com:joshua_t_crosby@optum.com,apatra6:lreile1:sprasa5:smanand2:agauta14:rkoshaba:eniels1,HCPFKAFKA-I-128
hcp.prod.data.csp.source-individual_archive.v1,*,beam-streamit,*:*,csf-hcp-prod:eligibility-api-consumer-csp,32,cleanup.policy=compact:delete.retention.ms=1209600000:max.compaction.lag.ms=86400000:compression.type=gzip,STREAMIT_Team-1_DL@ds.uhc.com:joshua_t_crosby@optum.com:ashok_k_reddy@optum.com:lakshman_jangir@optum.com,apatra6:lreile1:sprasa5:smanand2:agauta14:rkoshaba:eniels1,HCPFKAFKA-I-128
hcp.prod.data.csp.membership-cob_archive.v1,*,beam-streamit,*:*,csf-hcp-prod:eligibility-api-consumer-csp,32,cleanup.policy=compact:delete.retention.ms=1209600000:max.compaction.lag.ms=86400000:compression.type=gzip,STREAMIT_Team-1_DL@ds.uhc.com:joshua_t_crosby@optum.com:ashok_k_reddy@optum.com:lakshman_jangir@optum.com,apatra6:lreile1:sprasa5:smanand2:agauta14:rkoshaba:eniels1,HCPFKAFKA-I-129
hcp.prod.data.csp.claim-accumulator_archive.v1,*,beam-streamit,*,csf-hcp-prod,50,cleanup.policy=compact:delete.retention.ms=1209600000:max.compaction.lag.ms=86400000:compression.type=gzip,STREAMIT_Team-1_DL@ds.uhc.com:joshua_t_crosby@optum.com,apatra6:lreile1:sprasa5:smanand2:agauta14:rkoshaba:eniels1,HCPFKAFKA-I-128
hcp.prod.data.csp.claim-transaction-status_archive.v1,*,beam-streamit,*,csf-hcp-prod,50,cleanup.policy=compact:delete.retention.ms=1209600000:max.compaction.lag.ms=86400000:compression.type=gzip,STREAMIT_Team-1_DL@ds.uhc.com:joshua_t_crosby@optum.com,apatra6:lreile1:sprasa5:smanand2:agauta14:rkoshaba:eniels1,HCPFKAFKA-I-128
hcp.prod.data.csp.deadletter.source-individual_archive.v1,*,beam-streamit,*:*,csf-hcp-prod:eligibility-api-consumer-csp,1,cleanup.policy=compact:delete.retention.ms=1209600000:max.compaction.lag.ms=86400000:compression.type=gzip,STREAMIT_Team-1_DL@ds.uhc.com,apatra6:lreile1:sprasa5:smanand2:agauta14:rkoshaba:eniels1,HCPFKAFKA-I-128
hcp.prod.data.csp.deadletter.membership_archive.v1,*,beam-streamit,*:*:*:*,prod-c360-streams:csf-hcp-prod:ebaas-cspfacets-prod:eligibility-api-consumer-csp,1,cleanup.policy=compact:delete.retention.ms=1209600000:max.compaction.lag.ms=86400000:compression.type=gzip,STREAMIT_Team-1_DL@ds.uhc.com,apatra6:lreile1:sprasa5:smanand2:agauta14:rkoshaba:eniels1,HCPFKAFKA-I-128
hcp.prod.data.csp.deadletter.membership-pref_archive.v1,*,beam-streamit,*:*:*,csf-hcp-prod:prod-c360-streams:eligibility-api-consumer-csp,1,cleanup.policy=compact:delete.retention.ms=1209600000:max.compaction.lag.ms=86400000:compression.type=gzip,STREAMIT_Team-1_DL@ds.uhc.com,apatra6:lreile1:sprasa5:smanand2:agauta14:rkoshaba:eniels1,HCPFKAFKA-I-128
hcp.prod.data.csp.deadletter.provider-selection_archive.v1,*,beam-streamit,*:*,csf-hcp-prod:eligibility-api-consumer-csp,1,cleanup.policy=compact:delete.retention.ms=1209600000:max.compaction.lag.ms=86400000:compression.type=gzip,STREAMIT_Team-1_DL@ds.uhc.com,apatra6:lreile1:sprasa5:smanand2:agauta14:rkoshaba:eniels1,HCPFKAFKA-I-128
hcp.prod.data.csp.deadletter.medicaid-entitlement_archive.v2,*,beam-streamit,*:*,csf-hcp-prod:eligibility-api-consumer-csp,1,cleanup.policy=compact:delete.retention.ms=1209600000:max.compaction.lag.ms=86400000:compression.type=gzip,STREAMIT_Team-1_DL@ds.uhc.com,apatra6:lreile1:sprasa5:smanand2:agauta14:rkoshaba:eniels1,HCPFKAFKA-I-128
hcp.prod.data.csp.deadletter.membership-cob_archive.v1,*,beam-streamit,*:*,csf-hcp-prod:eligibility-api-consumer-csp,1,cleanup.policy=compact:delete.retention.ms=1209600000:max.compaction.lag.ms=86400000:compression.type=gzip,STREAMIT_Team-1_DL@ds.uhc.com,apatra6:lreile1:sprasa5:smanand2:agauta14:rkoshaba:eniels1,HCPFKAFKA-I-129
hcp.prod.data.csp.deadletter.eligibility.v1,*,beam-streamit,*:*,csf-hcp-prod:eligibility-api-consumer-csp,1,cleanup.policy=compact:delete.retention.ms=1209600000:max.compaction.lag.ms=86400000:compression.type=gzip,STREAMIT_Team-1_DL@ds.uhc.com:joshua_t_crosby@optum.com:ashok_k_reddy@optum.com:lakshman_jangir@optum.com,apatra6:lreile1:sprasa5:smanand2:agauta14:rkoshaba:eniels1,HCPFKAFKA-I-128
hcp.prod.data.csp.eligibility.v1,*,beam-streamit,*:*:*:*,csf-hcp-prod:prod-imdm-streams:eligibility-api-consumer-csp:cspfacests-ram-dev-consumer,100,cleanup.policy=compact:delete.retention.ms=1209600001:max.compaction.lag.ms=86400000:compression.type=gzip,STREAMIT_Team-1_DL@ds.uhc.com:joshua_t_crosby@optum.com:ashok_k_reddy@optum.com:lakshman_jangir@optum.com:nageswararao.v@optum.com,apatra6:lreile1:sprasa5:smanand2:agauta14:rkoshaba:eniels1,HCPFKAFKA-I-128
hcp.prod.data.csp.eligibility.v1.topic2,*,beam-streamit,*:*:*:*:*,csf-hcp-prod:prod-imdm-streams:eligibility-api-consumer-csp:cspfacests-ram-dev-consumer:egp-csp-prd,100,cleanup.policy=compact:delete.retention.ms=1209600001:max.compaction.lag.ms=86400000:compression.type=gzip,STREAMIT_Team-1_DL@ds.uhc.com:joshua_t_crosby@optum.com:ashok_k_reddy@optum.com:lakshman_jangir@optum.com:nageswararao.v@optum.com,apatra6:lreile1:sprasa5:smanand2:agauta14:rkoshaba:eniels1,HCPFKAFKA-I-128
hcp.prod.data.csp.streamit-security.v1,*,beam-streamit,*,csf-hcp-prod,1,cleanup.policy=compact:delete.retention.ms=1209600000:max.compaction.lag.ms=86400000:compression.type=gzip,STREAMIT_Team-1_DL@ds.uhc.com:joshua_t_crosby@optum.com:ashok_k_reddy@optum.com:lakshman_jangir@optum.com,apatra6:lreile1:sprasa5:smanand2:agauta14:rkoshaba:eniels1,HCPFKAFKA-I-128
hcp.prod.data.csp.provider-cap.v1,*,beam-streamit,*:*,csf-hcp-prod:pdp-pes-prod,8,cleanup.policy=compact:delete.retention.ms=1209600000:max.compaction.lag.ms=86400000:compression.type=gzip,STREAMIT_Team-1_DL@ds.uhc.com:joshua_t_crosby@optum.com,apatra6:lreile1:sprasa5:smanand2:agauta14:rkoshaba:eniels1,HCPFKAFKA-I-128
hcp.prod.data.csp.claim-service-line.v1.tmp2,*,beam-streamit,*,csf-hcp-prod,200,cleanup.policy=compact:delete.retention.ms=3600001,STREAMIT_Team-1_DL@ds.uhc.com:joshua_t_crosby@optum.com,apatra6:lreile1:sprasa5:smanand2:agauta14:rkoshaba:eniels1,HCPFKAFKA-I-128
hcp.prod.data.csp.deadletter.source-individual.v1,*,beam-streamit,*:*,csf-hcp-prod:eligibility-api-consumer-csp,1,cleanup.policy=compact:delete.retention.ms=1209600000:max.compaction.lag.ms=86400000:compression.type=gzip,STREAMIT_Team-1_DL@ds.uhc.com,apatra6:lreile1:sprasa5:smanand2:agauta14:rkoshaba:eniels1,HCPFKAFKA-I-128
hcp.prod.data.csp.claim-transaction-extn.v1,*,beam-streamit,*,csf-hcp-prod,100,cleanup.policy=compact:delete.retention.ms=1209600000:max.compaction.lag.ms=86400000:compression.type=gzip,STREAMIT_Team-1_DL@ds.uhc.com:joshua_t_crosby@optum.com,apatra6:lreile1:sprasa5:smanand2:agauta14:rkoshaba:eniels1,HCPFKAFKA-I-128
hcp.prod.data.csp.claim-transaction-standardized-attribute.v1,*,beam-streamit,*,csf-hcp-prod,100,cleanup.policy=compact:delete.retention.ms=1209600000:max.compaction.lag.ms=86400000:compression.type=gzip,STREAMIT_Team-1_DL@ds.uhc.com:joshua_t_crosby@optum.com,apatra6:lreile1:sprasa5:smanand2:agauta14:rkoshaba:eniels1,HCPFKAFKA-I-128
hcp.prod.data.csp.claim-transaction-standardized-attribute_archive.v1,*,beam-streamit,*,csf-hcp-prod,100,cleanup.policy=compact:delete.retention.ms=1209600000:max.compaction.lag.ms=86400000:compression.type=gzip,STREAMIT_Team-1_DL@ds.uhc.com:joshua_t_crosby@optum.com,apatra6:lreile1:sprasa5:smanand2:agauta14:rkoshaba:eniels1,HCPFKAFKA-I-128
hcp.prod.data.csp.claim-service-line-extension.v1,*,beam-streamit,*,csf-hcp-prod,200,cleanup.policy=compact:delete.retention.ms=1209600000:max.compaction.lag.ms=86400000:compression.type=gzip,STREAMIT_Team-1_DL@ds.uhc.com:joshua_t_crosby@optum.com,apatra6:lreile1:sprasa5:smanand2:agauta14:rkoshaba:eniels1,HCPFKAFKA-I-128
hcp.prod.data.csp.membership.tmp1,*,beam-streamit,*,csf-hcp-prod,50,cleanup.policy=compact:delete.retention.ms=1209600000:max.compaction.lag.ms=86400000:compression.type=gzip,STREAMIT_Team-1_DL@ds.uhc.com,apatra6:lreile1:sprasa5:smanand2:agauta14:rkoshaba:eniels1,HCPFKAFKA-I-128
hcp.prod.data.csp.eligibility.tmp1,*,beam-streamit,*,csf-hcp-prod,100,cleanup.policy=compact:delete.retention.ms=1209600000:max.compaction.lag.ms=86400000:compression.type=gzip,STREAMIT_Team-1_DL@ds.uhc.com,apatra6:lreile1:sprasa5:smanand2:agauta14:rkoshaba:eniels1,HCPFKAFKA-I-128
hcp.prod.data.csp.ecap-benefit.v1,*,beam-streamit,*,csf-hcp-prod,1,cleanup.policy=compact:delete.retention.ms=1209600001:max.compaction.lag.ms=86400000:compression.type=gzip,STREAMIT_Team-1_DL@ds.uhc.com,apatra6:lreile1:sprasa5:smanand2:agauta14:rkoshaba:eniels1,HCPFKAFKA-I-128
hcp.prod.data.csp.benefit-administration.v1,*,beam-streamit,*:*,csf-hcp-prod:cspfacests-ram-dev-consumer,32,cleanup.policy=compact:delete.retention.ms=1209600000:max.compaction.lag.ms=86400000:compression.type=gzip,STREAMIT_Team-1_DL@ds.uhc.com:joshua_t_crosby@optum.com:nageswararao.v@optum.com,apatra6:lreile1:sprasa5:smanand2:agauta14:rkoshaba:eniels1,HCPFKAFKA-I-128
hcp.prod.data.csp.ecap-benefit.v3,*,beam-streamit,*,csf-hcp-prod,1,cleanup.policy=compact:delete.retention.ms=1209600001:max.compaction.lag.ms=86400000:compression.type=gzip,STREAMIT_Team-1_DL@ds.uhc.com,apatra6:lreile1:sprasa5:smanand2:agauta14:rkoshaba:eniels1,HCPFKAFKA-I-128
hcp.prod.data.csp.product-component.v1,*,beam-streamit,*,csf-hcp-prod,1,cleanup.policy=compact:delete.retention.ms=1209600001:max.compaction.lag.ms=86400000:compression.type=gzip,STREAMIT_Team-1_DL@ds.uhc.com,apatra6:lreile1:sprasa5:smanand2:agauta14:rkoshaba:eniels1,HCPFKAFKA-I-128
hcp.prod.data.csp.provider-selection.v1.topic2,*,beam-streamit,*:*:*,csf-hcp-prod:eligibility-api-consumer-csp:egp-csp-prd,100,cleanup.policy=compact:delete.retention.ms=1209600000:max.compaction.lag.ms=86400000:compression.type=gzip,STREAMIT_Team-1_DL@ds.uhc.com:joshua_t_crosby@optum.com,apatra6:lreile1:sprasa5:smanand2:agauta14:rkoshaba:eniels1,HCPFKAFKA-I-128
